filename,line_total,line_covered,line_percent,branch_total,branch_covered,branch_percent,function_total,function_covered,function_percent,ACC,ACCM,AMLOC,ANPM,CBO,LCOM4,MMLOC,NOA,NOM,RFC,SC,LOCCOM,NMC,NMCI,NMCE,WMC,AMC,NSM
examples/cpi.c,31,0,0.0,6,0,0.0,2,0,0.0,0,'3.5',24,'1.5',2,1,'44',0,2,5,2,5,0,0,35,5.0,2.5,35
modules/json-c/arraylist.c,64,0,0.0,38,0,0.0,10,0,0.0,1,'3.7','9.1',2,1,8,'22',0,10,35,8,11,31,0,31,29.0,2.9,0
modules/json-c/debug.c,22,0,0.0,2,0,0.0,6,0,0.0,0,2,'4.83333333333333','1.5',0,4,'9',2,6,10,0,10,0,0,16,7.199999999999999,1.2,16
modules/json-c/json_c_version.c,4,0,0.0,0,0,,2,0,0.0,0,2,4,1,0,2,'4',0,2,2,0,6,6,0,6,2.0,1.0,0
modules/json-c/json_object.c,779,81,0.104,487,24,0.049,78,13,0.1669999999999999,24,'4.58227848101266','16.379746835443','2.13924050632911',8,4,'93',21,79,400,32,112,1,1,320,328.0,4.1,321
modules/json-c/json_object_iterator.c,30,0,0.0,0,0,,7,0,0.0,0,2,'9.71428571428571','1.14285714285714',2,1,'15',2,7,21,2,76,8,0,8,7.0,1.0,0
modules/json-c/json_pointer.c,177,0,0.0,94,0,0.0,9,0,0.0,1,'7.33333333333333','32.3333333333333','3.22222222222222',1,1,'52',0,9,29,1,30,110,0,110,55.8,6.2,0
modules/json-c/json_tokener.c,533,134,0.251,537,55,0.102,13,8,0.615,14,'19.7692307692308','67.3846153846154','1.46153846153846',4,2,'754',25,13,83,8,107,0,0,261,236.6,18.2,261
modules/json-c/json_util.c,100,0,0.0,40,0,0.0,12,0,0.0,6,'2.25','13.5',2,3,3,'42',2,12,37,9,16,93,0,93,36.4,2.8,0
modules/json-c/json_visit.c,52,0,0.0,38,0,0.0,2,0,0.0,2,16,'56.5',5,1,1,'98',0,2,6,1,14,0,0,17,34.0,17.0,17
modules/json-c/linkhash.c,188,124,0.66,89,49,0.551,20,11,0.55,1,'6.28571428571429','20.4761904761905','2.14285714285714',3,2,'178',1,21,101,6,163,46,0,46,126.0,6.3,0
modules/json-c/printbuf.c,70,37,0.529,30,9,0.3,7,5,0.7140000000000001,6,'2.42857142857143','15.1428571428571','2.14285714285714',0,1,'27',3,7,27,0,27,42,0,42,23.1,3.3,0
modules/json-c/random_seed.c,22,14,0.636,8,4,0.5,4,3,0.75,1,3,'9.5',1,0,1,'13',0,2,3,0,23,0,0,23,23.0,2.3,23
modules/json-c/vasprintf_compat.h,14,0,0.0,8,0,0.0,1,0,0.0,0,6,34,3,0,1,'34',0,1,1,0,0,0,0,6,6.0,6.0,6
modules/libfabric/include/osx/osd.h,28,16,0.5710000000000001,6,2,0.3329999999999999,11,6,0.545,0,2,'4.04','2.92',0,23,'9',0,25,27,0,0,441,0,441,28.8,1.2,0
modules/libfabric/include/unix/osd.h,41,25,0.61,46,1,0.022,33,9,0.273,0,'2.04761904761905','3.61904761904762','1.80952380952381',0,21,'11',4,21,21,0,0,25,0,25,24.0,1.5,0
modules/libfabric/prov/coll/src/coll_av.c,42,0,0.0,20,0,0.0,2,0,0.0,0,'5.5',29,'2.5',1,2,'45',2,2,8,2,31,1118,0,1118,10.0,5.0,0
modules/libfabric/prov/coll/src/coll_av_set.c,147,0,0.0,60,0,0.0,8,0,0.0,0,'5.25','25.375','2.125',1,8,'57',2,8,12,8,31,1128,0,1128,32.0,4.0,0
modules/libfabric/prov/coll/src/coll_coll.c,737,0,0.0,255,0,0.0,33,0,0.0,1,'6.48484848484848','37.3636363636364','4.03030303030303',1,4,'138',1,33,99,4,98,1247,0,1247,174.9,5.3,0
modules/libfabric/prov/coll/src/coll_cq.c,39,0,0.0,18,0,0.0,2,0,0.0,0,5,'28.5','2.5',0,2,'43',2,2,4,0,31,1117,0,1117,9.0,4.5,0
modules/libfabric/prov/coll/src/coll_domain.c,35,0,0.0,16,0,0.0,2,0,0.0,0,'2.5','27.5',3,1,2,'41',3,2,9,2,31,1117,0,1117,8.0,4.0,0
modules/libfabric/prov/coll/src/coll_ep.c,57,0,0.0,22,0,0.0,4,0,0.0,0,'2.25','21.5','2.75',2,4,'60',5,4,21,8,31,1124,0,1124,12.8,3.2,0
modules/libfabric/prov/coll/src/coll_eq.c,34,0,0.0,18,0,0.0,2,0,0.0,0,5,25,'2.5',1,2,'36',2,2,5,2,31,1117,0,1117,9.0,4.5,0
modules/libfabric/prov/coll/src/coll_fabric.c,27,0,0.0,6,0,0.0,2,0,0.0,0,4,19,2,2,2,'24',2,2,6,4,31,1109,0,1109,5.0,2.5,0
modules/libfabric/prov/coll/src/coll_init.c,11,2,0.182,4,0,0.0,3,1,0.3329999999999999,0,'2.5','7.5','3.5',1,2,'12',2,2,3,2,31,1105,0,1105,4.0,2.0,0
modules/libfabric/prov/hook/dmabuf_peer_mem/src/hook_dmabuf_peer_mem.c,189,4,0.021,61,0,0.0,15,1,0.067,0,'3.92857142857143','22.2142857142857','3.21428571428571',0,4,'73',8,14,33,0,95,0,0,38,39.2,2.8,38
modules/libfabric/prov/hook/hook_debug/src/hook_debug.c,537,30,0.0559999999999999,207,0,0.0,47,1,0.021,0,'3.45652173913043','16.7391304347826','3.91304347826087',0,6,'63',29,46,121,0,42,0,0,45,119.6,2.6,45
modules/libfabric/prov/hook/hook_hmem/src/hook_hmem.c,1130,7,0.006,290,0,0.0,74,1,0.0139999999999999,0,'4.08219178082192','22.2739726027397','5.38356164383562',0,23,'94',17,73,178,0,60,0,0,196,219.0,3.0,196
modules/libfabric/prov/hook/perf/src/hook_perf.c,384,5,0.013,6,0,0.0,49,1,0.02,0,'2.04166666666667','10.8333333333333','4.29166666666667',0,8,'30',11,48,96,0,214,0,0,10,48.0,1.0,10
modules/libfabric/prov/hook/src/hook.c,120,2,0.017,44,0,0.0,10,1,0.1,8,'6.33333333333333','20.3333333333333','2.66666666666667',1,4,'47',5,9,19,4,32,883,0,883,48.6,5.4,0
modules/libfabric/prov/hook/src/hook_av.c,44,0,0.0,4,0,0.0,7,0,0.0,0,'2.28571428571429',10,'5.14285714285714',2,7,'25',1,7,10,14,31,0,0,10,9.1,1.3,10
modules/libfabric/prov/hook/src/hook_cm.c,32,0,0.0,0,0,,9,0,0.0,1,2,'5.88888888888889','3.11111111111111',1,9,'7',1,9,11,9,31,0,0,11,9.0,1.0,11
modules/libfabric/prov/hook/src/hook_cntr.c,57,0,0.0,8,0,0.0,8,0,0.0,0,'2.75','10.25','2.125',2,8,'40',1,8,12,16,31,0,0,14,12.0,1.5,14
modules/libfabric/prov/hook/src/hook_cq.c,65,0,0.0,10,0,0.0,9,0,0.0,0,'2.77777777777778','10.6666666666667',4,2,8,'26',1,9,15,16,31,0,0,15,14.4,1.6,15
modules/libfabric/prov/hook/src/hook_domain.c,113,0,0.0,16,0,0.0,13,0,0.0,6,'2.76923076923077','13.3846153846154','4.15384615384615',1,4,'27',4,13,28,4,35,0,0,20,20.8,1.6,20
modules/libfabric/prov/hook/src/hook_ep.c,157,0,0.0,36,0,0.0,14,0,0.0,0,'3.42857142857143','16.5','4.35714285714286',4,4,'26',1,14,43,16,31,0,0,28,32.2,2.3,28
modules/libfabric/prov/hook/src/hook_eq.c,63,0,0.0,18,0,0.0,9,0,0.0,0,'2.66666666666667','10.6666666666667','3.88888888888889',1,5,'25',1,9,17,5,36,0,0,9,18.0,2.0,9
modules/libfabric/prov/hook/src/hook_wait.c,71,0,0.0,16,0,0.0,7,0,0.0,0,'3.14285714285714','14.2857142857143','2.85714285714286',2,7,'24',2,7,15,14,31,0,0,14,14.7,2.1,14
modules/libfabric/prov/hook/src/hook_xfer.c,183,0,0.0,0,0,,40,0,0.0,1,2,'8.4','6.85',0,40,'15',4,40,40,0,31,0,0,40,40.0,1.0,40
modules/libfabric/prov/hook/trace/src/hook_trace.c,682,4,0.006,282,0,0.0,81,1,0.012,0,'2.2875','13.2','5.5625',0,69,'36',21,80,104,0,42,0,0,40,132.8,1.6,40
modules/libfabric/prov/mrail/src/mrail.h,67,0,0.0,28,0,0.0,13,0,0.0,7,'4.66666666666667','31.4285714285714','2.28571428571429',3,5,'98',134,21,139,15,0,0,0,18,20.0,2.0,18
modules/libfabric/prov/mrail/src/mrail_av.c,113,0,0.0,34,0,0.0,9,0,0.0,0,'4.11111111111111','20.1111111111111','4.44444444444444',1,8,'67',2,9,32,8,39,1157,0,1157,25.2,2.8,0
modules/libfabric/prov/mrail/src/mrail_cq.c,407,0,0.0,160,0,0.0,18,0,0.0,3,'3.83333333333333','33.5','2.16666666666667',2,1,'69',2,18,174,2,61,1283,0,1283,79.2,4.4,0
modules/libfabric/prov/mrail/src/mrail_domain.c,229,0,0.0,69,0,0.0,12,0,0.0,0,'4.91666666666667','27.5','3.58333333333333',1,6,'52',4,12,77,6,34,1180,0,1180,44.400000000000006,3.7,0
modules/libfabric/prov/mrail/src/mrail_ep.c,609,0,0.0,155,0,0.0,42,0,0.0,2,'3.35714285714286','21.1904761904762','3.9047619047619',2,9,'98',5,42,264,18,42,1280,0,1280,113.4,2.7,0
modules/libfabric/prov/mrail/src/mrail_fabric.c,50,0,0.0,18,0,0.0,2,0,0.0,0,'7.5',35,2,2,1,'50',2,2,14,2,31,1144,0,1144,11.0,5.5,0
modules/libfabric/prov/mrail/src/mrail_init.c,310,41,0.132,166,8,0.048,10,4,0.4,0,'10.8888888888889','51.1111111111111','2.77777777777778',2,1,'104',9,9,33,2,61,0,0,68,80.10000000000001,8.9,68
modules/libfabric/prov/mrail/src/mrail_rma.c,220,0,0.0,46,0,0.0,15,0,0.0,0,'3.4','23.8666666666667','3.6',2,2,'74',1,15,92,4,57,1181,0,1181,34.5,2.3,0
modules/libfabric/prov/rstream/src/rstream.h,1,0,0.0,6,0,0.0,3,0,0.0,7,'2.72727272727273','29.3636363636364','3.09090909090909',2,3,'69',70,11,80,6,0,1100,0,1100,0.0,0.0,0
modules/libfabric/prov/rstream/src/rstream_attr.c,10,0,0.0,0,0,,1,0,0.0,1,2,11,1,0,1,'11',6,1,4,0,33,1100,0,1100,1.0,1.0,0
modules/libfabric/prov/rstream/src/rstream_cm.c,79,0,0.0,32,0,0.0,10,0,0.0,2,'2.8','11.8','2.6',1,7,'20',2,10,43,7,31,1121,0,1121,23.0,2.3,0
modules/libfabric/prov/rstream/src/rstream_domain.c,44,0,0.0,14,0,0.0,2,0,0.0,0,7,'30.5','2.5',1,2,'42',3,2,12,2,31,1109,0,1109,9.0,4.5,0
modules/libfabric/prov/rstream/src/rstream_ep.c,247,0,0.0,87,0,0.0,12,0,0.0,0,'5.5','29.0833333333333','2.75',2,9,'69',3,12,120,18,32,1167,0,1167,50.400000000000006,4.2,0
modules/libfabric/prov/rstream/src/rstream_eq.c,116,0,0.0,28,0,0.0,9,0,0.0,0,'3.55555555555556','19.3333333333333','3.66666666666667',1,6,'36',2,9,45,6,33,1124,0,1124,25.2,2.8,0
modules/libfabric/prov/rstream/src/rstream_fabric.c,63,0,0.0,22,0,0.0,4,0,0.0,0,3,'22.25','2.5',1,4,'43',2,4,14,4,31,1119,0,1119,12.8,3.2,0
modules/libfabric/prov/rstream/src/rstream_init.c,92,0,0.0,22,0,0.0,8,0,0.0,0,'3.14285714285714','16.7142857142857','2.57142857142857',1,2,'48',3,7,17,2,33,0,0,18,16.8,2.4,18
modules/libfabric/prov/rstream/src/rstream_msg.c,429,0,0.0,170,0,0.0,38,0,0.0,0,'3.78947368421053',17,'2.23684210526316',1,4,'66',1,38,187,4,37,1,0,97,121.6,3.2,97
modules/libfabric/prov/rxd/src/rxd.h,66,0,0.0,14,0,0.0,19,0,0.0,11,'3.47887323943662','19.9577464788732','2.90140845070423',8,16,'71',127,71,497,128,0,1098,0,1098,27.3,1.3,0
modules/libfabric/prov/rxd/src/rxd_atomic.c,276,0,0.0,56,0,0.0,16,0,0.0,0,'3.9375',27,'9.5625',5,2,'62',1,16,70,10,31,1185,0,1185,43.2,2.7,0
modules/libfabric/prov/rxd/src/rxd_av.c,279,0,0.0,114,0,0.0,15,0,0.0,0,'5.73333333333333','25.9333333333333','3.8',2,9,'85',2,15,70,18,39,1201,0,1201,61.49999999999999,4.1,0
modules/libfabric/prov/rxd/src/rxd_cntr.c,60,0,0.0,38,0,0.0,3,0,0.0,0,'5.33333333333333','27.3333333333333',3,3,2,'45',0,3,9,6,31,1113,0,1113,20.1,6.7,0
modules/libfabric/prov/rxd/src/rxd_cq.c,837,0,0.0,387,0,0.0,44,0,0.0,5,'4.27272727272727','27.6818181818182','3.70454545454545',4,6,'64',2,44,429,24,40,1437,0,1437,202.4,4.6,0
modules/libfabric/prov/rxd/src/rxd_domain.c,67,0,0.0,20,0,0.0,3,0,0.0,0,'2.66666666666667','32.6666666666667','3.33333333333333',3,3,'68',3,3,25,9,31,1119,0,1119,11.1,3.7,0
modules/libfabric/prov/rxd/src/rxd_ep.c,781,0,0.0,275,0,0.0,53,0,0.0,6,'3.28301886792453','21.2641509433962','2.60377358490566',7,15,'78',3,53,408,105,35,1379,0,1379,169.60000000000002,3.2,0
modules/libfabric/prov/rxd/src/rxd_fabric.c,42,0,0.0,14,0,0.0,2,0,0.0,3,3,29,2,2,1,'41',2,2,12,2,31,1113,0,1113,8.0,4.0,0
modules/libfabric/prov/rxd/src/rxd_init.c,57,46,0.807,14,4,0.286,7,6,0.857,9,'2.22222222222222','8.44444444444444','2.44444444444444',1,6,'27',4,9,19,6,35,0,0,18,12.0,2.0,18
modules/libfabric/prov/rxd/src/rxd_msg.c,308,0,0.0,96,0,0.0,19,0,0.0,1,'4.52631578947368','24.8421052631579','5.52631578947368',5,2,'71',1,19,144,10,31,1197,0,1197,66.5,3.5,0
modules/libfabric/prov/rxd/src/rxd_rma.c,205,0,0.0,40,0,0.0,12,0,0.0,2,'4.16666666666667','24.9166666666667','7.58333333333333',4,1,'49',1,12,58,4,31,1156,0,1156,33.599999999999994,2.8,0
modules/libfabric/prov/rxd/src/rxd_tagged.c,76,0,0.0,0,0,,9,0,0.0,2,2,'13.7777777777778','6.11111111111111',1,9,'16',1,9,24,9,31,1121,0,1121,9.0,1.0,0
modules/libfabric/prov/rxm/src/rxm.h,119,0,0.0,48,0,0.0,22,0,0.0,12,'2.45945945945946','28.7567567567568','3.16216216216216',8,7,'137',318,74,527,56,0,1151,0,1151,38.0,2.0,0
modules/libfabric/prov/rxm/src/rxm_atomic.c,308,0,0.0,74,0,0.0,20,0,0.0,2,'3.25','25.55','8.05',1,2,'102',1,20,93,2,35,1229,0,1229,52.0,2.6,0
modules/libfabric/prov/rxm/src/rxm_conn.c,626,0,0.0,352,0,0.0,28,0,0.0,1,'6.96428571428571','34.6071428571429','1.64285714285714',1,2,'109',3,28,264,2,77,1583,0,1583,162.4,5.8,0
modules/libfabric/prov/rxm/src/rxm_cq.c,1218,0,0.0,492,0,0.0,58,0,0.0,1,'5.67241379310345','31.6206896551724','2.37931034482759',1,8,'134',6,58,645,8,89,1604,0,1604,290.0,5.0,0
modules/libfabric/prov/rxm/src/rxm_domain.c,555,0,0.0,187,0,0.0,37,0,0.0,1,'4.51351351351351','21.6756756756757','3.16216216216216',1,26,'113',10,37,176,26,42,1312,0,1312,122.1,3.3,0
modules/libfabric/prov/rxm/src/rxm_ep.c,1208,0,0.0,503,0,0.0,70,0,0.0,1,'4.95714285714286','25.1',3,4,15,'137',9,70,500,60,70,1480,0,1480,301.0,4.3,0
modules/libfabric/prov/rxm/src/rxm_eq.c,56,0,0.0,22,0,0.0,2,0,0.0,0,9,40,'2.5',1,2,'52',1,2,12,2,31,1162,0,1162,13.0,6.5,0
modules/libfabric/prov/rxm/src/rxm_fabric.c,95,0,0.0,38,0,0.0,5,0,0.0,0,'6.2','27.4','1.8',1,1,'56',2,5,28,1,31,1185,0,1185,23.0,4.6,0
modules/libfabric/prov/rxm/src/rxm_hmem.c,45,0,0.0,19,0,0.0,2,0,0.0,1,'5.5',31,6,1,1,'38',0,2,6,1,18,1158,0,1158,10.0,5.0,0
modules/libfabric/prov/rxm/src/rxm_init.c,385,166,0.431,204,54,0.265,14,11,0.7859999999999999,2,'5.16666666666667',29,'2.16666666666667',1,7,'82',15,18,55,7,72,0,0,75,100.1,7.7,75
modules/libfabric/prov/rxm/src/rxm_msg.c,645,0,0.0,158,0,0.0,34,0,0.0,3,'4.11764705882353','27.5','6.5',1,12,'88',2,34,277,12,43,1316,0,1316,112.2,3.3,0
modules/libfabric/prov/rxm/src/rxm_rma.c,399,0,0.0,92,0,0.0,25,0,0.0,0,'4.2','24.88','6.24',1,10,'51',2,25,151,10,32,1254,0,1254,67.5,2.7,0
modules/libfabric/prov/rxm/src/rxm_tagged.c,332,0,0.0,60,0,0.0,22,0,0.0,0,4,'22.5','6.27272727272727',2,16,'74',2,22,119,32,34,1248,0,1248,50.6,2.3,0
modules/libfabric/prov/sockets/include/sock.h,2,2,1.0,0,0,,1,1,1.0,1,2,'1.0234375','2.7265625',0,128,'4',535,128,130,0,0,1089,0,1089,1.0,1.0,0
modules/libfabric/prov/sockets/include/sock_util.h,4,2,0.5,0,0,,2,1,0.5,0,3,11,2,1,2,'11',16,2,5,2,0,1089,0,1089,8.0,4.0,0
modules/libfabric/prov/sockets/src/sock_atomic.c,279,119,0.427,83,35,0.422,15,6,0.4,2,'6.53333333333333',33,'8.46666666666667',4,2,'190',1,15,36,8,33,1151,0,1151,88.5,5.9,0
modules/libfabric/prov/sockets/src/sock_av.c,419,190,0.4529999999999999,211,57,0.27,19,12,0.632,2,'5.89473684210526','29.8947368421053','3.78947368421053',3,8,'113',3,19,39,24,39,1238,0,1238,110.2,5.8,0
modules/libfabric/prov/sockets/src/sock_cntr.c,357,184,0.515,122,41,0.336,18,11,0.611,5,'6.27777777777778','28.3888888888889','1.83333333333333',6,10,'100',3,18,49,60,38,1219,0,1219,91.8,5.1,0
modules/libfabric/prov/sockets/src/sock_comm.c,130,110,0.846,60,47,0.7829999999999999,10,9,0.9,2,'4.1','17.6','2.1',0,5,'28',0,10,17,0,33,1120,0,1120,35.0,3.5,0
modules/libfabric/prov/sockets/src/sock_conn.c,367,260,0.708,160,61,0.381,16,14,0.875,5,'6.94117647058824','33.2352941176471','1.64705882352941',4,5,'126',0,17,51,20,39,1290,0,1290,83.30000000000001,4.9,0
modules/libfabric/prov/sockets/src/sock_cq.c,455,263,0.578,167,55,0.3289999999999999,27,20,0.741,4,'5.55555555555556','24.5185185185185','2.88888888888889',3,11,'117',3,27,60,33,33,1231,0,1231,121.5,4.5,0
modules/libfabric/prov/sockets/src/sock_ctx.c,118,101,0.856,21,11,0.524,13,11,0.846,6,'2.92307692307692','13.2307692307692','3.46153846153846',2,7,'55',0,13,22,14,32,1144,0,1144,23.4,1.8,0
modules/libfabric/prov/sockets/src/sock_dom.c,92,56,0.609,30,9,0.3,6,4,0.667,7,'5.33333333333333','23.5','3.16666666666667',7,3,'67',3,6,30,21,32,1121,0,1121,22.8,3.8,0
modules/libfabric/prov/sockets/src/sock_ep.c,1235,464,0.376,663,153,0.231,43,22,0.512,10,'8.51162790697674','38.5581395348837','2.67441860465116',11,14,'190',9,43,152,154,46,1423,0,1423,373.50000000000006,8.3,0
modules/libfabric/prov/sockets/src/sock_ep_dgram.c,18,0,0.0,4,0,0.0,2,0,0.0,1,3,13,4,1,2,'13',0,2,4,2,31,1091,0,1091,4.0,2.0,0
modules/libfabric/prov/sockets/src/sock_ep_msg.c,795,77,0.0969999999999999,409,19,0.046,41,7,0.171,2,'5.90243902439024','28.0975609756098','2.36585365853659',5,9,'96',4,41,110,45,59,1512,0,1512,196.8,4.8,0
modules/libfabric/prov/sockets/src/sock_ep_rdm.c,18,8,0.444,4,1,0.25,2,1,0.5,1,3,13,4,1,2,'13',0,2,4,2,31,1091,0,1091,4.0,2.0,0
modules/libfabric/prov/sockets/src/sock_eq.c,251,0,0.0,97,0,0.0,12,0,0.0,4,'6.25',30,4,1,7,'77',3,12,25,7,32,1150,0,1150,69.6,5.8,0
modules/libfabric/prov/sockets/src/sock_fabric.c,183,102,0.557,34,10,0.294,19,11,0.579,8,'2.85','10.9','1.5',2,6,'30',24,20,67,12,34,0,0,46,37.8,2.1,46
modules/libfabric/prov/sockets/src/sock_mr.c,111,86,0.775,31,11,0.355,7,6,0.857,1,'3.85714285714286','22.7142857142857','5.14285714285714',2,4,'58',2,7,14,8,31,1117,0,1117,21.0,3.0,0
modules/libfabric/prov/sockets/src/sock_msg.c,417,254,0.609,128,67,0.523,18,9,0.5,2,'5.27777777777778','36.4444444444444','5.61111111111111',5,4,'115',2,18,54,20,31,1161,0,1161,88.2,4.9,0
modules/libfabric/prov/sockets/src/sock_poll.c,134,0,0.0,46,0,0.0,6,0,0.0,0,5,'29.5','2.33333333333333',3,4,'61',2,6,13,12,31,1130,0,1130,28.200000000000003,4.7,0
modules/libfabric/prov/sockets/src/sock_progress.c,1969,1262,0.6409999999999999,1037,476,0.4589999999999999,71,56,0.789,7,'7.80281690140845','37.5774647887324','2.36619718309859',11,6,'173',0,71,237,66,76,1664,0,1664,525.4,7.4,0
modules/libfabric/prov/sockets/src/sock_rma.c,249,58,0.233,62,16,0.258,9,1,0.111,2,'5.55555555555556','46.8888888888889','6.66666666666667',3,2,'132',1,9,30,6,31,1140,0,1140,46.8,5.2,0
modules/libfabric/prov/sockets/src/sock_rx_entry.c,96,85,0.885,56,32,0.5710000000000001,5,5,1.0,3,'4.8',26,'2.6',1,5,'37',0,5,7,5,31,1107,0,1107,32.0,6.4,0
modules/libfabric/prov/sockets/src/sock_trigger.c,217,78,0.359,87,19,0.218,6,3,0.5,4,'7.5','49.6666666666667',4,4,5,'83',0,6,19,20,37,1143,0,1143,55.2,9.2,0
modules/libfabric/prov/sockets/src/sock_wait.c,168,0,0.0,77,0,0.0,8,0,0.0,3,6,'30.5','1.875',4,5,'70',2,8,17,20,31,1149,0,1149,44.1,4.9,0
modules/libfabric/prov/tcp/src/xnet.h,107,0,0.0,22,0,0.0,20,0,0.0,14,'4.275','24.5625','2.0125',10,10,'121',162,80,634,100,0,1117,0,1117,33.0,1.5,0
modules/libfabric/prov/tcp/src/xnet_attr.c,13,13,1.0,10,8,0.8,2,2,1.0,0,3,9,'2.5',1,2,'10',16,2,6,2,34,1117,0,1117,7.0,3.5,0
modules/libfabric/prov/tcp/src/xnet_cm.c,220,0,0.0,140,0,0.0,9,0,0.0,1,'8.11111111111111',38,'1.55555555555556',5,3,'68',3,9,90,15,45,1247,0,1247,55.8,6.2,0
modules/libfabric/prov/tcp/src/xnet_cq.c,292,0,0.0,106,0,0.0,21,0,0.0,4,'2.57142857142857','19.0952380952381','2.0952380952381',4,14,'58',3,21,88,56,42,1195,0,1195,71.39999999999999,3.4,0
modules/libfabric/prov/tcp/src/xnet_domain.c,112,0,0.0,26,0,0.0,9,0,0.0,0,'2.88888888888889','18.4444444444444','4.55555555555556',5,7,'37',4,9,37,35,31,1143,0,1143,21.6,2.4,0
modules/libfabric/prov/tcp/src/xnet_ep.c,465,0,0.0,217,0,0.0,26,0,0.0,1,'4.92307692307692','26.0384615384615','2.5',7,9,'121',7,26,214,63,60,1340,0,1340,127.6,4.4,0
modules/libfabric/prov/tcp/src/xnet_eq.c,133,0,0.0,46,0,0.0,8,0,0.0,4,'2.25','24.5','2.625',3,5,'69',2,8,58,15,35,1174,0,1174,31.2,3.9,0
modules/libfabric/prov/tcp/src/xnet_fabric.c,28,0,0.0,6,0,0.0,2,0,0.0,1,'2.5',22,2,2,2,'27',2,2,10,4,31,1125,0,1125,5.0,2.5,0
modules/libfabric/prov/tcp/src/xnet_init.c,71,59,0.831,24,9,0.375,4,3,0.75,15,'3.75','33.25','2.25',1,4,'114',17,4,23,4,35,0,0,58,14.1,4.7,58
modules/libfabric/prov/tcp/src/xnet_msg.c,427,0,0.0,72,0,0.0,23,0,0.0,0,'4.1304347826087','26.4347826086957','4.47826086956522',4,2,'40',2,23,223,8,36,1296,0,1296,59.8,2.6,0
modules/libfabric/prov/tcp/src/xnet_pep.c,223,0,0.0,106,0,0.0,11,0,0.0,1,5,'29.7272727272727','2.72727272727273',4,7,'58',3,11,73,28,38,1229,0,1229,57.2,5.2,0
modules/libfabric/prov/tcp/src/xnet_profile.c,14,0,0.0,0,0,,2,0,0.0,3,2,10,5,0,2,'10',0,2,2,0,33,1117,0,1117,27.6,2.3,0
modules/libfabric/prov/tcp/src/xnet_progress.c,1182,0,0.0,526,0,0.0,61,0,0.0,11,'4.63934426229508','29.1967213114754','1.95081967213115',5,4,'84',3,61,634,20,99,1701,0,1701,298.90000000000003,4.9,0
modules/libfabric/prov/tcp/src/xnet_rdm.c,494,0,0.0,102,0,0.0,37,0,0.0,1,'3.83783783783784','19.2702702702703','5.13513513513514',5,35,'56',7,37,199,175,36,1313,0,1313,81.4,2.2,0
modules/libfabric/prov/tcp/src/xnet_rdm_cm.c,338,0,0.0,170,0,0.0,15,0,0.0,4,'6.06666666666667','33.3333333333333','1.6',3,2,'116',4,15,123,6,58,1320,0,1320,82.5,5.5,0
modules/libfabric/prov/tcp/src/xnet_rma.c,222,0,0.0,14,0,0.0,12,0,0.0,0,'2.91666666666667','30.1666666666667','6.33333333333333',4,3,'74',1,12,83,12,37,1186,0,1186,20.4,1.7,0
modules/libfabric/prov/tcp/src/xnet_srx.c,534,0,0.0,186,0,0.0,29,0,0.0,0,'4.86206896551724','26.3448275862069','3.31034482758621',6,4,'62',4,29,261,24,58,1334,0,1334,116.0,4.0,0
modules/libfabric/prov/udp/src/udpx.h,1,0,0.0,2,0,0.0,3,0,0.0,4,2,'17.1666666666667','3.5',1,5,'33',22,6,12,5,0,1096,0,1096,0.0,0.0,0
modules/libfabric/prov/udp/src/udpx_cq.c,25,0,0.0,6,0,0.0,2,0,0.0,0,'3.5','16.5','2.5',1,2,'21',1,2,4,2,31,1101,0,1101,5.0,2.5,0
modules/libfabric/prov/udp/src/udpx_domain.c,29,0,0.0,8,0,0.0,2,0,0.0,0,4,19,'2.5',1,2,'27',3,2,6,2,31,1102,0,1102,6.0,3.0,0
modules/libfabric/prov/udp/src/udpx_ep.c,470,0,0.0,136,0,0.0,35,0,0.0,0,'3.62857142857143','18.6571428571429','3.94285714285714',2,14,'48',6,35,156,28,31,1247,0,1247,98.0,2.8,0
modules/libfabric/prov/udp/src/udpx_fabric.c,25,0,0.0,6,0,0.0,2,0,0.0,0,'3.5','15.5',2,2,2,'20',2,2,6,4,31,1100,0,1100,5.0,2.5,0
modules/libfabric/prov/udp/src/udpx_init.c,8,6,0.75,0,0,,3,2,0.667,4,2,'5.5','3.5',1,2,'7',2,2,3,2,32,0,0,7,2.0,1.0,7
modules/libfabric/prov/util/src/cuda_ipc_monitor.c,2,0,0.0,0,0,,1,0,0.0,1,2,6,3,0,1,'6',2,1,1,0,31,822,0,822,2.0,1.0,0
modules/libfabric/prov/util/src/cuda_mem_monitor.c,10,0,0.0,0,0,,5,0,0.0,1,2,'4.8','2.6',0,5,'6',2,5,5,0,38,822,0,822,14.4,1.6,0
modules/libfabric/prov/util/src/rocr_ipc_monitor.c,2,0,0.0,0,0,,1,0,0.0,1,2,6,3,0,1,'6',2,1,1,0,31,822,0,822,2.0,1.0,0
modules/libfabric/prov/util/src/rocr_mem_monitor.c,10,0,0.0,0,0,,5,0,0.0,1,2,'4.6','2.6',0,5,'6',2,5,5,0,84,822,0,822,35.2,2.2,0
modules/libfabric/prov/util/src/rxm_av.c,256,0,0.0,92,0,0.0,22,0,0.0,0,'3.63636363636364','17.4545454545455','3.04545454545455',2,10,'66',2,22,54,20,58,1178,0,1178,57.2,2.6,0
modules/libfabric/prov/util/src/util_atomic.c,75,36,0.48,1212,53,0.044,357,15,0.042,0,6,22,2,0,2,'53',4,3,8,0,91,895,0,895,16.8,4.2,0
modules/libfabric/prov/util/src/util_attr.c,814,433,0.532,812,255,0.314,32,28,0.875,3,'9.28125','38.46875','3.5',0,2,'142',0,32,68,0,95,1808,0,1808,294.4,9.2,0
modules/libfabric/prov/util/src/util_av.c,618,0,0.0,403,0,0.0,40,0,0.0,2,'4.8','22.6','3.8',1,13,'77',2,40,72,13,60,1385,0,1385,160.0,4.0,0
modules/libfabric/prov/util/src/util_buf.c,167,91,0.545,61,22,0.361,7,5,0.7140000000000001,4,'6.28571428571429','33.2857142857143','1.42857142857143',0,4,'92',0,7,10,0,38,978,0,978,39.2,5.6,0
modules/libfabric/prov/util/src/util_cntr.c,195,0,0.0,80,0,0.0,17,0,0.0,0,'4.41176470588235','18.0588235294118','1.70588235294118',0,13,'85',6,17,27,0,43,1159,0,1159,61.2,3.6,0
modules/libfabric/prov/util/src/util_cq.c,435,0,0.0,151,0,0.0,33,0,0.0,2,'4.63636363636364','20.5151515151515','3.42424242424242',0,15,'101',8,33,57,0,41,1231,0,1231,118.8,3.6,0
modules/libfabric/prov/util/src/util_domain.c,77,0,0.0,24,0,0.0,5,0,0.0,0,4,22,'2.8',1,2,'35',1,5,11,2,34,1119,0,1119,15.0,3.0,0
modules/libfabric/prov/util/src/util_ep.c,205,0,0.0,93,0,0.0,8,0,0.0,0,'6.5',34,'2.625',4,2,'61',0,8,20,8,32,1150,0,1150,59.2,7.4,0
modules/libfabric/prov/util/src/util_eq.c,262,0,0.0,117,0,0.0,15,0,0.0,1,'5.6','25.6','3.33333333333333',0,8,'57',2,15,24,0,41,1167,0,1167,78.0,5.2,0
modules/libfabric/prov/util/src/util_fabric.c,25,0,0.0,6,0,0.0,2,0,0.0,0,'3.5','18.5',3,2,2,'27',0,2,5,4,34,1099,0,1099,5.0,2.5,0
modules/libfabric/prov/util/src/util_main.c,306,163,0.5329999999999999,143,61,0.427,16,9,0.562,3,'4.47058823529412','20.6470588235294','2.82352941176471',2,3,'131',1,17,36,6,41,1160,0,1160,81.6,4.8,0
modules/libfabric/prov/util/src/util_mem_hooks.c,6,0,0.0,0,0,,3,0,0.0,1,2,'3.33333333333333',1,0,3,'4',2,3,3,0,180,901,0,901,82.5,2.5,0
modules/libfabric/prov/util/src/util_mem_monitor.c,275,54,0.196,107,8,0.075,28,4,0.143,1,'3.46428571428571','16.5714285714286','1.89285714285714',8,10,'109',15,28,93,80,102,0,0,49,104.4,2.9,49
modules/libfabric/prov/util/src/util_mr_cache.c,335,0,0.0,122,0,0.0,21,0,0.0,1,'4.71428571428571','23.8095238095238','2.52380952380952',2,5,'61',2,21,58,10,63,1227,0,1227,79.8,3.8,0
modules/libfabric/prov/util/src/util_mr_map.c,215,97,0.451,77,20,0.26,14,9,0.643,1,'3.85714285714286','23.2857142857143','4.07142857142857',0,6,'64',1,14,23,0,41,1151,0,1151,47.6,3.4,0
modules/libfabric/prov/util/src/util_ns.c,334,0,0.0,127,0,0.0,14,0,0.0,0,'7.57142857142857','35.5714285714286','2.14285714285714',0,2,'74',5,14,39,0,59,1215,0,1215,81.2,5.8,0
modules/libfabric/prov/util/src/util_pep.c,20,0,0.0,10,0,0.0,3,0,0.0,0,3,11,'2.66666666666667',0,3,'17',0,3,3,0,31,1099,0,1099,6.0,2.0,0
modules/libfabric/prov/util/src/util_poll.c,108,0,0.0,49,0,0.0,7,0,0.0,1,'4.71428571428571','22.5714285714286','2.71428571428571',1,5,'59',2,7,13,5,34,1116,0,1116,30.800000000000004,4.4,0
modules/libfabric/prov/util/src/util_profile.c,144,0,0.0,74,0,0.0,10,0,0.0,0,'4.1','21.8','3.3',0,4,'47',4,10,22,0,32,874,0,874,42.0,4.2,0
modules/libfabric/prov/util/src/util_srx.c,725,0,0.0,234,0,0.0,43,0,0.0,0,'4.06976744186047','24.5116279069767','4.06976744186047',2,10,'81',5,43,96,20,33,1337,0,1337,141.9,3.3,0
modules/libfabric/prov/util/src/util_wait.c,538,0,0.0,206,0,0.0,27,0,0.0,0,6,'29.1111111111111','2.25925925925926',1,5,'58',4,27,60,5,33,1292,0,1292,126.9,4.7,0
modules/libfabric/prov/util/src/xpmem_monitor.c,2,0,0.0,0,0,,1,0,0.0,1,2,6,3,0,1,'6',2,1,1,0,31,822,0,822,2.0,1.0,0
modules/libfabric/prov/util/src/ze_mem_monitor.c,10,0,0.0,0,0,,5,0,0.0,1,2,'4.8','2.6',0,5,'6',2,5,5,0,34,822,0,822,9.9,1.1,0
modules/libfabric/src/abi_1_0.c,180,0,0.0,254,0,0.0,13,0,0.0,0,'3.80769230769231','9.69230769230769','2.84615384615385',1,22,'78',153,26,63,22,56,1201,0,1201,49.4,3.8,0
modules/libfabric/src/common.c,1379,351,0.255,702,118,0.168,93,30,0.3229999999999999,8,'5.22222222222222','21.4444444444444','2.37777777777778',4,28,'124',7,90,171,112,78,0,0,396,460.8,4.8,396
modules/libfabric/src/enosys.c,257,2,0.008,6,0,0.0,124,1,0.008,0,'2.0241935483871','5.24193548387097','5.2258064516129',0,124,'9',0,124,124,0,82,595,0,595,124.0,1.0,0
modules/libfabric/src/fabric.c,877,516,0.588,538,220,0.409,53,37,0.698,5,'4.84375','18.703125','1.78125',7,17,'104',17,64,218,119,130,1475,0,1475,297.0,5.5,0
modules/libfabric/src/fasthash.c,29,0,0.0,4,0,0.0,3,0,0.0,0,'2.66666666666667','13.6666666666667','2.33333333333333',0,1,'26',0,3,5,0,25,10,0,10,5.1,1.7,0
modules/libfabric/src/fi_tostr.c,767,0,0.0,465,0,0.0,43,0,0.0,1,'3.22222222222222','21.2888888888889','3.13333333333333',3,3,'126',0,45,163,9,53,0,0,141,98.9,2.3,141
modules/libfabric/src/hmem.c,296,21,0.071,120,9,0.075,41,1,0.024,3,'3.09756097560976','12.6341463414634','3.92682926829268',5,10,'52',2,41,98,50,50,937,0,937,94.3,2.3,0
modules/libfabric/src/hmem_cuda.c,42,2,0.048,0,0,,21,1,0.048,0,2,'4.19047619047619','2.33333333333333',0,21,'5',0,21,21,0,126,904,0,904,126.0,2.0,0
modules/libfabric/src/hmem_cuda_gdrcopy.c,16,0,0.0,0,0,,8,0,0.0,0,2,'4.5','3.25',0,8,'6',0,8,8,0,32,837,0,837,46.2,2.1,0
modules/libfabric/src/hmem_ipc_cache.c,65,0,0.0,18,0,0.0,5,0,0.0,0,'3.8','22.2','2.2',2,3,'37',0,5,13,6,73,1115,0,1115,12.0,2.4,0
modules/libfabric/src/hmem_neuron.c,18,2,0.111,0,0,,9,1,0.111,0,2,'4.11111111111111','2.22222222222222',0,9,'5',0,9,9,0,53,825,0,825,36.0,1.8,0
modules/libfabric/src/hmem_rocr.c,44,2,0.045,0,0,,22,1,0.045,0,2,'4.36363636363636','2.59090909090909',0,22,'5',0,22,22,0,61,904,0,904,151.8,2.2,0
modules/libfabric/src/hmem_synapseai.c,16,2,0.125,0,0,,8,1,0.125,0,2,'4.5','2.5',0,8,'5',0,8,8,0,60,825,0,825,27.200000000000003,1.6,0
modules/libfabric/src/hmem_ze.c,43,2,0.047,0,0,,21,1,0.048,0,2,'4.38095238095238','2.57142857142857',0,21,'5',0,21,21,0,41,904,0,904,210.6,2.6,0
modules/libfabric/src/indexer.c,178,35,0.1969999999999999,66,15,0.2269999999999999,14,3,0.214,0,'4.5','17.2142857142857','1.92857142857143',0,12,'30',0,14,16,0,46,500,0,500,47.6,3.4,0
modules/libfabric/src/iov.c,118,0,0.0,58,0,0.0,7,0,0.0,1,'5.71428571428571','24.8571428571429',5,0,6,'37',0,7,8,0,33,850,0,850,35.0,5.0,0
modules/libfabric/src/log.c,139,38,0.273,50,6,0.12,16,4,0.25,4,'3.15789473684211','11.1052631578947','3.10526315789474',4,5,'34',11,19,61,20,38,0,0,28,41.6,2.6,28
modules/libfabric/src/mem.c,85,39,0.4589999999999999,42,14,0.3329999999999999,7,3,0.429,2,'4.57142857142857','15.8571428571429','1.42857142857143',2,3,'47',5,7,20,6,31,938,0,938,27.3,3.9,0
modules/libfabric/src/ofi_str.c,171,28,0.1639999999999999,53,15,0.283,14,2,0.143,3,'3.78571428571429','17.2142857142857','2.85714285714286',0,4,'45',0,14,30,0,46,0,0,91,36.4,2.6,91
modules/libfabric/src/perf.c,57,7,0.123,42,2,0.048,5,1,0.2,2,'5.4','19.4','2.2',3,3,'34',3,5,15,9,31,514,0,514,24.0,4.8,0
modules/libfabric/src/rbtree.c,269,0,0.0,130,0,0.0,18,0,0.0,0,'4.77777777777778',21,'2.05555555555556',0,2,'57',9,18,90,0,80,33,0,33,79.2,4.4,0
modules/libfabric/src/tree.c,277,234,0.845,122,96,0.787,19,15,0.789,0,'4.78947368421053',19,'1.89473684210526',0,5,'57',0,19,34,0,44,473,0,473,79.8,4.2,0
modules/libfabric/src/var.c,245,89,0.363,131,35,0.267,14,7,0.5,4,'4.23809523809524','21.4285714285714','1.76190476190476',6,7,'96',10,21,81,42,36,0,0,67,71.39999999999999,5.1,67
modules/libfabric/src/xpmem.c,10,2,0.2,0,0,,5,1,0.2,0,2,'4.4','2.6',0,5,'6',1,5,5,0,47,1089,0,1089,27.5,2.5,0
modules/libfabric/src/xpmem_cache.c,7,0,0.0,0,0,,3,0,0.0,0,2,'4.66666666666667','2.33333333333333',0,3,'6',0,3,3,0,54,1089,0,1089,12.0,1.5,0
modules/libfabric/util/info.c,252,0,0.0,185,0,0.0,13,0,0.0,0,'5.92307692307692',26,'1.76923076923077',2,1,'110',10,13,48,2,32,0,0,130,62.4,4.8,130
modules/libfabric/util/strerror.c,30,0,0.0,16,0,0.0,2,0,0.0,0,4,21,'1.5',0,1,'34',0,2,3,0,28,33,0,33,10.0,5.0,0
modules/yaksa/src/backend/cuda/stub/yaksuri_cuda_post.h,3,0,0.0,0,0,,1,0,0.0,0,2,6,1,0,1,'6',0,1,1,0,0,0,0,0,1.0,1.0,0
modules/yaksa/src/backend/hip/stub/yaksuri_hip_post.h,3,0,0.0,0,0,,1,0,0.0,0,2,6,1,0,1,'6',0,1,1,0,0,0,0,0,1.0,1.0,0
modules/yaksa/src/backend/seq/hooks/yaksuri_seq_hooks.c,38,26,0.684,14,3,0.214,7,6,0.857,0,'2.42857142857143','10.1428571428571','1.42857142857143',0,7,'19',0,7,7,0,5,25,0,25,9.1,1.3,0
modules/yaksa/src/backend/seq/pup/yaksuri_seq_pup.c,61,59,0.967,46,37,0.804,3,3,1.0,0,'5.33333333333333','31.6666666666667',5,0,3,'42',0,3,3,0,4,26,0,26,20.1,6.7,0
modules/yaksa/src/backend/seq/pup/yaksuri_seqi_populate_pupfns.c,85,85,1.0,42,42,1.0,1,1,1.0,0,'92.03125','408.6875',1,328,29,'897',0,32,3365,9512,6,47,0,47,37.0,37.0,0
modules/yaksa/src/backend/seq/pup/yaksuri_seqi_populate_pupfns_blkhindx_blkhindx.c,742,59,0.08,369,20,0.054,1,1,1.0,1,2,897,1,13,1,'897',0,1,235,13,6,446,0,446,237.0,237.0,0
modules/yaksa/src/backend/seq/pup/yaksuri_seqi_populate_pupfns_blkhindx_builtin.c,739,144,0.195,367,49,0.134,1,1,1.0,0,237,891,1,12,1,'891',0,1,235,12,6,446,0,446,236.0,236.0,0
modules/yaksa/src/backend/seq/pup/yaksuri_seqi_populate_pupfns_blkhindx_contig.c,92,59,0.6409999999999999,44,19,0.432,1,1,1.0,1,2,117,1,11,1,'117',0,1,27,11,6,446,0,446,29.0,29.0,0
modules/yaksa/src/backend/seq/pup/yaksuri_seqi_populate_pupfns_blkhindx_hindexed.c,92,23,0.25,44,7,0.159,1,1,1.0,1,2,117,1,12,1,'117',0,1,27,12,6,446,0,446,29.0,29.0,0
modules/yaksa/src/backend/seq/pup/yaksuri_seqi_populate_pupfns_blkhindx_hvector.c,742,111,0.15,369,39,0.106,1,1,1.0,0,238,897,1,11,1,'897',0,1,235,11,6,446,0,446,237.0,237.0,0
modules/yaksa/src/backend/seq/pup/yaksuri_seqi_populate_pupfns_blkhindx_resized.c,92,53,0.5760000000000001,44,17,0.386,1,1,1.0,1,2,117,1,11,1,'117',0,1,27,11,6,446,0,446,29.0,29.0,0
modules/yaksa/src/backend/seq/pup/yaksuri_seqi_populate_pupfns_builtin.c,45,45,1.0,14,14,1.0,1,1,1.0,1,2,64,1,12,1,'64',0,1,27,12,6,444,0,444,14.0,14.0,0
modules/yaksa/src/backend/seq/pup/yaksuri_seqi_populate_pupfns_contig_blkhindx.c,742,59,0.08,369,20,0.054,1,1,1.0,1,2,897,1,11,1,'897',0,1,235,11,6,446,0,446,237.0,237.0,0
modules/yaksa/src/backend/seq/pup/yaksuri_seqi_populate_pupfns_contig_builtin.c,89,57,0.64,42,18,0.429,1,1,1.0,1,2,111,1,9,1,'111',0,1,27,9,6,446,0,446,28.0,28.0,0
modules/yaksa/src/backend/seq/pup/yaksuri_seqi_populate_pupfns_contig_contig.c,92,29,0.315,44,9,0.205,1,1,1.0,0,30,117,1,9,1,'117',0,1,27,9,6,446,0,446,29.0,29.0,0
modules/yaksa/src/backend/seq/pup/yaksuri_seqi_populate_pupfns_contig_hindexed.c,92,17,0.185,44,5,0.114,1,1,1.0,1,2,117,1,10,1,'117',0,1,27,10,6,446,0,446,29.0,29.0,0
modules/yaksa/src/backend/seq/pup/yaksuri_seqi_populate_pupfns_contig_hvector.c,742,51,0.069,369,17,0.046,1,1,1.0,1,2,897,1,11,1,'897',0,1,235,11,6,446,0,446,237.0,237.0,0
modules/yaksa/src/backend/seq/pup/yaksuri_seqi_populate_pupfns_contig_resized.c,92,23,0.25,44,7,0.159,1,1,1.0,1,2,117,1,12,1,'117',0,1,27,12,6,446,0,446,29.0,29.0,0
modules/yaksa/src/backend/seq/pup/yaksuri_seqi_populate_pupfns_hindexed_blkhindx.c,742,37,0.05,369,12,0.033,1,1,1.0,1,2,897,1,12,1,'897',0,1,235,12,6,446,0,446,237.0,237.0,0
modules/yaksa/src/backend/seq/pup/yaksuri_seqi_populate_pupfns_hindexed_builtin.c,89,32,0.36,42,9,0.214,1,1,1.0,1,2,111,1,9,1,'111',0,1,27,9,6,446,0,446,28.0,28.0,0
modules/yaksa/src/backend/seq/pup/yaksuri_seqi_populate_pupfns_hindexed_contig.c,92,17,0.185,44,5,0.114,1,1,1.0,1,2,117,1,10,1,'117',0,1,27,10,6,446,0,446,29.0,29.0,0
modules/yaksa/src/backend/seq/pup/yaksuri_seqi_populate_pupfns_hindexed_hindexed.c,92,23,0.25,44,7,0.159,1,1,1.0,1,2,117,1,9,1,'117',0,1,27,9,6,446,0,446,29.0,29.0,0
modules/yaksa/src/backend/seq/pup/yaksuri_seqi_populate_pupfns_hindexed_hvector.c,742,37,0.05,369,12,0.033,1,1,1.0,1,2,897,1,10,1,'897',0,1,235,10,6,446,0,446,237.0,237.0,0
modules/yaksa/src/backend/seq/pup/yaksuri_seqi_populate_pupfns_hindexed_resized.c,92,17,0.185,44,5,0.114,1,1,1.0,1,2,117,1,8,1,'117',0,1,27,8,6,446,0,446,29.0,29.0,0
modules/yaksa/src/backend/seq/pup/yaksuri_seqi_populate_pupfns_hvector_blkhindx.c,742,51,0.069,369,17,0.046,1,1,1.0,1,2,897,1,9,1,'897',0,1,235,9,6,446,0,446,237.0,237.0,0
modules/yaksa/src/backend/seq/pup/yaksuri_seqi_populate_pupfns_hvector_builtin.c,739,145,0.196,367,50,0.136,1,1,1.0,1,2,891,1,10,1,'891',0,1,235,10,6,446,0,446,236.0,236.0,0
modules/yaksa/src/backend/seq/pup/yaksuri_seqi_populate_pupfns_hvector_contig.c,92,23,0.25,44,7,0.159,1,1,1.0,1,2,117,1,11,1,'117',0,1,27,11,6,446,0,446,29.0,29.0,0
modules/yaksa/src/backend/seq/pup/yaksuri_seqi_populate_pupfns_hvector_hindexed.c,92,17,0.185,44,5,0.114,1,1,1.0,1,2,117,1,12,1,'117',0,1,27,12,6,446,0,446,29.0,29.0,0
modules/yaksa/src/backend/seq/pup/yaksuri_seqi_populate_pupfns_hvector_hvector.c,742,59,0.08,369,20,0.054,1,1,1.0,1,2,897,1,11,1,'897',0,1,235,11,6,446,0,446,237.0,237.0,0
modules/yaksa/src/backend/seq/pup/yaksuri_seqi_populate_pupfns_hvector_resized.c,92,23,0.25,44,7,0.159,1,1,1.0,1,2,117,1,10,1,'117',0,1,27,10,6,446,0,446,29.0,29.0,0
modules/yaksa/src/backend/seq/pup/yaksuri_seqi_populate_pupfns_resized_blkhindx.c,742,45,0.061,369,15,0.0409999999999999,1,1,1.0,1,2,897,1,12,1,'897',0,1,235,12,6,446,0,446,237.0,237.0,0
modules/yaksa/src/backend/seq/pup/yaksuri_seqi_populate_pupfns_resized_builtin.c,89,51,0.573,42,16,0.381,1,1,1.0,1,2,111,1,10,1,'111',0,1,27,10,6,446,0,446,28.0,28.0,0
modules/yaksa/src/backend/seq/pup/yaksuri_seqi_populate_pupfns_resized_contig.c,92,29,0.315,44,9,0.205,1,1,1.0,1,2,117,1,11,1,'117',0,1,27,11,6,446,0,446,29.0,29.0,0
modules/yaksa/src/backend/seq/pup/yaksuri_seqi_populate_pupfns_resized_hindexed.c,92,17,0.185,44,5,0.114,1,1,1.0,1,2,117,1,11,1,'117',0,1,27,11,6,446,0,446,29.0,29.0,0
modules/yaksa/src/backend/seq/pup/yaksuri_seqi_populate_pupfns_resized_hvector.c,742,65,0.088,369,22,0.06,1,1,1.0,1,2,897,1,12,1,'897',0,1,235,12,6,446,0,446,237.0,237.0,0
modules/yaksa/src/backend/seq/pup/yaksuri_seqi_populate_pupfns_resized_resized.c,92,17,0.185,44,5,0.114,1,1,1.0,1,2,117,1,9,1,'117',0,1,27,9,6,446,0,446,29.0,29.0,0
modules/yaksa/src/backend/seq/pup/yaksuri_seqi_pup__Bool.c,58,0,0.0,34,0,0.0,2,0,0.0,2,2,51,5,0,2,'51',0,2,2,0,6,444,0,444,18.0,9.0,0
modules/yaksa/src/backend/seq/pup/yaksuri_seqi_pup_blkhindx__Bool.c,882,0,0.0,594,0,0.0,18,0,0.0,2,2,72,5,0,18,'72',0,18,18,0,6,444,0,444,306.0,17.0,0
modules/yaksa/src/backend/seq/pup/yaksuri_seqi_pup_blkhindx_blkhindx__Bool.c,1242,0,0.0,882,0,0.0,18,0,0.0,2,2,93,5,0,18,'93',0,18,18,0,6,444,0,444,450.0,25.0,0
modules/yaksa/src/backend/seq/pup/yaksuri_seqi_pup_blkhindx_blkhindx_c_complex.c,1008,0,0.0,684,0,0.0,18,0,0.0,2,2,76,5,0,18,'76',0,18,18,0,6,444,0,444,342.0,19.0,0
modules/yaksa/src/backend/seq/pup/yaksuri_seqi_pup_blkhindx_blkhindx_c_double_complex.c,1008,29,0.0289999999999999,684,11,0.016,18,1,0.0559999999999999,2,2,76,5,0,18,'76',0,18,18,0,6,444,0,444,342.0,19.0,0
modules/yaksa/src/backend/seq/pup/yaksuri_seqi_pup_blkhindx_blkhindx_c_long_double_complex.c,1008,0,0.0,684,0,0.0,18,0,0.0,2,2,76,5,0,18,'76',0,18,18,0,6,444,0,444,342.0,19.0,0
modules/yaksa/src/backend/seq/pup/yaksuri_seqi_pup_blkhindx_blkhindx_char.c,540,0,0.0,216,0,0.0,18,0,0.0,2,2,42,5,0,18,'42',0,18,18,0,6,444,0,444,126.0,7.0,0
modules/yaksa/src/backend/seq/pup/yaksuri_seqi_pup_blkhindx_blkhindx_double.c,1476,0,0.0,1008,0,0.0,18,0,0.0,2,2,110,5,0,18,'110',0,18,18,0,6,444,0,444,558.0,31.0,0
modules/yaksa/src/backend/seq/pup/yaksuri_seqi_pup_blkhindx_blkhindx_float.c,1476,0,0.0,1008,0,0.0,18,0,0.0,2,2,110,5,0,18,'110',0,18,18,0,6,444,0,444,558.0,31.0,0
modules/yaksa/src/backend/seq/pup/yaksuri_seqi_pup_blkhindx_blkhindx_int8_t.c,2880,0,0.0,2268,0,0.0,18,0,0.0,2,2,212,5,0,18,'212',0,18,18,0,6,444,0,444,1206.0,67.0,0
modules/yaksa/src/backend/seq/pup/yaksuri_seqi_pup_blkhindx_blkhindx_int16_t.c,2880,0,0.0,2268,0,0.0,18,0,0.0,2,2,212,5,0,18,'212',0,18,18,0,6,444,0,444,1206.0,67.0,0
modules/yaksa/src/backend/seq/pup/yaksuri_seqi_pup_blkhindx_blkhindx_int32_t.c,2880,232,0.081,2268,88,0.039,18,8,0.444,2,2,212,5,0,18,'212',0,18,18,0,6,444,0,444,1206.0,67.0,0
modules/yaksa/src/backend/seq/pup/yaksuri_seqi_pup_blkhindx_blkhindx_int64_t.c,2880,0,0.0,2268,0,0.0,18,0,0.0,2,2,212,5,0,18,'212',0,18,18,0,6,444,0,444,1206.0,67.0,0
modules/yaksa/src/backend/seq/pup/yaksuri_seqi_pup_blkhindx_blkhindx_long_double.c,1476,0,0.0,1008,0,0.0,18,0,0.0,0,32,110,5,0,18,'110',0,18,18,0,6,444,0,444,558.0,31.0,0
modules/yaksa/src/backend/seq/pup/yaksuri_seqi_pup_blkhindx_blkhindx_wchar_t.c,540,0,0.0,216,0,0.0,18,0,0.0,2,2,42,5,0,18,'42',0,18,18,0,6,444,0,444,126.0,7.0,0
modules/yaksa/src/backend/seq/pup/yaksuri_seqi_pup_blkhindx_c_complex.c,720,0,0.0,468,0,0.0,18,0,0.0,2,2,59,5,0,18,'59',0,18,18,0,6,444,0,444,234.0,13.0,0
modules/yaksa/src/backend/seq/pup/yaksuri_seqi_pup_blkhindx_c_double_complex.c,720,84,0.1169999999999999,468,28,0.06,18,4,0.222,2,2,59,5,0,18,'59',0,18,18,0,6,444,0,444,234.0,13.0,0
modules/yaksa/src/backend/seq/pup/yaksuri_seqi_pup_blkhindx_c_long_double_complex.c,720,0,0.0,468,0,0.0,18,0,0.0,2,2,59,5,0,18,'59',0,18,18,0,6,444,0,444,234.0,13.0,0
modules/yaksa/src/backend/seq/pup/yaksuri_seqi_pup_blkhindx_char.c,396,0,0.0,144,0,0.0,18,0,0.0,0,6,33,5,0,18,'33',0,18,18,0,6,444,0,444,90.0,5.0,0
modules/yaksa/src/backend/seq/pup/yaksuri_seqi_pup_blkhindx_contig__Bool.c,120,0,0.0,82,0,0.0,2,0,0.0,2,2,84,5,0,2,'84',0,2,2,0,6,444,0,444,42.0,21.0,0
modules/yaksa/src/backend/seq/pup/yaksuri_seqi_pup_blkhindx_contig_c_complex.c,98,0,0.0,64,0,0.0,2,0,0.0,2,2,69,5,0,2,'69',0,2,2,0,6,444,0,444,32.0,16.0,0
modules/yaksa/src/backend/seq/pup/yaksuri_seqi_pup_blkhindx_contig_c_double_complex.c,98,26,0.265,64,9,0.141,2,1,0.5,2,2,69,5,0,2,'69',0,2,2,0,6,444,0,444,32.0,16.0,0
modules/yaksa/src/backend/seq/pup/yaksuri_seqi_pup_blkhindx_contig_c_long_double_complex.c,98,0,0.0,64,0,0.0,2,0,0.0,2,2,69,5,0,2,'69',0,2,2,0,6,444,0,444,32.0,16.0,0
modules/yaksa/src/backend/seq/pup/yaksuri_seqi_pup_blkhindx_contig_char.c,54,0,0.0,20,0,0.0,2,0,0.0,2,2,39,5,0,2,'39',0,2,2,0,6,444,0,444,12.0,6.0,0
modules/yaksa/src/backend/seq/pup/yaksuri_seqi_pup_blkhindx_contig_double.c,142,0,0.0,92,0,0.0,2,0,0.0,2,2,99,5,0,2,'99',0,2,2,0,6,444,0,444,52.0,26.0,0
modules/yaksa/src/backend/seq/pup/yaksuri_seqi_pup_blkhindx_contig_float.c,142,0,0.0,92,0,0.0,2,0,0.0,0,27,99,5,0,2,'99',0,2,2,0,6,444,0,444,52.0,26.0,0
modules/yaksa/src/backend/seq/pup/yaksuri_seqi_pup_blkhindx_contig_int8_t.c,274,0,0.0,208,0,0.0,2,0,0.0,2,2,189,5,0,2,'189',0,2,2,0,6,444,0,444,112.0,56.0,0
modules/yaksa/src/backend/seq/pup/yaksuri_seqi_pup_blkhindx_contig_int16_t.c,274,0,0.0,208,0,0.0,2,0,0.0,2,2,189,5,0,2,'189',0,2,2,0,6,444,0,444,112.0,56.0,0
modules/yaksa/src/backend/seq/pup/yaksuri_seqi_pup_blkhindx_contig_int32_t.c,274,52,0.19,208,18,0.087,2,2,1.0,0,57,189,5,0,2,'189',0,2,2,0,6,444,0,444,112.0,56.0,0
modules/yaksa/src/backend/seq/pup/yaksuri_seqi_pup_blkhindx_contig_int64_t.c,274,0,0.0,208,0,0.0,2,0,0.0,2,2,189,5,0,2,'189',0,2,2,0,6,444,0,444,112.0,56.0,0
modules/yaksa/src/backend/seq/pup/yaksuri_seqi_pup_blkhindx_contig_long_double.c,142,0,0.0,92,0,0.0,2,0,0.0,2,2,99,5,0,2,'99',0,2,2,0,6,444,0,444,52.0,26.0,0
modules/yaksa/src/backend/seq/pup/yaksuri_seqi_pup_blkhindx_contig_wchar_t.c,54,0,0.0,20,0,0.0,2,0,0.0,0,7,39,5,0,2,'39',0,2,2,0,6,444,0,444,12.0,6.0,0
modules/yaksa/src/backend/seq/pup/yaksuri_seqi_pup_blkhindx_double.c,1044,0,0.0,648,0,0.0,18,0,0.0,2,2,85,5,0,18,'85',0,18,18,0,6,444,0,444,378.0,21.0,0
modules/yaksa/src/backend/seq/pup/yaksuri_seqi_pup_blkhindx_float.c,1044,0,0.0,648,0,0.0,18,0,0.0,2,2,85,5,0,18,'85',0,18,18,0,6,444,0,444,378.0,21.0,0
modules/yaksa/src/backend/seq/pup/yaksuri_seqi_pup_blkhindx_hindexed__Bool.c,138,0,0.0,98,0,0.0,2,0,0.0,2,2,93,5,0,2,'93',0,2,2,0,6,444,0,444,50.0,25.0,0
modules/yaksa/src/backend/seq/pup/yaksuri_seqi_pup_blkhindx_hindexed_c_complex.c,112,0,0.0,76,0,0.0,2,0,0.0,2,2,76,5,0,2,'76',0,2,2,0,6,444,0,444,38.0,19.0,0
modules/yaksa/src/backend/seq/pup/yaksuri_seqi_pup_blkhindx_hindexed_c_double_complex.c,112,58,0.518,76,22,0.289,2,2,1.0,2,2,76,5,0,2,'76',0,2,2,0,6,444,0,444,38.0,19.0,0
modules/yaksa/src/backend/seq/pup/yaksuri_seqi_pup_blkhindx_hindexed_c_long_double_complex.c,112,0,0.0,76,0,0.0,2,0,0.0,0,20,76,5,0,2,'76',0,2,2,0,6,444,0,444,38.0,19.0,0
modules/yaksa/src/backend/seq/pup/yaksuri_seqi_pup_blkhindx_hindexed_char.c,60,0,0.0,24,0,0.0,2,0,0.0,2,2,42,5,0,2,'42',0,2,2,0,6,444,0,444,14.0,7.0,0
modules/yaksa/src/backend/seq/pup/yaksuri_seqi_pup_blkhindx_hindexed_double.c,164,0,0.0,112,0,0.0,2,0,0.0,2,2,110,5,0,2,'110',0,2,2,0,6,444,0,444,62.0,31.0,0
modules/yaksa/src/backend/seq/pup/yaksuri_seqi_pup_blkhindx_hindexed_float.c,164,0,0.0,112,0,0.0,2,0,0.0,2,2,110,5,0,2,'110',0,2,2,0,6,444,0,444,62.0,31.0,0
modules/yaksa/src/backend/seq/pup/yaksuri_seqi_pup_blkhindx_hindexed_int8_t.c,320,0,0.0,252,0,0.0,2,0,0.0,2,2,212,5,0,2,'212',0,2,2,0,6,444,0,444,134.0,67.0,0
modules/yaksa/src/backend/seq/pup/yaksuri_seqi_pup_blkhindx_hindexed_int16_t.c,320,0,0.0,252,0,0.0,2,0,0.0,2,2,212,5,0,2,'212',0,2,2,0,6,444,0,444,134.0,67.0,0
modules/yaksa/src/backend/seq/pup/yaksuri_seqi_pup_blkhindx_hindexed_int32_t.c,320,58,0.181,252,22,0.087,2,2,1.0,2,2,212,5,0,2,'212',0,2,2,0,6,444,0,444,134.0,67.0,0
modules/yaksa/src/backend/seq/pup/yaksuri_seqi_pup_blkhindx_hindexed_int64_t.c,320,0,0.0,252,0,0.0,2,0,0.0,2,2,212,5,0,2,'212',0,2,2,0,6,444,0,444,134.0,67.0,0
modules/yaksa/src/backend/seq/pup/yaksuri_seqi_pup_blkhindx_hindexed_long_double.c,164,0,0.0,112,0,0.0,2,0,0.0,2,2,110,5,0,2,'110',0,2,2,0,6,444,0,444,62.0,31.0,0
modules/yaksa/src/backend/seq/pup/yaksuri_seqi_pup_blkhindx_hindexed_wchar_t.c,60,0,0.0,24,0,0.0,2,0,0.0,0,8,42,5,0,2,'42',0,2,2,0,6,444,0,444,14.0,7.0,0
modules/yaksa/src/backend/seq/pup/yaksuri_seqi_pup_blkhindx_hvector__Bool.c,1242,0,0.0,882,0,0.0,18,0,0.0,0,26,93,5,0,18,'93',0,18,18,0,6,444,0,444,450.0,25.0,0
modules/yaksa/src/backend/seq/pup/yaksuri_seqi_pup_blkhindx_hvector_c_complex.c,1008,0,0.0,684,0,0.0,18,0,0.0,2,2,76,5,0,18,'76',0,18,18,0,6,444,0,444,342.0,19.0,0
modules/yaksa/src/backend/seq/pup/yaksuri_seqi_pup_blkhindx_hvector_c_double_complex.c,1008,58,0.0579999999999999,684,22,0.032,18,2,0.111,2,2,76,5,0,18,'76',0,18,18,0,6,444,0,444,342.0,19.0,0
modules/yaksa/src/backend/seq/pup/yaksuri_seqi_pup_blkhindx_hvector_c_long_double_complex.c,1008,0,0.0,684,0,0.0,18,0,0.0,2,2,76,5,0,18,'76',0,18,18,0,6,444,0,444,342.0,19.0,0
modules/yaksa/src/backend/seq/pup/yaksuri_seqi_pup_blkhindx_hvector_char.c,540,0,0.0,216,0,0.0,18,0,0.0,0,8,42,5,0,18,'42',0,18,18,0,6,444,0,444,126.0,7.0,0
modules/yaksa/src/backend/seq/pup/yaksuri_seqi_pup_blkhindx_hvector_double.c,1476,0,0.0,1008,0,0.0,18,0,0.0,2,2,110,5,0,18,'110',0,18,18,0,6,444,0,444,558.0,31.0,0
modules/yaksa/src/backend/seq/pup/yaksuri_seqi_pup_blkhindx_hvector_float.c,1476,0,0.0,1008,0,0.0,18,0,0.0,2,2,110,5,0,18,'110',0,18,18,0,6,444,0,444,558.0,31.0,0
modules/yaksa/src/backend/seq/pup/yaksuri_seqi_pup_blkhindx_hvector_int8_t.c,2880,0,0.0,2268,0,0.0,18,0,0.0,2,2,212,5,0,18,'212',0,18,18,0,6,444,0,444,1206.0,67.0,0
modules/yaksa/src/backend/seq/pup/yaksuri_seqi_pup_blkhindx_hvector_int16_t.c,2880,0,0.0,2268,0,0.0,18,0,0.0,2,2,212,5,0,18,'212',0,18,18,0,6,444,0,444,1206.0,67.0,0
modules/yaksa/src/backend/seq/pup/yaksuri_seqi_pup_blkhindx_hvector_int32_t.c,2880,261,0.091,2268,99,0.044,18,9,0.5,2,2,212,5,0,18,'212',0,18,18,0,6,444,0,444,1206.0,67.0,0
modules/yaksa/src/backend/seq/pup/yaksuri_seqi_pup_blkhindx_hvector_int64_t.c,2880,0,0.0,2268,0,0.0,18,0,0.0,0,68,212,5,0,18,'212',0,18,18,0,6,444,0,444,1206.0,67.0,0
modules/yaksa/src/backend/seq/pup/yaksuri_seqi_pup_blkhindx_hvector_long_double.c,1476,0,0.0,1008,0,0.0,18,0,0.0,2,2,110,5,0,18,'110',0,18,18,0,6,444,0,444,558.0,31.0,0
modules/yaksa/src/backend/seq/pup/yaksuri_seqi_pup_blkhindx_hvector_wchar_t.c,540,0,0.0,216,0,0.0,18,0,0.0,2,2,42,5,0,18,'42',0,18,18,0,6,444,0,444,126.0,7.0,0
modules/yaksa/src/backend/seq/pup/yaksuri_seqi_pup_blkhindx_int8_t.c,2016,0,0.0,1476,0,0.0,18,0,0.0,2,2,163,5,0,18,'163',0,18,18,0,6,444,0,444,810.0,45.0,0
modules/yaksa/src/backend/seq/pup/yaksuri_seqi_pup_blkhindx_int16_t.c,2016,0,0.0,1476,0,0.0,18,0,0.0,2,2,163,5,0,18,'163',0,18,18,0,6,444,0,444,810.0,45.0,0
modules/yaksa/src/backend/seq/pup/yaksuri_seqi_pup_blkhindx_int32_t.c,2016,261,0.129,1476,91,0.062,18,12,0.667,2,2,163,5,0,18,'163',0,18,18,0,6,444,0,444,810.0,45.0,0
modules/yaksa/src/backend/seq/pup/yaksuri_seqi_pup_blkhindx_int64_t.c,2016,0,0.0,1476,0,0.0,18,0,0.0,0,46,163,5,0,18,'163',0,18,18,0,6,444,0,444,810.0,45.0,0
modules/yaksa/src/backend/seq/pup/yaksuri_seqi_pup_blkhindx_long_double.c,1044,0,0.0,648,0,0.0,18,0,0.0,2,2,85,5,0,18,'85',0,18,18,0,6,444,0,444,378.0,21.0,0
modules/yaksa/src/backend/seq/pup/yaksuri_seqi_pup_blkhindx_resized__Bool.c,100,0,0.0,66,0,0.0,2,0,0.0,0,18,74,5,0,2,'74',0,2,2,0,6,444,0,444,34.0,17.0,0
modules/yaksa/src/backend/seq/pup/yaksuri_seqi_pup_blkhindx_resized_c_complex.c,82,0,0.0,52,0,0.0,2,0,0.0,2,2,61,5,0,2,'61',0,2,2,0,6,444,0,444,26.0,13.0,0
modules/yaksa/src/backend/seq/pup/yaksuri_seqi_pup_blkhindx_resized_c_double_complex.c,82,44,0.537,52,14,0.2689999999999999,2,2,1.0,2,2,61,5,0,2,'61',0,2,2,0,6,444,0,444,26.0,13.0,0
modules/yaksa/src/backend/seq/pup/yaksuri_seqi_pup_blkhindx_resized_c_long_double_complex.c,82,0,0.0,52,0,0.0,2,0,0.0,2,2,61,5,0,2,'61',0,2,2,0,6,444,0,444,26.0,13.0,0
modules/yaksa/src/backend/seq/pup/yaksuri_seqi_pup_blkhindx_resized_char.c,46,0,0.0,16,0,0.0,2,0,0.0,0,6,35,5,0,2,'35',0,2,2,0,6,444,0,444,10.0,5.0,0
modules/yaksa/src/backend/seq/pup/yaksuri_seqi_pup_blkhindx_resized_double.c,118,0,0.0,72,0,0.0,2,0,0.0,2,2,87,5,0,2,'87',0,2,2,0,6,444,0,444,42.0,21.0,0
modules/yaksa/src/backend/seq/pup/yaksuri_seqi_pup_blkhindx_resized_float.c,118,0,0.0,72,0,0.0,2,0,0.0,2,2,87,5,0,2,'87',0,2,2,0,6,444,0,444,42.0,21.0,0
modules/yaksa/src/backend/seq/pup/yaksuri_seqi_pup_blkhindx_resized_int8_t.c,226,0,0.0,164,0,0.0,2,0,0.0,2,2,165,5,0,2,'165',0,2,2,0,6,444,0,444,90.0,45.0,0
modules/yaksa/src/backend/seq/pup/yaksuri_seqi_pup_blkhindx_resized_int16_t.c,226,0,0.0,164,0,0.0,2,0,0.0,2,2,165,5,0,2,'165',0,2,2,0,6,444,0,444,90.0,45.0,0
modules/yaksa/src/backend/seq/pup/yaksuri_seqi_pup_blkhindx_resized_int32_t.c,226,44,0.195,164,14,0.085,2,2,1.0,2,2,165,5,0,2,'165',0,2,2,0,6,444,0,444,90.0,45.0,0
modules/yaksa/src/backend/seq/pup/yaksuri_seqi_pup_blkhindx_resized_int64_t.c,226,0,0.0,164,0,0.0,2,0,0.0,2,2,165,5,0,2,'165',0,2,2,0,6,444,0,444,90.0,45.0,0
modules/yaksa/src/backend/seq/pup/yaksuri_seqi_pup_blkhindx_resized_long_double.c,118,0,0.0,72,0,0.0,2,0,0.0,0,22,87,5,0,2,'87',0,2,2,0,6,444,0,444,42.0,21.0,0
modules/yaksa/src/backend/seq/pup/yaksuri_seqi_pup_blkhindx_resized_wchar_t.c,46,0,0.0,16,0,0.0,2,0,0.0,2,2,35,5,0,2,'35',0,2,2,0,6,444,0,444,10.0,5.0,0
modules/yaksa/src/backend/seq/pup/yaksuri_seqi_pup_blkhindx_wchar_t.c,396,0,0.0,144,0,0.0,18,0,0.0,2,2,33,5,0,18,'33',0,18,18,0,6,444,0,444,90.0,5.0,0
modules/yaksa/src/backend/seq/pup/yaksuri_seqi_pup_c_complex.c,48,0,0.0,28,0,0.0,2,0,0.0,2,2,42,5,0,2,'42',0,2,2,0,6,444,0,444,14.0,7.0,0
modules/yaksa/src/backend/seq/pup/yaksuri_seqi_pup_c_double_complex.c,48,0,0.0,28,0,0.0,2,0,0.0,2,2,42,5,0,2,'42',0,2,2,0,6,444,0,444,14.0,7.0,0
modules/yaksa/src/backend/seq/pup/yaksuri_seqi_pup_c_long_double_complex.c,48,0,0.0,28,0,0.0,2,0,0.0,2,2,42,5,0,2,'42',0,2,2,0,6,444,0,444,14.0,7.0,0
modules/yaksa/src/backend/seq/pup/yaksuri_seqi_pup_char.c,28,0,0.0,8,0,0.0,2,0,0.0,2,2,24,5,0,2,'24',0,2,2,0,6,444,0,444,6.0,3.0,0
modules/yaksa/src/backend/seq/pup/yaksuri_seqi_pup_contig__Bool.c,80,0,0.0,50,0,0.0,2,0,0.0,2,2,63,5,0,2,'63',0,2,2,0,6,444,0,444,26.0,13.0,0
modules/yaksa/src/backend/seq/pup/yaksuri_seqi_pup_contig_blkhindx__Bool.c,1080,0,0.0,738,0,0.0,18,0,0.0,0,22,84,5,0,18,'84',0,18,18,0,6,444,0,444,378.0,21.0,0
modules/yaksa/src/backend/seq/pup/yaksuri_seqi_pup_contig_blkhindx_c_complex.c,882,0,0.0,576,0,0.0,18,0,0.0,2,2,69,5,0,18,'69',0,18,18,0,6,444,0,444,288.0,16.0,0
modules/yaksa/src/backend/seq/pup/yaksuri_seqi_pup_contig_blkhindx_c_double_complex.c,882,26,0.0289999999999999,576,9,0.016,18,1,0.0559999999999999,2,2,69,5,0,18,'69',0,18,18,0,6,444,0,444,288.0,16.0,0
modules/yaksa/src/backend/seq/pup/yaksuri_seqi_pup_contig_blkhindx_c_long_double_complex.c,882,0,0.0,576,0,0.0,18,0,0.0,2,2,69,5,0,18,'69',0,18,18,0,6,444,0,444,288.0,16.0,0
modules/yaksa/src/backend/seq/pup/yaksuri_seqi_pup_contig_blkhindx_char.c,486,0,0.0,180,0,0.0,18,0,0.0,0,7,39,5,0,18,'39',0,18,18,0,6,444,0,444,108.0,6.0,0
modules/yaksa/src/backend/seq/pup/yaksuri_seqi_pup_contig_blkhindx_double.c,1278,0,0.0,828,0,0.0,18,0,0.0,2,2,99,5,0,18,'99',0,18,18,0,6,444,0,444,468.0,26.0,0
modules/yaksa/src/backend/seq/pup/yaksuri_seqi_pup_contig_blkhindx_float.c,1278,0,0.0,828,0,0.0,18,0,0.0,2,2,99,5,0,18,'99',0,18,18,0,6,444,0,444,468.0,26.0,0
modules/yaksa/src/backend/seq/pup/yaksuri_seqi_pup_contig_blkhindx_int8_t.c,2466,0,0.0,1872,0,0.0,18,0,0.0,2,2,189,5,0,18,'189',0,18,18,0,6,444,0,444,1008.0,56.0,0
modules/yaksa/src/backend/seq/pup/yaksuri_seqi_pup_contig_blkhindx_int16_t.c,2466,0,0.0,1872,0,0.0,18,0,0.0,2,2,189,5,0,18,'189',0,18,18,0,6,444,0,444,1008.0,56.0,0
modules/yaksa/src/backend/seq/pup/yaksuri_seqi_pup_contig_blkhindx_int32_t.c,2466,156,0.063,1872,54,0.0289999999999999,18,6,0.3329999999999999,2,2,189,5,0,18,'189',0,18,18,0,6,444,0,444,1008.0,56.0,0
modules/yaksa/src/backend/seq/pup/yaksuri_seqi_pup_contig_blkhindx_int64_t.c,2466,0,0.0,1872,0,0.0,18,0,0.0,0,57,189,5,0,18,'189',0,18,18,0,6,444,0,444,1008.0,56.0,0
modules/yaksa/src/backend/seq/pup/yaksuri_seqi_pup_contig_blkhindx_long_double.c,1278,0,0.0,828,0,0.0,18,0,0.0,2,2,99,5,0,18,'99',0,18,18,0,6,444,0,444,468.0,26.0,0
modules/yaksa/src/backend/seq/pup/yaksuri_seqi_pup_contig_blkhindx_wchar_t.c,486,0,0.0,180,0,0.0,18,0,0.0,2,2,39,5,0,18,'39',0,18,18,0,6,444,0,444,108.0,6.0,0
modules/yaksa/src/backend/seq/pup/yaksuri_seqi_pup_contig_c_complex.c,66,0,0.0,40,0,0.0,2,0,0.0,2,2,52,5,0,2,'52',0,2,2,0,6,444,0,444,20.0,10.0,0
modules/yaksa/src/backend/seq/pup/yaksuri_seqi_pup_contig_c_double_complex.c,66,0,0.0,40,0,0.0,2,0,0.0,2,2,52,5,0,2,'52',0,2,2,0,6,444,0,444,20.0,10.0,0
modules/yaksa/src/backend/seq/pup/yaksuri_seqi_pup_contig_c_long_double_complex.c,66,0,0.0,40,0,0.0,2,0,0.0,2,2,52,5,0,2,'52',0,2,2,0,6,444,0,444,20.0,10.0,0
modules/yaksa/src/backend/seq/pup/yaksuri_seqi_pup_contig_char.c,38,0,0.0,12,0,0.0,2,0,0.0,2,2,30,5,0,2,'30',0,2,2,0,6,444,0,444,8.0,4.0,0
modules/yaksa/src/backend/seq/pup/yaksuri_seqi_pup_contig_contig__Bool.c,102,0,0.0,66,0,0.0,2,0,0.0,2,2,75,5,0,2,'75',0,2,2,0,6,444,0,444,34.0,17.0,0
modules/yaksa/src/backend/seq/pup/yaksuri_seqi_pup_contig_contig_c_complex.c,84,0,0.0,52,0,0.0,2,0,0.0,2,2,62,5,0,2,'62',0,2,2,0,6,444,0,444,26.0,13.0,0
modules/yaksa/src/backend/seq/pup/yaksuri_seqi_pup_contig_contig_c_double_complex.c,84,0,0.0,52,0,0.0,2,0,0.0,2,2,62,5,0,2,'62',0,2,2,0,6,444,0,444,26.0,13.0,0
modules/yaksa/src/backend/seq/pup/yaksuri_seqi_pup_contig_contig_c_long_double_complex.c,84,0,0.0,52,0,0.0,2,0,0.0,0,14,62,5,0,2,'62',0,2,2,0,6,444,0,444,26.0,13.0,0
modules/yaksa/src/backend/seq/pup/yaksuri_seqi_pup_contig_contig_char.c,48,0,0.0,16,0,0.0,2,0,0.0,0,6,36,5,0,2,'36',0,2,2,0,6,444,0,444,10.0,5.0,0
modules/yaksa/src/backend/seq/pup/yaksuri_seqi_pup_contig_contig_double.c,120,0,0.0,72,0,0.0,2,0,0.0,0,22,88,5,0,2,'88',0,2,2,0,6,444,0,444,42.0,21.0,0
modules/yaksa/src/backend/seq/pup/yaksuri_seqi_pup_contig_contig_float.c,120,0,0.0,72,0,0.0,2,0,0.0,0,22,88,5,0,2,'88',0,2,2,0,6,444,0,444,42.0,21.0,0
modules/yaksa/src/backend/seq/pup/yaksuri_seqi_pup_contig_contig_int8_t.c,228,0,0.0,164,0,0.0,2,0,0.0,0,46,166,5,0,2,'166',0,2,2,0,6,444,0,444,90.0,45.0,0
modules/yaksa/src/backend/seq/pup/yaksuri_seqi_pup_contig_contig_int16_t.c,228,0,0.0,164,0,0.0,2,0,0.0,2,2,166,5,0,2,'166',0,2,2,0,6,444,0,444,90.0,45.0,0
modules/yaksa/src/backend/seq/pup/yaksuri_seqi_pup_contig_contig_int32_t.c,228,0,0.0,164,0,0.0,2,0,0.0,2,2,166,5,0,2,'166',0,2,2,0,6,444,0,444,90.0,45.0,0
modules/yaksa/src/backend/seq/pup/yaksuri_seqi_pup_contig_contig_int64_t.c,228,0,0.0,164,0,0.0,2,0,0.0,2,2,166,5,0,2,'166',0,2,2,0,6,444,0,444,90.0,45.0,0
modules/yaksa/src/backend/seq/pup/yaksuri_seqi_pup_contig_contig_long_double.c,120,0,0.0,72,0,0.0,2,0,0.0,2,2,88,5,0,2,'88',0,2,2,0,6,444,0,444,42.0,21.0,0
modules/yaksa/src/backend/seq/pup/yaksuri_seqi_pup_contig_contig_wchar_t.c,48,0,0.0,16,0,0.0,2,0,0.0,2,2,36,5,0,2,'36',0,2,2,0,6,444,0,444,10.0,5.0,0
modules/yaksa/src/backend/seq/pup/yaksuri_seqi_pup_contig_double.c,94,0,0.0,52,0,0.0,2,0,0.0,0,17,74,5,0,2,'74',0,2,2,0,6,444,0,444,32.0,16.0,0
modules/yaksa/src/backend/seq/pup/yaksuri_seqi_pup_contig_float.c,94,0,0.0,52,0,0.0,2,0,0.0,0,17,74,5,0,2,'74',0,2,2,0,6,444,0,444,32.0,16.0,0
modules/yaksa/src/backend/seq/pup/yaksuri_seqi_pup_contig_hindexed__Bool.c,120,0,0.0,82,0,0.0,2,0,0.0,0,22,84,5,0,2,'84',0,2,2,0,6,444,0,444,42.0,21.0,0
modules/yaksa/src/backend/seq/pup/yaksuri_seqi_pup_contig_hindexed_c_complex.c,98,0,0.0,64,0,0.0,2,0,0.0,0,17,69,5,0,2,'69',0,2,2,0,6,444,0,444,32.0,16.0,0
modules/yaksa/src/backend/seq/pup/yaksuri_seqi_pup_contig_hindexed_c_double_complex.c,98,0,0.0,64,0,0.0,2,0,0.0,2,2,69,5,0,2,'69',0,2,2,0,6,444,0,444,32.0,16.0,0
modules/yaksa/src/backend/seq/pup/yaksuri_seqi_pup_contig_hindexed_c_long_double_complex.c,98,0,0.0,64,0,0.0,2,0,0.0,0,17,69,5,0,2,'69',0,2,2,0,6,444,0,444,32.0,16.0,0
modules/yaksa/src/backend/seq/pup/yaksuri_seqi_pup_contig_hindexed_char.c,54,0,0.0,20,0,0.0,2,0,0.0,2,2,39,5,0,2,'39',0,2,2,0,6,444,0,444,12.0,6.0,0
modules/yaksa/src/backend/seq/pup/yaksuri_seqi_pup_contig_hindexed_double.c,142,0,0.0,92,0,0.0,2,0,0.0,2,2,99,5,0,2,'99',0,2,2,0,6,444,0,444,52.0,26.0,0
modules/yaksa/src/backend/seq/pup/yaksuri_seqi_pup_contig_hindexed_float.c,142,0,0.0,92,0,0.0,2,0,0.0,2,2,99,5,0,2,'99',0,2,2,0,6,444,0,444,52.0,26.0,0
modules/yaksa/src/backend/seq/pup/yaksuri_seqi_pup_contig_hindexed_int8_t.c,274,0,0.0,208,0,0.0,2,0,0.0,2,2,189,5,0,2,'189',0,2,2,0,6,444,0,444,112.0,56.0,0
modules/yaksa/src/backend/seq/pup/yaksuri_seqi_pup_contig_hindexed_int16_t.c,274,0,0.0,208,0,0.0,2,0,0.0,2,2,189,5,0,2,'189',0,2,2,0,6,444,0,444,112.0,56.0,0
modules/yaksa/src/backend/seq/pup/yaksuri_seqi_pup_contig_hindexed_int32_t.c,274,52,0.19,208,18,0.087,2,2,1.0,2,2,189,5,0,2,'189',0,2,2,0,6,444,0,444,112.0,56.0,0
modules/yaksa/src/backend/seq/pup/yaksuri_seqi_pup_contig_hindexed_int64_t.c,274,0,0.0,208,0,0.0,2,0,0.0,0,57,189,5,0,2,'189',0,2,2,0,6,444,0,444,112.0,56.0,0
modules/yaksa/src/backend/seq/pup/yaksuri_seqi_pup_contig_hindexed_long_double.c,142,0,0.0,92,0,0.0,2,0,0.0,2,2,99,5,0,2,'99',0,2,2,0,6,444,0,444,52.0,26.0,0
modules/yaksa/src/backend/seq/pup/yaksuri_seqi_pup_contig_hindexed_wchar_t.c,54,0,0.0,20,0,0.0,2,0,0.0,2,2,39,5,0,2,'39',0,2,2,0,6,444,0,444,12.0,6.0,0
modules/yaksa/src/backend/seq/pup/yaksuri_seqi_pup_contig_hvector__Bool.c,1080,0,0.0,738,0,0.0,18,0,0.0,2,2,84,5,0,18,'84',0,18,18,0,6,444,0,444,378.0,21.0,0
modules/yaksa/src/backend/seq/pup/yaksuri_seqi_pup_contig_hvector_c_complex.c,882,0,0.0,576,0,0.0,18,0,0.0,2,2,69,5,0,18,'69',0,18,18,0,6,444,0,444,288.0,16.0,0
modules/yaksa/src/backend/seq/pup/yaksuri_seqi_pup_contig_hvector_c_double_complex.c,882,0,0.0,576,0,0.0,18,0,0.0,2,2,69,5,0,18,'69',0,18,18,0,6,444,0,444,288.0,16.0,0
modules/yaksa/src/backend/seq/pup/yaksuri_seqi_pup_contig_hvector_c_long_double_complex.c,882,0,0.0,576,0,0.0,18,0,0.0,0,17,69,5,0,18,'69',0,18,18,0,6,444,0,444,288.0,16.0,0
modules/yaksa/src/backend/seq/pup/yaksuri_seqi_pup_contig_hvector_char.c,486,0,0.0,180,0,0.0,18,0,0.0,2,2,39,5,0,18,'39',0,18,18,0,6,444,0,444,108.0,6.0,0
modules/yaksa/src/backend/seq/pup/yaksuri_seqi_pup_contig_hvector_double.c,1278,0,0.0,828,0,0.0,18,0,0.0,0,27,99,5,0,18,'99',0,18,18,0,6,444,0,444,468.0,26.0,0
modules/yaksa/src/backend/seq/pup/yaksuri_seqi_pup_contig_hvector_float.c,1278,0,0.0,828,0,0.0,18,0,0.0,2,2,99,5,0,18,'99',0,18,18,0,6,444,0,444,468.0,26.0,0
modules/yaksa/src/backend/seq/pup/yaksuri_seqi_pup_contig_hvector_int8_t.c,2466,0,0.0,1872,0,0.0,18,0,0.0,0,57,189,5,0,18,'189',0,18,18,0,6,444,0,444,1008.0,56.0,0
modules/yaksa/src/backend/seq/pup/yaksuri_seqi_pup_contig_hvector_int16_t.c,2466,0,0.0,1872,0,0.0,18,0,0.0,2,2,189,5,0,18,'189',0,18,18,0,6,444,0,444,1008.0,56.0,0
modules/yaksa/src/backend/seq/pup/yaksuri_seqi_pup_contig_hvector_int32_t.c,2466,156,0.063,1872,54,0.0289999999999999,18,6,0.3329999999999999,2,2,189,5,0,18,'189',0,18,18,0,6,444,0,444,1008.0,56.0,0
modules/yaksa/src/backend/seq/pup/yaksuri_seqi_pup_contig_hvector_int64_t.c,2466,0,0.0,1872,0,0.0,18,0,0.0,2,2,189,5,0,18,'189',0,18,18,0,6,444,0,444,1008.0,56.0,0
modules/yaksa/src/backend/seq/pup/yaksuri_seqi_pup_contig_hvector_long_double.c,1278,0,0.0,828,0,0.0,18,0,0.0,2,2,99,5,0,18,'99',0,18,18,0,6,444,0,444,468.0,26.0,0
modules/yaksa/src/backend/seq/pup/yaksuri_seqi_pup_contig_hvector_wchar_t.c,486,0,0.0,180,0,0.0,18,0,0.0,2,2,39,5,0,18,'39',0,18,18,0,6,444,0,444,108.0,6.0,0
modules/yaksa/src/backend/seq/pup/yaksuri_seqi_pup_contig_int8_t.c,178,0,0.0,120,0,0.0,2,0,0.0,0,35,140,5,0,2,'140',0,2,2,0,6,444,0,444,68.0,34.0,0
modules/yaksa/src/backend/seq/pup/yaksuri_seqi_pup_contig_int16_t.c,178,0,0.0,120,0,0.0,2,0,0.0,0,35,140,5,0,2,'140',0,2,2,0,6,444,0,444,68.0,34.0,0
modules/yaksa/src/backend/seq/pup/yaksuri_seqi_pup_contig_int32_t.c,178,18,0.1009999999999999,120,5,0.042,2,1,0.5,2,2,140,5,0,2,'140',0,2,2,0,6,444,0,444,68.0,34.0,0
modules/yaksa/src/backend/seq/pup/yaksuri_seqi_pup_contig_int64_t.c,178,0,0.0,120,0,0.0,2,0,0.0,0,35,140,5,0,2,'140',0,2,2,0,6,444,0,444,68.0,34.0,0
modules/yaksa/src/backend/seq/pup/yaksuri_seqi_pup_contig_long_double.c,94,0,0.0,52,0,0.0,2,0,0.0,2,2,74,5,0,2,'74',0,2,2,0,6,444,0,444,32.0,16.0,0
modules/yaksa/src/backend/seq/pup/yaksuri_seqi_pup_contig_resized__Bool.c,82,0,0.0,50,0,0.0,2,0,0.0,2,2,65,5,0,2,'65',0,2,2,0,6,444,0,444,26.0,13.0,0
modules/yaksa/src/backend/seq/pup/yaksuri_seqi_pup_contig_resized_c_complex.c,68,0,0.0,40,0,0.0,2,0,0.0,2,2,54,5,0,2,'54',0,2,2,0,6,444,0,444,20.0,10.0,0
modules/yaksa/src/backend/seq/pup/yaksuri_seqi_pup_contig_resized_c_double_complex.c,68,38,0.5589999999999999,40,10,0.25,2,2,1.0,2,2,54,5,0,2,'54',0,2,2,0,6,444,0,444,20.0,10.0,0
modules/yaksa/src/backend/seq/pup/yaksuri_seqi_pup_contig_resized_c_long_double_complex.c,68,0,0.0,40,0,0.0,2,0,0.0,2,2,54,5,0,2,'54',0,2,2,0,6,444,0,444,20.0,10.0,0
modules/yaksa/src/backend/seq/pup/yaksuri_seqi_pup_contig_resized_char.c,40,0,0.0,12,0,0.0,2,0,0.0,2,2,32,5,0,2,'32',0,2,2,0,6,444,0,444,8.0,4.0,0
modules/yaksa/src/backend/seq/pup/yaksuri_seqi_pup_contig_resized_double.c,96,0,0.0,52,0,0.0,2,0,0.0,2,2,76,5,0,2,'76',0,2,2,0,6,444,0,444,32.0,16.0,0
modules/yaksa/src/backend/seq/pup/yaksuri_seqi_pup_contig_resized_float.c,96,0,0.0,52,0,0.0,2,0,0.0,2,2,76,5,0,2,'76',0,2,2,0,6,444,0,444,32.0,16.0,0
modules/yaksa/src/backend/seq/pup/yaksuri_seqi_pup_contig_resized_int8_t.c,180,0,0.0,120,0,0.0,2,0,0.0,2,2,142,5,0,2,'142',0,2,2,0,6,444,0,444,68.0,34.0,0
modules/yaksa/src/backend/seq/pup/yaksuri_seqi_pup_contig_resized_int16_t.c,180,0,0.0,120,0,0.0,2,0,0.0,2,2,142,5,0,2,'142',0,2,2,0,6,444,0,444,68.0,34.0,0
modules/yaksa/src/backend/seq/pup/yaksuri_seqi_pup_contig_resized_int32_t.c,180,38,0.211,120,10,0.083,2,2,1.0,2,2,142,5,0,2,'142',0,2,2,0,6,444,0,444,68.0,34.0,0
modules/yaksa/src/backend/seq/pup/yaksuri_seqi_pup_contig_resized_int64_t.c,180,0,0.0,120,0,0.0,2,0,0.0,0,35,142,5,0,2,'142',0,2,2,0,6,444,0,444,68.0,34.0,0
modules/yaksa/src/backend/seq/pup/yaksuri_seqi_pup_contig_resized_long_double.c,96,0,0.0,52,0,0.0,2,0,0.0,0,17,76,5,0,2,'76',0,2,2,0,6,444,0,444,32.0,16.0,0
modules/yaksa/src/backend/seq/pup/yaksuri_seqi_pup_contig_resized_wchar_t.c,40,0,0.0,12,0,0.0,2,0,0.0,2,2,32,5,0,2,'32',0,2,2,0,6,444,0,444,8.0,4.0,0
modules/yaksa/src/backend/seq/pup/yaksuri_seqi_pup_contig_wchar_t.c,38,0,0.0,12,0,0.0,2,0,0.0,2,2,30,5,0,2,'30',0,2,2,0,6,444,0,444,8.0,4.0,0
modules/yaksa/src/backend/seq/pup/yaksuri_seqi_pup_double.c,68,0,0.0,32,0,0.0,2,0,0.0,2,2,60,5,0,2,'60',0,2,2,0,6,444,0,444,22.0,11.0,0
modules/yaksa/src/backend/seq/pup/yaksuri_seqi_pup_float.c,68,0,0.0,32,0,0.0,2,0,0.0,2,2,60,5,0,2,'60',0,2,2,0,6,444,0,444,22.0,11.0,0
modules/yaksa/src/backend/seq/pup/yaksuri_seqi_pup_hindexed__Bool.c,98,0,0.0,66,0,0.0,2,0,0.0,2,2,72,5,0,2,'72',0,2,2,0,6,444,0,444,34.0,17.0,0
modules/yaksa/src/backend/seq/pup/yaksuri_seqi_pup_hindexed_blkhindx__Bool.c,1242,0,0.0,882,0,0.0,18,0,0.0,2,2,93,5,0,18,'93',0,18,18,0,6,444,0,444,450.0,25.0,0
modules/yaksa/src/backend/seq/pup/yaksuri_seqi_pup_hindexed_blkhindx_c_complex.c,1008,0,0.0,684,0,0.0,18,0,0.0,2,2,76,5,0,18,'76',0,18,18,0,6,444,0,444,342.0,19.0,0
modules/yaksa/src/backend/seq/pup/yaksuri_seqi_pup_hindexed_blkhindx_c_double_complex.c,1008,0,0.0,684,0,0.0,18,0,0.0,2,2,76,5,0,18,'76',0,18,18,0,6,444,0,444,342.0,19.0,0
modules/yaksa/src/backend/seq/pup/yaksuri_seqi_pup_hindexed_blkhindx_c_long_double_complex.c,1008,0,0.0,684,0,0.0,18,0,0.0,2,2,76,5,0,18,'76',0,18,18,0,6,444,0,444,342.0,19.0,0
modules/yaksa/src/backend/seq/pup/yaksuri_seqi_pup_hindexed_blkhindx_char.c,540,0,0.0,216,0,0.0,18,0,0.0,2,2,42,5,0,18,'42',0,18,18,0,6,444,0,444,126.0,7.0,0
modules/yaksa/src/backend/seq/pup/yaksuri_seqi_pup_hindexed_blkhindx_double.c,1476,0,0.0,1008,0,0.0,18,0,0.0,2,2,110,5,0,18,'110',0,18,18,0,6,444,0,444,558.0,31.0,0
modules/yaksa/src/backend/seq/pup/yaksuri_seqi_pup_hindexed_blkhindx_float.c,1476,0,0.0,1008,0,0.0,18,0,0.0,2,2,110,5,0,18,'110',0,18,18,0,6,444,0,444,558.0,31.0,0
modules/yaksa/src/backend/seq/pup/yaksuri_seqi_pup_hindexed_blkhindx_int8_t.c,2880,0,0.0,2268,0,0.0,18,0,0.0,2,2,212,5,0,18,'212',0,18,18,0,6,444,0,444,1206.0,67.0,0
modules/yaksa/src/backend/seq/pup/yaksuri_seqi_pup_hindexed_blkhindx_int16_t.c,2880,0,0.0,2268,0,0.0,18,0,0.0,2,2,212,5,0,18,'212',0,18,18,0,6,444,0,444,1206.0,67.0,0
modules/yaksa/src/backend/seq/pup/yaksuri_seqi_pup_hindexed_blkhindx_int32_t.c,2880,116,0.04,2268,44,0.019,18,4,0.222,0,68,212,5,0,18,'212',0,18,18,0,6,444,0,444,1206.0,67.0,0
modules/yaksa/src/backend/seq/pup/yaksuri_seqi_pup_hindexed_blkhindx_int64_t.c,2880,0,0.0,2268,0,0.0,18,0,0.0,2,2,212,5,0,18,'212',0,18,18,0,6,444,0,444,1206.0,67.0,0
modules/yaksa/src/backend/seq/pup/yaksuri_seqi_pup_hindexed_blkhindx_long_double.c,1476,0,0.0,1008,0,0.0,18,0,0.0,2,2,110,5,0,18,'110',0,18,18,0,6,444,0,444,558.0,31.0,0
modules/yaksa/src/backend/seq/pup/yaksuri_seqi_pup_hindexed_blkhindx_wchar_t.c,540,0,0.0,216,0,0.0,18,0,0.0,0,8,42,5,0,18,'42',0,18,18,0,6,444,0,444,126.0,7.0,0
modules/yaksa/src/backend/seq/pup/yaksuri_seqi_pup_hindexed_c_complex.c,80,0,0.0,52,0,0.0,2,0,0.0,0,14,59,5,0,2,'59',0,2,2,0,6,444,0,444,26.0,13.0,0
modules/yaksa/src/backend/seq/pup/yaksuri_seqi_pup_hindexed_c_double_complex.c,80,42,0.525,52,14,0.2689999999999999,2,2,1.0,0,14,59,5,0,2,'59',0,2,2,0,6,444,0,444,26.0,13.0,0
modules/yaksa/src/backend/seq/pup/yaksuri_seqi_pup_hindexed_c_long_double_complex.c,80,0,0.0,52,0,0.0,2,0,0.0,2,2,59,5,0,2,'59',0,2,2,0,6,444,0,444,26.0,13.0,0
modules/yaksa/src/backend/seq/pup/yaksuri_seqi_pup_hindexed_char.c,44,0,0.0,16,0,0.0,2,0,0.0,2,2,33,5,0,2,'33',0,2,2,0,6,444,0,444,10.0,5.0,0
modules/yaksa/src/backend/seq/pup/yaksuri_seqi_pup_hindexed_contig__Bool.c,120,0,0.0,82,0,0.0,2,0,0.0,2,2,84,5,0,2,'84',0,2,2,0,6,444,0,444,42.0,21.0,0
modules/yaksa/src/backend/seq/pup/yaksuri_seqi_pup_hindexed_contig_c_complex.c,98,0,0.0,64,0,0.0,2,0,0.0,0,17,69,5,0,2,'69',0,2,2,0,6,444,0,444,32.0,16.0,0
modules/yaksa/src/backend/seq/pup/yaksuri_seqi_pup_hindexed_contig_c_double_complex.c,98,0,0.0,64,0,0.0,2,0,0.0,2,2,69,5,0,2,'69',0,2,2,0,6,444,0,444,32.0,16.0,0
modules/yaksa/src/backend/seq/pup/yaksuri_seqi_pup_hindexed_contig_c_long_double_complex.c,98,0,0.0,64,0,0.0,2,0,0.0,0,17,69,5,0,2,'69',0,2,2,0,6,444,0,444,32.0,16.0,0
modules/yaksa/src/backend/seq/pup/yaksuri_seqi_pup_hindexed_contig_char.c,54,0,0.0,20,0,0.0,2,0,0.0,0,7,39,5,0,2,'39',0,2,2,0,6,444,0,444,12.0,6.0,0
modules/yaksa/src/backend/seq/pup/yaksuri_seqi_pup_hindexed_contig_double.c,142,0,0.0,92,0,0.0,2,0,0.0,2,2,99,5,0,2,'99',0,2,2,0,6,444,0,444,52.0,26.0,0
modules/yaksa/src/backend/seq/pup/yaksuri_seqi_pup_hindexed_contig_float.c,142,0,0.0,92,0,0.0,2,0,0.0,2,2,99,5,0,2,'99',0,2,2,0,6,444,0,444,52.0,26.0,0
modules/yaksa/src/backend/seq/pup/yaksuri_seqi_pup_hindexed_contig_int8_t.c,274,0,0.0,208,0,0.0,2,0,0.0,2,2,189,5,0,2,'189',0,2,2,0,6,444,0,444,112.0,56.0,0
modules/yaksa/src/backend/seq/pup/yaksuri_seqi_pup_hindexed_contig_int16_t.c,274,0,0.0,208,0,0.0,2,0,0.0,2,2,189,5,0,2,'189',0,2,2,0,6,444,0,444,112.0,56.0,0
modules/yaksa/src/backend/seq/pup/yaksuri_seqi_pup_hindexed_contig_int32_t.c,274,52,0.19,208,18,0.087,2,2,1.0,2,2,189,5,0,2,'189',0,2,2,0,6,444,0,444,112.0,56.0,0
modules/yaksa/src/backend/seq/pup/yaksuri_seqi_pup_hindexed_contig_int64_t.c,274,0,0.0,208,0,0.0,2,0,0.0,0,57,189,5,0,2,'189',0,2,2,0,6,444,0,444,112.0,56.0,0
modules/yaksa/src/backend/seq/pup/yaksuri_seqi_pup_hindexed_contig_long_double.c,142,0,0.0,92,0,0.0,2,0,0.0,2,2,99,5,0,2,'99',0,2,2,0,6,444,0,444,52.0,26.0,0
modules/yaksa/src/backend/seq/pup/yaksuri_seqi_pup_hindexed_contig_wchar_t.c,54,0,0.0,20,0,0.0,2,0,0.0,2,2,39,5,0,2,'39',0,2,2,0,6,444,0,444,12.0,6.0,0
modules/yaksa/src/backend/seq/pup/yaksuri_seqi_pup_hindexed_double.c,116,0,0.0,72,0,0.0,2,0,0.0,0,22,85,5,0,2,'85',0,2,2,0,6,444,0,444,42.0,21.0,0
modules/yaksa/src/backend/seq/pup/yaksuri_seqi_pup_hindexed_float.c,116,42,0.362,72,14,0.1939999999999999,2,2,1.0,2,2,85,5,0,2,'85',0,2,2,0,6,444,0,444,42.0,21.0,0
modules/yaksa/src/backend/seq/pup/yaksuri_seqi_pup_hindexed_hindexed__Bool.c,138,0,0.0,98,0,0.0,2,0,0.0,2,2,93,5,0,2,'93',0,2,2,0,6,444,0,444,50.0,25.0,0
modules/yaksa/src/backend/seq/pup/yaksuri_seqi_pup_hindexed_hindexed_c_complex.c,112,0,0.0,76,0,0.0,2,0,0.0,2,2,76,5,0,2,'76',0,2,2,0,6,444,0,444,38.0,19.0,0
modules/yaksa/src/backend/seq/pup/yaksuri_seqi_pup_hindexed_hindexed_c_double_complex.c,112,0,0.0,76,0,0.0,2,0,0.0,0,20,76,5,0,2,'76',0,2,2,0,6,444,0,444,38.0,19.0,0
modules/yaksa/src/backend/seq/pup/yaksuri_seqi_pup_hindexed_hindexed_c_long_double_complex.c,112,0,0.0,76,0,0.0,2,0,0.0,0,20,76,5,0,2,'76',0,2,2,0,6,444,0,444,38.0,19.0,0
modules/yaksa/src/backend/seq/pup/yaksuri_seqi_pup_hindexed_hindexed_char.c,60,0,0.0,24,0,0.0,2,0,0.0,2,2,42,5,0,2,'42',0,2,2,0,6,444,0,444,14.0,7.0,0
modules/yaksa/src/backend/seq/pup/yaksuri_seqi_pup_hindexed_hindexed_double.c,164,0,0.0,112,0,0.0,2,0,0.0,2,2,110,5,0,2,'110',0,2,2,0,6,444,0,444,62.0,31.0,0
modules/yaksa/src/backend/seq/pup/yaksuri_seqi_pup_hindexed_hindexed_float.c,164,0,0.0,112,0,0.0,2,0,0.0,2,2,110,5,0,2,'110',0,2,2,0,6,444,0,444,62.0,31.0,0
modules/yaksa/src/backend/seq/pup/yaksuri_seqi_pup_hindexed_hindexed_int8_t.c,320,29,0.091,252,11,0.044,2,1,0.5,2,2,212,5,0,2,'212',0,2,2,0,6,444,0,444,134.0,67.0,0
modules/yaksa/src/backend/seq/pup/yaksuri_seqi_pup_hindexed_hindexed_int16_t.c,320,0,0.0,252,0,0.0,2,0,0.0,2,2,212,5,0,2,'212',0,2,2,0,6,444,0,444,134.0,67.0,0
modules/yaksa/src/backend/seq/pup/yaksuri_seqi_pup_hindexed_hindexed_int32_t.c,320,58,0.181,252,22,0.087,2,2,1.0,0,68,212,5,0,2,'212',0,2,2,0,6,444,0,444,134.0,67.0,0
modules/yaksa/src/backend/seq/pup/yaksuri_seqi_pup_hindexed_hindexed_int64_t.c,320,0,0.0,252,0,0.0,2,0,0.0,2,2,212,5,0,2,'212',0,2,2,0,6,444,0,444,134.0,67.0,0
modules/yaksa/src/backend/seq/pup/yaksuri_seqi_pup_hindexed_hindexed_long_double.c,164,0,0.0,112,0,0.0,2,0,0.0,0,32,110,5,0,2,'110',0,2,2,0,6,444,0,444,62.0,31.0,0
modules/yaksa/src/backend/seq/pup/yaksuri_seqi_pup_hindexed_hindexed_wchar_t.c,60,0,0.0,24,0,0.0,2,0,0.0,0,8,42,5,0,2,'42',0,2,2,0,6,444,0,444,14.0,7.0,0
modules/yaksa/src/backend/seq/pup/yaksuri_seqi_pup_hindexed_hvector__Bool.c,1242,0,0.0,882,0,0.0,18,0,0.0,2,2,93,5,0,18,'93',0,18,18,0,6,444,0,444,450.0,25.0,0
modules/yaksa/src/backend/seq/pup/yaksuri_seqi_pup_hindexed_hvector_c_complex.c,1008,0,0.0,684,0,0.0,18,0,0.0,2,2,76,5,0,18,'76',0,18,18,0,6,444,0,444,342.0,19.0,0
modules/yaksa/src/backend/seq/pup/yaksuri_seqi_pup_hindexed_hvector_c_double_complex.c,1008,0,0.0,684,0,0.0,18,0,0.0,2,2,76,5,0,18,'76',0,18,18,0,6,444,0,444,342.0,19.0,0
modules/yaksa/src/backend/seq/pup/yaksuri_seqi_pup_hindexed_hvector_c_long_double_complex.c,1008,0,0.0,684,0,0.0,18,0,0.0,2,2,76,5,0,18,'76',0,18,18,0,6,444,0,444,342.0,19.0,0
modules/yaksa/src/backend/seq/pup/yaksuri_seqi_pup_hindexed_hvector_char.c,540,0,0.0,216,0,0.0,18,0,0.0,0,8,42,5,0,18,'42',0,18,18,0,6,444,0,444,126.0,7.0,0
modules/yaksa/src/backend/seq/pup/yaksuri_seqi_pup_hindexed_hvector_double.c,1476,0,0.0,1008,0,0.0,18,0,0.0,2,2,110,5,0,18,'110',0,18,18,0,6,444,0,444,558.0,31.0,0
modules/yaksa/src/backend/seq/pup/yaksuri_seqi_pup_hindexed_hvector_float.c,1476,0,0.0,1008,0,0.0,18,0,0.0,0,32,110,5,0,18,'110',0,18,18,0,6,444,0,444,558.0,31.0,0
modules/yaksa/src/backend/seq/pup/yaksuri_seqi_pup_hindexed_hvector_int8_t.c,2880,0,0.0,2268,0,0.0,18,0,0.0,2,2,212,5,0,18,'212',0,18,18,0,6,444,0,444,1206.0,67.0,0
modules/yaksa/src/backend/seq/pup/yaksuri_seqi_pup_hindexed_hvector_int16_t.c,2880,0,0.0,2268,0,0.0,18,0,0.0,2,2,212,5,0,18,'212',0,18,18,0,6,444,0,444,1206.0,67.0,0
modules/yaksa/src/backend/seq/pup/yaksuri_seqi_pup_hindexed_hvector_int32_t.c,2880,174,0.06,2268,66,0.0289999999999999,18,6,0.3329999999999999,2,2,212,5,0,18,'212',0,18,18,0,6,444,0,444,1206.0,67.0,0
modules/yaksa/src/backend/seq/pup/yaksuri_seqi_pup_hindexed_hvector_int64_t.c,2880,0,0.0,2268,0,0.0,18,0,0.0,0,68,212,5,0,18,'212',0,18,18,0,6,444,0,444,1206.0,67.0,0
modules/yaksa/src/backend/seq/pup/yaksuri_seqi_pup_hindexed_hvector_long_double.c,1476,0,0.0,1008,0,0.0,18,0,0.0,0,32,110,5,0,18,'110',0,18,18,0,6,444,0,444,558.0,31.0,0
modules/yaksa/src/backend/seq/pup/yaksuri_seqi_pup_hindexed_hvector_wchar_t.c,540,0,0.0,216,0,0.0,18,0,0.0,2,2,42,5,0,18,'42',0,18,18,0,6,444,0,444,126.0,7.0,0
modules/yaksa/src/backend/seq/pup/yaksuri_seqi_pup_hindexed_int8_t.c,224,42,0.188,164,14,0.085,2,2,1.0,0,46,163,5,0,2,'163',0,2,2,0,6,444,0,444,90.0,45.0,0
modules/yaksa/src/backend/seq/pup/yaksuri_seqi_pup_hindexed_int16_t.c,224,0,0.0,164,0,0.0,2,0,0.0,2,2,163,5,0,2,'163',0,2,2,0,6,444,0,444,90.0,45.0,0
modules/yaksa/src/backend/seq/pup/yaksuri_seqi_pup_hindexed_int32_t.c,224,42,0.188,164,14,0.085,2,2,1.0,2,2,163,5,0,2,'163',0,2,2,0,6,444,0,444,90.0,45.0,0
modules/yaksa/src/backend/seq/pup/yaksuri_seqi_pup_hindexed_int64_t.c,224,0,0.0,164,0,0.0,2,0,0.0,0,46,163,5,0,2,'163',0,2,2,0,6,444,0,444,90.0,45.0,0
modules/yaksa/src/backend/seq/pup/yaksuri_seqi_pup_hindexed_long_double.c,116,0,0.0,72,0,0.0,2,0,0.0,2,2,85,5,0,2,'85',0,2,2,0,6,444,0,444,42.0,21.0,0
modules/yaksa/src/backend/seq/pup/yaksuri_seqi_pup_hindexed_resized__Bool.c,100,0,0.0,66,0,0.0,2,0,0.0,2,2,74,5,0,2,'74',0,2,2,0,6,444,0,444,34.0,17.0,0
modules/yaksa/src/backend/seq/pup/yaksuri_seqi_pup_hindexed_resized_c_complex.c,82,0,0.0,52,0,0.0,2,0,0.0,2,2,61,5,0,2,'61',0,2,2,0,6,444,0,444,26.0,13.0,0
modules/yaksa/src/backend/seq/pup/yaksuri_seqi_pup_hindexed_resized_c_double_complex.c,82,0,0.0,52,0,0.0,2,0,0.0,2,2,61,5,0,2,'61',0,2,2,0,6,444,0,444,26.0,13.0,0
modules/yaksa/src/backend/seq/pup/yaksuri_seqi_pup_hindexed_resized_c_long_double_complex.c,82,0,0.0,52,0,0.0,2,0,0.0,0,14,61,5,0,2,'61',0,2,2,0,6,444,0,444,26.0,13.0,0
modules/yaksa/src/backend/seq/pup/yaksuri_seqi_pup_hindexed_resized_char.c,46,0,0.0,16,0,0.0,2,0,0.0,0,6,35,5,0,2,'35',0,2,2,0,6,444,0,444,10.0,5.0,0
modules/yaksa/src/backend/seq/pup/yaksuri_seqi_pup_hindexed_resized_double.c,118,0,0.0,72,0,0.0,2,0,0.0,0,22,87,5,0,2,'87',0,2,2,0,6,444,0,444,42.0,21.0,0
modules/yaksa/src/backend/seq/pup/yaksuri_seqi_pup_hindexed_resized_float.c,118,0,0.0,72,0,0.0,2,0,0.0,0,22,87,5,0,2,'87',0,2,2,0,6,444,0,444,42.0,21.0,0
modules/yaksa/src/backend/seq/pup/yaksuri_seqi_pup_hindexed_resized_int8_t.c,226,0,0.0,164,0,0.0,2,0,0.0,0,46,165,5,0,2,'165',0,2,2,0,6,444,0,444,90.0,45.0,0
modules/yaksa/src/backend/seq/pup/yaksuri_seqi_pup_hindexed_resized_int16_t.c,226,0,0.0,164,0,0.0,2,0,0.0,2,2,165,5,0,2,'165',0,2,2,0,6,444,0,444,90.0,45.0,0
modules/yaksa/src/backend/seq/pup/yaksuri_seqi_pup_hindexed_resized_int32_t.c,226,44,0.195,164,14,0.085,2,2,1.0,2,2,165,5,0,2,'165',0,2,2,0,6,444,0,444,90.0,45.0,0
modules/yaksa/src/backend/seq/pup/yaksuri_seqi_pup_hindexed_resized_int64_t.c,226,0,0.0,164,0,0.0,2,0,0.0,2,2,165,5,0,2,'165',0,2,2,0,6,444,0,444,90.0,45.0,0
modules/yaksa/src/backend/seq/pup/yaksuri_seqi_pup_hindexed_resized_long_double.c,118,0,0.0,72,0,0.0,2,0,0.0,0,22,87,5,0,2,'87',0,2,2,0,6,444,0,444,42.0,21.0,0
modules/yaksa/src/backend/seq/pup/yaksuri_seqi_pup_hindexed_resized_wchar_t.c,46,0,0.0,16,0,0.0,2,0,0.0,2,2,35,5,0,2,'35',0,2,2,0,6,444,0,444,10.0,5.0,0
modules/yaksa/src/backend/seq/pup/yaksuri_seqi_pup_hindexed_wchar_t.c,44,0,0.0,16,0,0.0,2,0,0.0,2,2,33,5,0,2,'33',0,2,2,0,6,444,0,444,10.0,5.0,0
modules/yaksa/src/backend/seq/pup/yaksuri_seqi_pup_hvector__Bool.c,882,0,0.0,594,0,0.0,18,0,0.0,2,2,72,5,0,18,'72',0,18,18,0,6,444,0,444,306.0,17.0,0
modules/yaksa/src/backend/seq/pup/yaksuri_seqi_pup_hvector_blkhindx__Bool.c,1242,0,0.0,882,0,0.0,18,0,0.0,2,2,93,5,0,18,'93',0,18,18,0,6,444,0,444,450.0,25.0,0
modules/yaksa/src/backend/seq/pup/yaksuri_seqi_pup_hvector_blkhindx_c_complex.c,1008,0,0.0,684,0,0.0,18,0,0.0,0,20,76,5,0,18,'76',0,18,18,0,6,444,0,444,342.0,19.0,0
modules/yaksa/src/backend/seq/pup/yaksuri_seqi_pup_hvector_blkhindx_c_double_complex.c,1008,87,0.086,684,33,0.048,18,3,0.1669999999999999,2,2,76,5,0,18,'76',0,18,18,0,6,444,0,444,342.0,19.0,0
modules/yaksa/src/backend/seq/pup/yaksuri_seqi_pup_hvector_blkhindx_c_long_double_complex.c,1008,0,0.0,684,0,0.0,18,0,0.0,2,2,76,5,0,18,'76',0,18,18,0,6,444,0,444,342.0,19.0,0
modules/yaksa/src/backend/seq/pup/yaksuri_seqi_pup_hvector_blkhindx_char.c,540,0,0.0,216,0,0.0,18,0,0.0,2,2,42,5,0,18,'42',0,18,18,0,6,444,0,444,126.0,7.0,0
modules/yaksa/src/backend/seq/pup/yaksuri_seqi_pup_hvector_blkhindx_double.c,1476,0,0.0,1008,0,0.0,18,0,0.0,0,32,110,5,0,18,'110',0,18,18,0,6,444,0,444,558.0,31.0,0
modules/yaksa/src/backend/seq/pup/yaksuri_seqi_pup_hvector_blkhindx_float.c,1476,0,0.0,1008,0,0.0,18,0,0.0,0,32,110,5,0,18,'110',0,18,18,0,6,444,0,444,558.0,31.0,0
modules/yaksa/src/backend/seq/pup/yaksuri_seqi_pup_hvector_blkhindx_int8_t.c,2880,0,0.0,2268,0,0.0,18,0,0.0,0,68,212,5,0,18,'212',0,18,18,0,6,444,0,444,1206.0,67.0,0
modules/yaksa/src/backend/seq/pup/yaksuri_seqi_pup_hvector_blkhindx_int16_t.c,2880,0,0.0,2268,0,0.0,18,0,0.0,0,68,212,5,0,18,'212',0,18,18,0,6,444,0,444,1206.0,67.0,0
modules/yaksa/src/backend/seq/pup/yaksuri_seqi_pup_hvector_blkhindx_int32_t.c,2880,232,0.081,2268,88,0.039,18,8,0.444,2,2,212,5,0,18,'212',0,18,18,0,6,444,0,444,1206.0,67.0,0
modules/yaksa/src/backend/seq/pup/yaksuri_seqi_pup_hvector_blkhindx_int64_t.c,2880,0,0.0,2268,0,0.0,18,0,0.0,2,2,212,5,0,18,'212',0,18,18,0,6,444,0,444,1206.0,67.0,0
modules/yaksa/src/backend/seq/pup/yaksuri_seqi_pup_hvector_blkhindx_long_double.c,1476,0,0.0,1008,0,0.0,18,0,0.0,2,2,110,5,0,18,'110',0,18,18,0,6,444,0,444,558.0,31.0,0
modules/yaksa/src/backend/seq/pup/yaksuri_seqi_pup_hvector_blkhindx_wchar_t.c,540,0,0.0,216,0,0.0,18,0,0.0,2,2,42,5,0,18,'42',0,18,18,0,6,444,0,444,126.0,7.0,0
modules/yaksa/src/backend/seq/pup/yaksuri_seqi_pup_hvector_c_complex.c,720,0,0.0,468,0,0.0,18,0,0.0,2,2,59,5,0,18,'59',0,18,18,0,6,444,0,444,234.0,13.0,0
modules/yaksa/src/backend/seq/pup/yaksuri_seqi_pup_hvector_c_double_complex.c,720,84,0.1169999999999999,468,28,0.06,18,4,0.222,2,2,59,5,0,18,'59',0,18,18,0,6,444,0,444,234.0,13.0,0
modules/yaksa/src/backend/seq/pup/yaksuri_seqi_pup_hvector_c_long_double_complex.c,720,0,0.0,468,0,0.0,18,0,0.0,2,2,59,5,0,18,'59',0,18,18,0,6,444,0,444,234.0,13.0,0
modules/yaksa/src/backend/seq/pup/yaksuri_seqi_pup_hvector_char.c,396,0,0.0,144,0,0.0,18,0,0.0,0,6,33,5,0,18,'33',0,18,18,0,6,444,0,444,90.0,5.0,0
modules/yaksa/src/backend/seq/pup/yaksuri_seqi_pup_hvector_contig__Bool.c,120,0,0.0,82,0,0.0,2,0,0.0,0,22,84,5,0,2,'84',0,2,2,0,6,444,0,444,42.0,21.0,0
modules/yaksa/src/backend/seq/pup/yaksuri_seqi_pup_hvector_contig_c_complex.c,98,0,0.0,64,0,0.0,2,0,0.0,2,2,69,5,0,2,'69',0,2,2,0,6,444,0,444,32.0,16.0,0
modules/yaksa/src/backend/seq/pup/yaksuri_seqi_pup_hvector_contig_c_double_complex.c,98,52,0.531,64,18,0.281,2,2,1.0,2,2,69,5,0,2,'69',0,2,2,0,6,444,0,444,32.0,16.0,0
modules/yaksa/src/backend/seq/pup/yaksuri_seqi_pup_hvector_contig_c_long_double_complex.c,98,0,0.0,64,0,0.0,2,0,0.0,0,17,69,5,0,2,'69',0,2,2,0,6,444,0,444,32.0,16.0,0
modules/yaksa/src/backend/seq/pup/yaksuri_seqi_pup_hvector_contig_char.c,54,0,0.0,20,0,0.0,2,0,0.0,2,2,39,5,0,2,'39',0,2,2,0,6,444,0,444,12.0,6.0,0
modules/yaksa/src/backend/seq/pup/yaksuri_seqi_pup_hvector_contig_double.c,142,0,0.0,92,0,0.0,2,0,0.0,2,2,99,5,0,2,'99',0,2,2,0,6,444,0,444,52.0,26.0,0
modules/yaksa/src/backend/seq/pup/yaksuri_seqi_pup_hvector_contig_float.c,142,0,0.0,92,0,0.0,2,0,0.0,2,2,99,5,0,2,'99',0,2,2,0,6,444,0,444,52.0,26.0,0
modules/yaksa/src/backend/seq/pup/yaksuri_seqi_pup_hvector_contig_int8_t.c,274,0,0.0,208,0,0.0,2,0,0.0,2,2,189,5,0,2,'189',0,2,2,0,6,444,0,444,112.0,56.0,0
modules/yaksa/src/backend/seq/pup/yaksuri_seqi_pup_hvector_contig_int16_t.c,274,0,0.0,208,0,0.0,2,0,0.0,0,57,189,5,0,2,'189',0,2,2,0,6,444,0,444,112.0,56.0,0
modules/yaksa/src/backend/seq/pup/yaksuri_seqi_pup_hvector_contig_int32_t.c,274,52,0.19,208,18,0.087,2,2,1.0,2,2,189,5,0,2,'189',0,2,2,0,6,444,0,444,112.0,56.0,0
modules/yaksa/src/backend/seq/pup/yaksuri_seqi_pup_hvector_contig_int64_t.c,274,0,0.0,208,0,0.0,2,0,0.0,2,2,189,5,0,2,'189',0,2,2,0,6,444,0,444,112.0,56.0,0
modules/yaksa/src/backend/seq/pup/yaksuri_seqi_pup_hvector_contig_long_double.c,142,0,0.0,92,0,0.0,2,0,0.0,2,2,99,5,0,2,'99',0,2,2,0,6,444,0,444,52.0,26.0,0
modules/yaksa/src/backend/seq/pup/yaksuri_seqi_pup_hvector_contig_wchar_t.c,54,0,0.0,20,0,0.0,2,0,0.0,2,2,39,5,0,2,'39',0,2,2,0,6,444,0,444,12.0,6.0,0
modules/yaksa/src/backend/seq/pup/yaksuri_seqi_pup_hvector_double.c,1044,63,0.06,648,21,0.032,18,3,0.1669999999999999,2,2,85,5,0,18,'85',0,18,18,0,6,444,0,444,378.0,21.0,0
modules/yaksa/src/backend/seq/pup/yaksuri_seqi_pup_hvector_float.c,1044,63,0.06,648,21,0.032,18,3,0.1669999999999999,2,2,85,5,0,18,'85',0,18,18,0,6,444,0,444,378.0,21.0,0
modules/yaksa/src/backend/seq/pup/yaksuri_seqi_pup_hvector_hindexed__Bool.c,138,0,0.0,98,0,0.0,2,0,0.0,2,2,93,5,0,2,'93',0,2,2,0,6,444,0,444,50.0,25.0,0
modules/yaksa/src/backend/seq/pup/yaksuri_seqi_pup_hvector_hindexed_c_complex.c,112,0,0.0,76,0,0.0,2,0,0.0,2,2,76,5,0,2,'76',0,2,2,0,6,444,0,444,38.0,19.0,0
modules/yaksa/src/backend/seq/pup/yaksuri_seqi_pup_hvector_hindexed_c_double_complex.c,112,0,0.0,76,0,0.0,2,0,0.0,2,2,76,5,0,2,'76',0,2,2,0,6,444,0,444,38.0,19.0,0
modules/yaksa/src/backend/seq/pup/yaksuri_seqi_pup_hvector_hindexed_c_long_double_complex.c,112,0,0.0,76,0,0.0,2,0,0.0,2,2,76,5,0,2,'76',0,2,2,0,6,444,0,444,38.0,19.0,0
modules/yaksa/src/backend/seq/pup/yaksuri_seqi_pup_hvector_hindexed_char.c,60,0,0.0,24,0,0.0,2,0,0.0,2,2,42,5,0,2,'42',0,2,2,0,6,444,0,444,14.0,7.0,0
modules/yaksa/src/backend/seq/pup/yaksuri_seqi_pup_hvector_hindexed_double.c,164,0,0.0,112,0,0.0,2,0,0.0,2,2,110,5,0,2,'110',0,2,2,0,6,444,0,444,62.0,31.0,0
modules/yaksa/src/backend/seq/pup/yaksuri_seqi_pup_hvector_hindexed_float.c,164,0,0.0,112,0,0.0,2,0,0.0,0,32,110,5,0,2,'110',0,2,2,0,6,444,0,444,62.0,31.0,0
modules/yaksa/src/backend/seq/pup/yaksuri_seqi_pup_hvector_hindexed_int8_t.c,320,0,0.0,252,0,0.0,2,0,0.0,2,2,212,5,0,2,'212',0,2,2,0,6,444,0,444,134.0,67.0,0
modules/yaksa/src/backend/seq/pup/yaksuri_seqi_pup_hvector_hindexed_int16_t.c,320,0,0.0,252,0,0.0,2,0,0.0,0,68,212,5,0,2,'212',0,2,2,0,6,444,0,444,134.0,67.0,0
modules/yaksa/src/backend/seq/pup/yaksuri_seqi_pup_hvector_hindexed_int32_t.c,320,58,0.181,252,22,0.087,2,2,1.0,2,2,212,5,0,2,'212',0,2,2,0,6,444,0,444,134.0,67.0,0
modules/yaksa/src/backend/seq/pup/yaksuri_seqi_pup_hvector_hindexed_int64_t.c,320,0,0.0,252,0,0.0,2,0,0.0,2,2,212,5,0,2,'212',0,2,2,0,6,444,0,444,134.0,67.0,0
modules/yaksa/src/backend/seq/pup/yaksuri_seqi_pup_hvector_hindexed_long_double.c,164,0,0.0,112,0,0.0,2,0,0.0,2,2,110,5,0,2,'110',0,2,2,0,6,444,0,444,62.0,31.0,0
modules/yaksa/src/backend/seq/pup/yaksuri_seqi_pup_hvector_hindexed_wchar_t.c,60,0,0.0,24,0,0.0,2,0,0.0,2,2,42,5,0,2,'42',0,2,2,0,6,444,0,444,14.0,7.0,0
modules/yaksa/src/backend/seq/pup/yaksuri_seqi_pup_hvector_hvector__Bool.c,1242,0,0.0,882,0,0.0,18,0,0.0,0,26,93,5,0,18,'93',0,18,18,0,6,444,0,444,450.0,25.0,0
modules/yaksa/src/backend/seq/pup/yaksuri_seqi_pup_hvector_hvector_c_complex.c,1008,0,0.0,684,0,0.0,18,0,0.0,2,2,76,5,0,18,'76',0,18,18,0,6,444,0,444,342.0,19.0,0
modules/yaksa/src/backend/seq/pup/yaksuri_seqi_pup_hvector_hvector_c_double_complex.c,1008,58,0.0579999999999999,684,22,0.032,18,2,0.111,2,2,76,5,0,18,'76',0,18,18,0,6,444,0,444,342.0,19.0,0
modules/yaksa/src/backend/seq/pup/yaksuri_seqi_pup_hvector_hvector_c_long_double_complex.c,1008,0,0.0,684,0,0.0,18,0,0.0,0,20,76,5,0,18,'76',0,18,18,0,6,444,0,444,342.0,19.0,0
modules/yaksa/src/backend/seq/pup/yaksuri_seqi_pup_hvector_hvector_char.c,540,0,0.0,216,0,0.0,18,0,0.0,2,2,42,5,0,18,'42',0,18,18,0,6,444,0,444,126.0,7.0,0
modules/yaksa/src/backend/seq/pup/yaksuri_seqi_pup_hvector_hvector_double.c,1476,0,0.0,1008,0,0.0,18,0,0.0,2,2,110,5,0,18,'110',0,18,18,0,6,444,0,444,558.0,31.0,0
modules/yaksa/src/backend/seq/pup/yaksuri_seqi_pup_hvector_hvector_float.c,1476,0,0.0,1008,0,0.0,18,0,0.0,2,2,110,5,0,18,'110',0,18,18,0,6,444,0,444,558.0,31.0,0
modules/yaksa/src/backend/seq/pup/yaksuri_seqi_pup_hvector_hvector_int8_t.c,2880,0,0.0,2268,0,0.0,18,0,0.0,2,2,212,5,0,18,'212',0,18,18,0,6,444,0,444,1206.0,67.0,0
modules/yaksa/src/backend/seq/pup/yaksuri_seqi_pup_hvector_hvector_int16_t.c,2880,0,0.0,2268,0,0.0,18,0,0.0,0,68,212,5,0,18,'212',0,18,18,0,6,444,0,444,1206.0,67.0,0
modules/yaksa/src/backend/seq/pup/yaksuri_seqi_pup_hvector_hvector_int32_t.c,2880,245,0.085,2268,99,0.044,18,8,0.444,2,2,212,5,0,18,'212',0,18,18,0,6,444,0,444,1206.0,67.0,0
modules/yaksa/src/backend/seq/pup/yaksuri_seqi_pup_hvector_hvector_int64_t.c,2880,0,0.0,2268,0,0.0,18,0,0.0,2,2,212,5,0,18,'212',0,18,18,0,6,444,0,444,1206.0,67.0,0
modules/yaksa/src/backend/seq/pup/yaksuri_seqi_pup_hvector_hvector_long_double.c,1476,0,0.0,1008,0,0.0,18,0,0.0,2,2,110,5,0,18,'110',0,18,18,0,6,444,0,444,558.0,31.0,0
modules/yaksa/src/backend/seq/pup/yaksuri_seqi_pup_hvector_hvector_wchar_t.c,540,0,0.0,216,0,0.0,18,0,0.0,2,2,42,5,0,18,'42',0,18,18,0,6,444,0,444,126.0,7.0,0
modules/yaksa/src/backend/seq/pup/yaksuri_seqi_pup_hvector_int8_t.c,2016,84,0.042,1476,28,0.019,18,4,0.222,2,2,163,5,0,18,'163',0,18,18,0,6,444,0,444,810.0,45.0,0
modules/yaksa/src/backend/seq/pup/yaksuri_seqi_pup_hvector_int16_t.c,2016,42,0.021,1476,14,0.009,18,2,0.111,2,2,163,5,0,18,'163',0,18,18,0,6,444,0,444,810.0,45.0,0
modules/yaksa/src/backend/seq/pup/yaksuri_seqi_pup_hvector_int32_t.c,2016,303,0.15,1476,105,0.071,18,14,0.778,0,46,163,5,0,18,'163',0,18,18,0,6,444,0,444,810.0,45.0,0
modules/yaksa/src/backend/seq/pup/yaksuri_seqi_pup_hvector_int64_t.c,2016,42,0.021,1476,14,0.009,18,2,0.111,2,2,163,5,0,18,'163',0,18,18,0,6,444,0,444,810.0,45.0,0
modules/yaksa/src/backend/seq/pup/yaksuri_seqi_pup_hvector_long_double.c,1044,42,0.04,648,14,0.022,18,2,0.111,0,22,85,5,0,18,'85',0,18,18,0,6,444,0,444,378.0,21.0,0
modules/yaksa/src/backend/seq/pup/yaksuri_seqi_pup_hvector_resized__Bool.c,100,0,0.0,66,0,0.0,2,0,0.0,0,18,74,5,0,2,'74',0,2,2,0,6,444,0,444,34.0,17.0,0
modules/yaksa/src/backend/seq/pup/yaksuri_seqi_pup_hvector_resized_c_complex.c,82,0,0.0,52,0,0.0,2,0,0.0,2,2,61,5,0,2,'61',0,2,2,0,6,444,0,444,26.0,13.0,0
modules/yaksa/src/backend/seq/pup/yaksuri_seqi_pup_hvector_resized_c_double_complex.c,82,44,0.537,52,14,0.2689999999999999,2,2,1.0,2,2,61,5,0,2,'61',0,2,2,0,6,444,0,444,26.0,13.0,0
modules/yaksa/src/backend/seq/pup/yaksuri_seqi_pup_hvector_resized_c_long_double_complex.c,82,0,0.0,52,0,0.0,2,0,0.0,2,2,61,5,0,2,'61',0,2,2,0,6,444,0,444,26.0,13.0,0
modules/yaksa/src/backend/seq/pup/yaksuri_seqi_pup_hvector_resized_char.c,46,0,0.0,16,0,0.0,2,0,0.0,2,2,35,5,0,2,'35',0,2,2,0,6,444,0,444,10.0,5.0,0
modules/yaksa/src/backend/seq/pup/yaksuri_seqi_pup_hvector_resized_double.c,118,0,0.0,72,0,0.0,2,0,0.0,2,2,87,5,0,2,'87',0,2,2,0,6,444,0,444,42.0,21.0,0
modules/yaksa/src/backend/seq/pup/yaksuri_seqi_pup_hvector_resized_float.c,118,0,0.0,72,0,0.0,2,0,0.0,2,2,87,5,0,2,'87',0,2,2,0,6,444,0,444,42.0,21.0,0
modules/yaksa/src/backend/seq/pup/yaksuri_seqi_pup_hvector_resized_int8_t.c,226,0,0.0,164,0,0.0,2,0,0.0,0,46,165,5,0,2,'165',0,2,2,0,6,444,0,444,90.0,45.0,0
modules/yaksa/src/backend/seq/pup/yaksuri_seqi_pup_hvector_resized_int16_t.c,226,0,0.0,164,0,0.0,2,0,0.0,2,2,165,5,0,2,'165',0,2,2,0,6,444,0,444,90.0,45.0,0
modules/yaksa/src/backend/seq/pup/yaksuri_seqi_pup_hvector_resized_int32_t.c,226,44,0.195,164,14,0.085,2,2,1.0,0,46,165,5,0,2,'165',0,2,2,0,6,444,0,444,90.0,45.0,0
modules/yaksa/src/backend/seq/pup/yaksuri_seqi_pup_hvector_resized_int64_t.c,226,0,0.0,164,0,0.0,2,0,0.0,2,2,165,5,0,2,'165',0,2,2,0,6,444,0,444,90.0,45.0,0
modules/yaksa/src/backend/seq/pup/yaksuri_seqi_pup_hvector_resized_long_double.c,118,0,0.0,72,0,0.0,2,0,0.0,2,2,87,5,0,2,'87',0,2,2,0,6,444,0,444,42.0,21.0,0
modules/yaksa/src/backend/seq/pup/yaksuri_seqi_pup_hvector_resized_wchar_t.c,46,0,0.0,16,0,0.0,2,0,0.0,0,6,35,5,0,2,'35',0,2,2,0,6,444,0,444,10.0,5.0,0
modules/yaksa/src/backend/seq/pup/yaksuri_seqi_pup_hvector_wchar_t.c,396,0,0.0,144,0,0.0,18,0,0.0,0,6,33,5,0,18,'33',0,18,18,0,6,444,0,444,90.0,5.0,0
modules/yaksa/src/backend/seq/pup/yaksuri_seqi_pup_int8_t.c,128,13,0.102,76,3,0.039,2,1,0.5,2,2,114,5,0,2,'114',0,2,2,0,6,444,0,444,46.0,23.0,0
modules/yaksa/src/backend/seq/pup/yaksuri_seqi_pup_int16_t.c,128,13,0.102,76,3,0.039,2,1,0.5,0,24,114,5,0,2,'114',0,2,2,0,6,444,0,444,46.0,23.0,0
modules/yaksa/src/backend/seq/pup/yaksuri_seqi_pup_int32_t.c,128,14,0.109,76,5,0.066,2,1,0.5,2,2,114,5,0,2,'114',0,2,2,0,6,444,0,444,46.0,23.0,0
modules/yaksa/src/backend/seq/pup/yaksuri_seqi_pup_int64_t.c,128,13,0.102,76,3,0.039,2,1,0.5,0,24,114,5,0,2,'114',0,2,2,0,6,444,0,444,46.0,23.0,0
modules/yaksa/src/backend/seq/pup/yaksuri_seqi_pup_long_double.c,68,0,0.0,32,0,0.0,2,0,0.0,2,2,60,5,0,2,'60',0,2,2,0,6,444,0,444,22.0,11.0,0
modules/yaksa/src/backend/seq/pup/yaksuri_seqi_pup_resized__Bool.c,60,0,0.0,34,0,0.0,2,0,0.0,2,2,53,5,0,2,'53',0,2,2,0,6,444,0,444,18.0,9.0,0
modules/yaksa/src/backend/seq/pup/yaksuri_seqi_pup_resized_blkhindx__Bool.c,900,0,0.0,594,0,0.0,18,0,0.0,2,2,74,5,0,18,'74',0,18,18,0,6,444,0,444,306.0,17.0,0
modules/yaksa/src/backend/seq/pup/yaksuri_seqi_pup_resized_blkhindx_c_complex.c,738,0,0.0,468,0,0.0,18,0,0.0,2,2,61,5,0,18,'61',0,18,18,0,6,444,0,444,234.0,13.0,0
modules/yaksa/src/backend/seq/pup/yaksuri_seqi_pup_resized_blkhindx_c_double_complex.c,738,44,0.06,468,14,0.03,18,2,0.111,2,2,61,5,0,18,'61',0,18,18,0,6,444,0,444,234.0,13.0,0
modules/yaksa/src/backend/seq/pup/yaksuri_seqi_pup_resized_blkhindx_c_long_double_complex.c,738,0,0.0,468,0,0.0,18,0,0.0,0,14,61,5,0,18,'61',0,18,18,0,6,444,0,444,234.0,13.0,0
modules/yaksa/src/backend/seq/pup/yaksuri_seqi_pup_resized_blkhindx_char.c,414,0,0.0,144,0,0.0,18,0,0.0,2,2,35,5,0,18,'35',0,18,18,0,6,444,0,444,90.0,5.0,0
modules/yaksa/src/backend/seq/pup/yaksuri_seqi_pup_resized_blkhindx_double.c,1062,0,0.0,648,0,0.0,18,0,0.0,2,2,87,5,0,18,'87',0,18,18,0,6,444,0,444,378.0,21.0,0
modules/yaksa/src/backend/seq/pup/yaksuri_seqi_pup_resized_blkhindx_float.c,1062,0,0.0,648,0,0.0,18,0,0.0,2,2,87,5,0,18,'87',0,18,18,0,6,444,0,444,378.0,21.0,0
modules/yaksa/src/backend/seq/pup/yaksuri_seqi_pup_resized_blkhindx_int8_t.c,2034,0,0.0,1476,0,0.0,18,0,0.0,2,2,165,5,0,18,'165',0,18,18,0,6,444,0,444,810.0,45.0,0
modules/yaksa/src/backend/seq/pup/yaksuri_seqi_pup_resized_blkhindx_int16_t.c,2034,0,0.0,1476,0,0.0,18,0,0.0,0,46,165,5,0,18,'165',0,18,18,0,6,444,0,444,810.0,45.0,0
modules/yaksa/src/backend/seq/pup/yaksuri_seqi_pup_resized_blkhindx_int32_t.c,2034,176,0.087,1476,56,0.038,18,8,0.444,2,2,165,5,0,18,'165',0,18,18,0,6,444,0,444,810.0,45.0,0
modules/yaksa/src/backend/seq/pup/yaksuri_seqi_pup_resized_blkhindx_int64_t.c,2034,0,0.0,1476,0,0.0,18,0,0.0,2,2,165,5,0,18,'165',0,18,18,0,6,444,0,444,810.0,45.0,0
modules/yaksa/src/backend/seq/pup/yaksuri_seqi_pup_resized_blkhindx_long_double.c,1062,0,0.0,648,0,0.0,18,0,0.0,2,2,87,5,0,18,'87',0,18,18,0,6,444,0,444,378.0,21.0,0
modules/yaksa/src/backend/seq/pup/yaksuri_seqi_pup_resized_blkhindx_wchar_t.c,414,0,0.0,144,0,0.0,18,0,0.0,2,2,35,5,0,18,'35',0,18,18,0,6,444,0,444,90.0,5.0,0
modules/yaksa/src/backend/seq/pup/yaksuri_seqi_pup_resized_c_complex.c,50,0,0.0,28,0,0.0,2,0,0.0,2,2,44,5,0,2,'44',0,2,2,0,6,444,0,444,14.0,7.0,0
modules/yaksa/src/backend/seq/pup/yaksuri_seqi_pup_resized_c_double_complex.c,50,28,0.56,28,6,0.214,2,2,1.0,2,2,44,5,0,2,'44',0,2,2,0,6,444,0,444,14.0,7.0,0
modules/yaksa/src/backend/seq/pup/yaksuri_seqi_pup_resized_c_long_double_complex.c,50,0,0.0,28,0,0.0,2,0,0.0,0,8,44,5,0,2,'44',0,2,2,0,6,444,0,444,14.0,7.0,0
modules/yaksa/src/backend/seq/pup/yaksuri_seqi_pup_resized_char.c,30,0,0.0,8,0,0.0,2,0,0.0,2,2,26,5,0,2,'26',0,2,2,0,6,444,0,444,6.0,3.0,0
modules/yaksa/src/backend/seq/pup/yaksuri_seqi_pup_resized_contig__Bool.c,82,0,0.0,50,0,0.0,2,0,0.0,0,14,65,5,0,2,'65',0,2,2,0,6,444,0,444,26.0,13.0,0
modules/yaksa/src/backend/seq/pup/yaksuri_seqi_pup_resized_contig_c_complex.c,68,0,0.0,40,0,0.0,2,0,0.0,2,2,54,5,0,2,'54',0,2,2,0,6,444,0,444,20.0,10.0,0
modules/yaksa/src/backend/seq/pup/yaksuri_seqi_pup_resized_contig_c_double_complex.c,68,0,0.0,40,0,0.0,2,0,0.0,2,2,54,5,0,2,'54',0,2,2,0,6,444,0,444,20.0,10.0,0
modules/yaksa/src/backend/seq/pup/yaksuri_seqi_pup_resized_contig_c_long_double_complex.c,68,0,0.0,40,0,0.0,2,0,0.0,2,2,54,5,0,2,'54',0,2,2,0,6,444,0,444,20.0,10.0,0
modules/yaksa/src/backend/seq/pup/yaksuri_seqi_pup_resized_contig_char.c,40,0,0.0,12,0,0.0,2,0,0.0,2,2,32,5,0,2,'32',0,2,2,0,6,444,0,444,8.0,4.0,0
modules/yaksa/src/backend/seq/pup/yaksuri_seqi_pup_resized_contig_double.c,96,19,0.198,52,5,0.096,2,1,0.5,2,2,76,5,0,2,'76',0,2,2,0,6,444,0,444,32.0,16.0,0
modules/yaksa/src/backend/seq/pup/yaksuri_seqi_pup_resized_contig_float.c,96,0,0.0,52,0,0.0,2,0,0.0,2,2,76,5,0,2,'76',0,2,2,0,6,444,0,444,32.0,16.0,0
modules/yaksa/src/backend/seq/pup/yaksuri_seqi_pup_resized_contig_int8_t.c,180,38,0.211,120,10,0.083,2,2,1.0,2,2,142,5,0,2,'142',0,2,2,0,6,444,0,444,68.0,34.0,0
modules/yaksa/src/backend/seq/pup/yaksuri_seqi_pup_resized_contig_int16_t.c,180,0,0.0,120,0,0.0,2,0,0.0,0,35,142,5,0,2,'142',0,2,2,0,6,444,0,444,68.0,34.0,0
modules/yaksa/src/backend/seq/pup/yaksuri_seqi_pup_resized_contig_int32_t.c,180,38,0.211,120,10,0.083,2,2,1.0,2,2,142,5,0,2,'142',0,2,2,0,6,444,0,444,68.0,34.0,0
modules/yaksa/src/backend/seq/pup/yaksuri_seqi_pup_resized_contig_int64_t.c,180,0,0.0,120,0,0.0,2,0,0.0,0,35,142,5,0,2,'142',0,2,2,0,6,444,0,444,68.0,34.0,0
modules/yaksa/src/backend/seq/pup/yaksuri_seqi_pup_resized_contig_long_double.c,96,0,0.0,52,0,0.0,2,0,0.0,2,2,76,5,0,2,'76',0,2,2,0,6,444,0,444,32.0,16.0,0
modules/yaksa/src/backend/seq/pup/yaksuri_seqi_pup_resized_contig_wchar_t.c,40,0,0.0,12,0,0.0,2,0,0.0,2,2,32,5,0,2,'32',0,2,2,0,6,444,0,444,8.0,4.0,0
modules/yaksa/src/backend/seq/pup/yaksuri_seqi_pup_resized_double.c,70,28,0.4,32,6,0.188,2,2,1.0,0,12,62,5,0,2,'62',0,2,2,0,6,444,0,444,22.0,11.0,0
modules/yaksa/src/backend/seq/pup/yaksuri_seqi_pup_resized_float.c,70,28,0.4,32,6,0.188,2,2,1.0,2,2,62,5,0,2,'62',0,2,2,0,6,444,0,444,22.0,11.0,0
modules/yaksa/src/backend/seq/pup/yaksuri_seqi_pup_resized_hindexed__Bool.c,100,0,0.0,66,0,0.0,2,0,0.0,2,2,74,5,0,2,'74',0,2,2,0,6,444,0,444,34.0,17.0,0
modules/yaksa/src/backend/seq/pup/yaksuri_seqi_pup_resized_hindexed_c_complex.c,82,0,0.0,52,0,0.0,2,0,0.0,2,2,61,5,0,2,'61',0,2,2,0,6,444,0,444,26.0,13.0,0
modules/yaksa/src/backend/seq/pup/yaksuri_seqi_pup_resized_hindexed_c_double_complex.c,82,0,0.0,52,0,0.0,2,0,0.0,2,2,61,5,0,2,'61',0,2,2,0,6,444,0,444,26.0,13.0,0
modules/yaksa/src/backend/seq/pup/yaksuri_seqi_pup_resized_hindexed_c_long_double_complex.c,82,0,0.0,52,0,0.0,2,0,0.0,2,2,61,5,0,2,'61',0,2,2,0,6,444,0,444,26.0,13.0,0
modules/yaksa/src/backend/seq/pup/yaksuri_seqi_pup_resized_hindexed_char.c,46,0,0.0,16,0,0.0,2,0,0.0,0,6,35,5,0,2,'35',0,2,2,0,6,444,0,444,10.0,5.0,0
modules/yaksa/src/backend/seq/pup/yaksuri_seqi_pup_resized_hindexed_double.c,118,0,0.0,72,0,0.0,2,0,0.0,2,2,87,5,0,2,'87',0,2,2,0,6,444,0,444,42.0,21.0,0
modules/yaksa/src/backend/seq/pup/yaksuri_seqi_pup_resized_hindexed_float.c,118,0,0.0,72,0,0.0,2,0,0.0,2,2,87,5,0,2,'87',0,2,2,0,6,444,0,444,42.0,21.0,0
modules/yaksa/src/backend/seq/pup/yaksuri_seqi_pup_resized_hindexed_int8_t.c,226,0,0.0,164,0,0.0,2,0,0.0,2,2,165,5,0,2,'165',0,2,2,0,6,444,0,444,90.0,45.0,0
modules/yaksa/src/backend/seq/pup/yaksuri_seqi_pup_resized_hindexed_int16_t.c,226,0,0.0,164,0,0.0,2,0,0.0,0,46,165,5,0,2,'165',0,2,2,0,6,444,0,444,90.0,45.0,0
modules/yaksa/src/backend/seq/pup/yaksuri_seqi_pup_resized_hindexed_int32_t.c,226,44,0.195,164,14,0.085,2,2,1.0,2,2,165,5,0,2,'165',0,2,2,0,6,444,0,444,90.0,45.0,0
modules/yaksa/src/backend/seq/pup/yaksuri_seqi_pup_resized_hindexed_int64_t.c,226,0,0.0,164,0,0.0,2,0,0.0,0,46,165,5,0,2,'165',0,2,2,0,6,444,0,444,90.0,45.0,0
modules/yaksa/src/backend/seq/pup/yaksuri_seqi_pup_resized_hindexed_long_double.c,118,0,0.0,72,0,0.0,2,0,0.0,2,2,87,5,0,2,'87',0,2,2,0,6,444,0,444,42.0,21.0,0
modules/yaksa/src/backend/seq/pup/yaksuri_seqi_pup_resized_hindexed_wchar_t.c,46,0,0.0,16,0,0.0,2,0,0.0,2,2,35,5,0,2,'35',0,2,2,0,6,444,0,444,10.0,5.0,0
modules/yaksa/src/backend/seq/pup/yaksuri_seqi_pup_resized_hvector__Bool.c,900,0,0.0,594,0,0.0,18,0,0.0,2,2,74,5,0,18,'74',0,18,18,0,6,444,0,444,306.0,17.0,0
modules/yaksa/src/backend/seq/pup/yaksuri_seqi_pup_resized_hvector_c_complex.c,738,0,0.0,468,0,0.0,18,0,0.0,2,2,61,5,0,18,'61',0,18,18,0,6,444,0,444,234.0,13.0,0
modules/yaksa/src/backend/seq/pup/yaksuri_seqi_pup_resized_hvector_c_double_complex.c,738,0,0.0,468,0,0.0,18,0,0.0,0,14,61,5,0,18,'61',0,18,18,0,6,444,0,444,234.0,13.0,0
modules/yaksa/src/backend/seq/pup/yaksuri_seqi_pup_resized_hvector_c_long_double_complex.c,738,0,0.0,468,0,0.0,18,0,0.0,2,2,61,5,0,18,'61',0,18,18,0,6,444,0,444,234.0,13.0,0
modules/yaksa/src/backend/seq/pup/yaksuri_seqi_pup_resized_hvector_char.c,414,0,0.0,144,0,0.0,18,0,0.0,2,2,35,5,0,18,'35',0,18,18,0,6,444,0,444,90.0,5.0,0
modules/yaksa/src/backend/seq/pup/yaksuri_seqi_pup_resized_hvector_double.c,1062,66,0.062,648,21,0.032,18,3,0.1669999999999999,2,2,87,5,0,18,'87',0,18,18,0,6,444,0,444,378.0,21.0,0
modules/yaksa/src/backend/seq/pup/yaksuri_seqi_pup_resized_hvector_float.c,1062,22,0.021,648,7,0.011,18,1,0.0559999999999999,2,2,87,5,0,18,'87',0,18,18,0,6,444,0,444,378.0,21.0,0
modules/yaksa/src/backend/seq/pup/yaksuri_seqi_pup_resized_hvector_int8_t.c,2034,0,0.0,1476,0,0.0,18,0,0.0,2,2,165,5,0,18,'165',0,18,18,0,6,444,0,444,810.0,45.0,0
modules/yaksa/src/backend/seq/pup/yaksuri_seqi_pup_resized_hvector_int16_t.c,2034,0,0.0,1476,0,0.0,18,0,0.0,2,2,165,5,0,18,'165',0,18,18,0,6,444,0,444,810.0,45.0,0
modules/yaksa/src/backend/seq/pup/yaksuri_seqi_pup_resized_hvector_int32_t.c,2034,198,0.0969999999999999,1476,63,0.043,18,9,0.5,2,2,165,5,0,18,'165',0,18,18,0,6,444,0,444,810.0,45.0,0
modules/yaksa/src/backend/seq/pup/yaksuri_seqi_pup_resized_hvector_int64_t.c,2034,0,0.0,1476,0,0.0,18,0,0.0,0,46,165,5,0,18,'165',0,18,18,0,6,444,0,444,810.0,45.0,0
modules/yaksa/src/backend/seq/pup/yaksuri_seqi_pup_resized_hvector_long_double.c,1062,0,0.0,648,0,0.0,18,0,0.0,2,2,87,5,0,18,'87',0,18,18,0,6,444,0,444,378.0,21.0,0
modules/yaksa/src/backend/seq/pup/yaksuri_seqi_pup_resized_hvector_wchar_t.c,414,0,0.0,144,0,0.0,18,0,0.0,2,2,35,5,0,18,'35',0,18,18,0,6,444,0,444,90.0,5.0,0
modules/yaksa/src/backend/seq/pup/yaksuri_seqi_pup_resized_int8_t.c,130,28,0.215,76,6,0.079,2,2,1.0,0,24,116,5,0,2,'116',0,2,2,0,6,444,0,444,46.0,23.0,0
modules/yaksa/src/backend/seq/pup/yaksuri_seqi_pup_resized_int16_t.c,130,28,0.215,76,6,0.079,2,2,1.0,0,24,116,5,0,2,'116',0,2,2,0,6,444,0,444,46.0,23.0,0
modules/yaksa/src/backend/seq/pup/yaksuri_seqi_pup_resized_int32_t.c,130,28,0.215,76,6,0.079,2,2,1.0,2,2,116,5,0,2,'116',0,2,2,0,6,444,0,444,46.0,23.0,0
modules/yaksa/src/backend/seq/pup/yaksuri_seqi_pup_resized_int64_t.c,130,28,0.215,76,6,0.079,2,2,1.0,2,2,116,5,0,2,'116',0,2,2,0,6,444,0,444,46.0,23.0,0
modules/yaksa/src/backend/seq/pup/yaksuri_seqi_pup_resized_long_double.c,70,0,0.0,32,0,0.0,2,0,0.0,2,2,62,5,0,2,'62',0,2,2,0,6,444,0,444,22.0,11.0,0
modules/yaksa/src/backend/seq/pup/yaksuri_seqi_pup_resized_resized__Bool.c,62,0,0.0,34,0,0.0,2,0,0.0,2,2,55,5,0,2,'55',0,2,2,0,6,444,0,444,18.0,9.0,0
modules/yaksa/src/backend/seq/pup/yaksuri_seqi_pup_resized_resized_c_complex.c,52,0,0.0,28,0,0.0,2,0,0.0,2,2,46,5,0,2,'46',0,2,2,0,6,444,0,444,14.0,7.0,0
modules/yaksa/src/backend/seq/pup/yaksuri_seqi_pup_resized_resized_c_double_complex.c,52,0,0.0,28,0,0.0,2,0,0.0,0,8,46,5,0,2,'46',0,2,2,0,6,444,0,444,14.0,7.0,0
modules/yaksa/src/backend/seq/pup/yaksuri_seqi_pup_resized_resized_c_long_double_complex.c,52,0,0.0,28,0,0.0,2,0,0.0,0,8,46,5,0,2,'46',0,2,2,0,6,444,0,444,14.0,7.0,0
modules/yaksa/src/backend/seq/pup/yaksuri_seqi_pup_resized_resized_char.c,32,0,0.0,8,0,0.0,2,0,0.0,2,2,28,5,0,2,'28',0,2,2,0,6,444,0,444,6.0,3.0,0
modules/yaksa/src/backend/seq/pup/yaksuri_seqi_pup_resized_resized_double.c,72,0,0.0,32,0,0.0,2,0,0.0,0,12,64,5,0,2,'64',0,2,2,0,6,444,0,444,22.0,11.0,0
modules/yaksa/src/backend/seq/pup/yaksuri_seqi_pup_resized_resized_float.c,72,0,0.0,32,0,0.0,2,0,0.0,2,2,64,5,0,2,'64',0,2,2,0,6,444,0,444,22.0,11.0,0
modules/yaksa/src/backend/seq/pup/yaksuri_seqi_pup_resized_resized_int8_t.c,132,0,0.0,76,0,0.0,2,0,0.0,0,24,118,5,0,2,'118',0,2,2,0,6,444,0,444,46.0,23.0,0
modules/yaksa/src/backend/seq/pup/yaksuri_seqi_pup_resized_resized_int16_t.c,132,0,0.0,76,0,0.0,2,0,0.0,2,2,118,5,0,2,'118',0,2,2,0,6,444,0,444,46.0,23.0,0
modules/yaksa/src/backend/seq/pup/yaksuri_seqi_pup_resized_resized_int32_t.c,132,30,0.2269999999999999,76,6,0.079,2,2,1.0,2,2,118,5,0,2,'118',0,2,2,0,6,444,0,444,46.0,23.0,0
modules/yaksa/src/backend/seq/pup/yaksuri_seqi_pup_resized_resized_int64_t.c,132,0,0.0,76,0,0.0,2,0,0.0,2,2,118,5,0,2,'118',0,2,2,0,6,444,0,444,46.0,23.0,0
modules/yaksa/src/backend/seq/pup/yaksuri_seqi_pup_resized_resized_long_double.c,72,0,0.0,32,0,0.0,2,0,0.0,0,12,64,5,0,2,'64',0,2,2,0,6,444,0,444,22.0,11.0,0
modules/yaksa/src/backend/seq/pup/yaksuri_seqi_pup_resized_resized_wchar_t.c,32,0,0.0,8,0,0.0,2,0,0.0,2,2,28,5,0,2,'28',0,2,2,0,6,444,0,444,6.0,3.0,0
modules/yaksa/src/backend/seq/pup/yaksuri_seqi_pup_resized_wchar_t.c,30,0,0.0,8,0,0.0,2,0,0.0,2,2,26,5,0,2,'26',0,2,2,0,6,444,0,444,6.0,3.0,0
modules/yaksa/src/backend/seq/pup/yaksuri_seqi_pup_wchar_t.c,28,0,0.0,8,0,0.0,2,0,0.0,2,2,24,5,0,2,'24',0,2,2,0,6,444,0,444,6.0,3.0,0
modules/yaksa/src/backend/src/yaksur_hooks.c,219,100,0.457,148,41,0.2769999999999999,11,9,0.818,1,2.72727272727273,30.5454545454545,1.45454545454545,3,3,69,1,11,80,9,11,65,0,65,60.5,5.5,0
modules/yaksa/src/backend/src/yaksur_pup.c,65,45,0.6920000000000001,50,27,0.54,3,3,1.0,0,6.33333333333333,36.6666666666667,7.33333333333333,3,1,80,0,3,15,3,7,24,0,24,21.0,7.0,0
modules/yaksa/src/backend/src/yaksur_request.c,13,0,0.0,6,0,0.0,2,0,0.0,0,3.5,13.0,1.0,1,2,14,0,2,4,2,4,19,0,19,3.0,1.5,0
modules/yaksa/src/backend/src/yaksuri_progress.c,1851,6,0.003,1133,1,0.001,71,2,0.0279999999999999,5,5.05633802816901,40.9154929577465,5.09859154929577,2,2,129,21,71,890,4,134,0,0,364,284.0,4.0,364
modules/yaksa/src/backend/ze/stub/yaksuri_ze_post.h,3,0,0.0,0,0,,1,0,0.0,0,2,6,1,0,1,6,0,1,1,0,0,0,0,0,1.0,1.0,0
modules/yaksa/src/frontend/bounds/yaksa_bounds.c,26,23,0.885,12,6,0.5,3,3,1.0,0,3,17.6666666666667,2.66666666666667,0,3,18,0,3,3,0,4,25,0,25,3.0,1.0,0
modules/yaksa/src/frontend/flatten/yaksa_flatten.c,59,50,0.847,36,19,0.528,2,2,1.0,0,8.0,53.5,2,1,1,89,0,2,4,1,5,36,0,36,12.0,6.0,0
modules/yaksa/src/frontend/flatten/yaksa_flatten_size.c,57,46,0.807,34,18,0.529,2,2,1.0,2,8.0,50.5,2,0,1,83,0,2,3,0,9,29,0,29,12.0,6.0,0
modules/yaksa/src/frontend/flatten/yaksa_unflatten.c,84,75,0.893,43,23,0.535,2,2,1.0,0,8.5,68.5,2,1,1,117,0,2,4,1,4,49,0,49,12.0,6.0,0
modules/yaksa/src/frontend/info/yaksa_info.c,26,22,0.846,8,4,0.5,3,3,1.0,0,3.66666666666667,17,2,0,3,19,0,3,3,0,4,23,0,23,3.9,1.3,0
modules/yaksa/src/frontend/init/yaksa_init.c,163,159,0.975,630,315,0.5,2,2,1.0,0,5,120,1,0,1,132,3,2,8,0,22,0,0,74,4.0,2.0,74
modules/yaksa/src/frontend/iov/yaksa_iov.c,201,157,0.7809999999999999,160,64,0.4,2,2,1.0,0,26.5,169.5,7.0,1,1,319,0,2,4,1,12,40,0,40,42.0,21.0,0
modules/yaksa/src/frontend/iov/yaksa_iov_len.c,15,14,0.933,8,5,0.625,2,2,1.0,2,3.0,14.0,3.0,0,1,18,0,2,3,0,4,20,0,20,3.0,1.5,0
modules/yaksa/src/frontend/iov/yaksa_iov_len_max.c,110,0,0.0,51,0,0.0,3,0,0.0,0,13.6666666666667,62.6666666666667,4.33333333333333,1,1,122,0,3,6,1,17,30,0,30,30.0,10.0,0
modules/yaksa/src/frontend/pup/yaksa_ipack.c,27,0,0.0,16,0,0.0,1,0,0.0,0,8.0,49.0,10.0,2,1,49,0,1,4,2,4,23,0,23,4.0,4.0,0
modules/yaksa/src/frontend/pup/yaksa_iunpack.c,28,19,0.679,16,8,0.5,1,1,1.0,0,8.0,50.0,10.0,2,1,50,0,1,4,2,4,23,0,23,4.0,4.0,0
modules/yaksa/src/frontend/pup/yaksa_pack.c,27,21,0.778,18,9,0.5,1,1,1.0,0,8.0,47.0,9.0,2,1,47,0,1,5,2,4,25,0,25,4.0,4.0,0
modules/yaksa/src/frontend/pup/yaksa_pack_stream.c,22,0,0.0,14,0,0.0,1,0,0.0,0,7.0,43.0,10.0,2,1,43,0,1,5,2,4,23,0,23,3.0,3.0,0
modules/yaksa/src/frontend/pup/yaksa_request.c,35,6,0.171,28,2,0.071,2,1,0.5,0,6.5,30.0,1.5,1,2,32,0,2,6,2,4,31,0,31,7.0,3.5,0
modules/yaksa/src/frontend/pup/yaksa_unpack.c,27,19,0.7040000000000001,18,8,0.444,1,1,1.0,0,8.0,47.0,9.0,2,1,47,0,1,5,2,4,25,0,25,4.0,4.0,0
modules/yaksa/src/frontend/pup/yaksa_unpack_stream.c,22,0,0.0,14,0,0.0,1,0,0.0,0,7.0,43.0,10.0,2,1,43,0,1,5,2,4,23,0,23,3.0,3.0,0
modules/yaksa/src/frontend/pup/yaksi_ipack.c,44,42,0.955,22,17,0.773,1,1,1.0,4,11.0,96.0,10.0,2,1,96,0,1,3,2,28,20,0,20,7.0,7.0,0
modules/yaksa/src/frontend/pup/yaksi_ipack_backend.c,127,114,0.898,115,73,0.635,3,3,1.0,2,11.6666666666667,70.6666666666667,7.0,0,1,179,0,3,6,0,11,50,0,50,30.9,10.3,0
modules/yaksa/src/frontend/pup/yaksi_ipack_element.c,281,263,0.936,160,108,0.675,5,5,1.0,1,14.4,95.4,9.0,2,1,119,0,5,18,2,53,45,0,45,58.0,11.6,0
modules/yaksa/src/frontend/pup/yaksi_iunpack.c,46,45,0.978,30,24,0.8,1,1,1.0,4,11.0,106.0,10.0,2,1,106,0,1,3,2,27,21,0,21,9.0,9.0,0
modules/yaksa/src/frontend/pup/yaksi_iunpack_backend.c,125,114,0.912,113,73,0.6459999999999999,3,3,1.0,2,11.6666666666667,70.0,7.0,0,1,177,0,3,6,0,11,49,0,49,30.9,10.3,0
modules/yaksa/src/frontend/pup/yaksi_iunpack_element.c,288,269,0.934,168,113,0.6729999999999999,5,5,1.0,1,12.8,99.0,9.0,2,1,124,0,5,18,2,50,45,0,45,58.0,11.6,0
modules/yaksa/src/frontend/pup/yaksi_request.c,39,32,0.821,14,7,0.5,5,4,0.8,7,2.6,13.8,1.4,0,5,27,0,5,5,0,6,25,0,25,5.0,1.0,0
modules/yaksa/src/frontend/types/yaksa_blkindx.c,105,96,0.914,66,49,0.742,3,3,1.0,1,10.3333333333333,57.0,5.66666666666667,2,1,101,0,3,10,2,7,36,0,36,23.1,7.7,0
modules/yaksa/src/frontend/types/yaksa_contig.c,49,47,0.959,22,15,0.682,2,2,1.0,2,6.0,42.0,3.5,2,1,56,0,2,6,2,6,26,0,26,6.0,3.0,0
modules/yaksa/src/frontend/types/yaksa_dup.c,16,15,0.938,8,4,0.5,2,2,1.0,2,2.5,16.0,2.5,1,1,23,0,2,5,1,4,22,0,22,2.0,1.0,0
modules/yaksa/src/frontend/types/yaksa_free.c,57,49,0.86,41,24,0.585,2,2,1.0,1,9.5,49.0,1.0,1,1,75,0,2,4,1,5,38,0,38,13.0,6.5,0
modules/yaksa/src/frontend/types/yaksa_indexed.c,129,119,0.922,78,63,0.8079999999999999,3,3,1.0,1,10.6666666666667,68.0,5.66666666666667,2,1,121,0,3,10,2,7,37,0,37,27.0,9.0,0
modules/yaksa/src/frontend/types/yaksa_resized.c,41,39,0.951,22,15,0.682,2,2,1.0,1,4.5,36.0,4.5,2,1,49,0,2,6,2,5,26,0,26,6.0,3.0,0
modules/yaksa/src/frontend/types/yaksa_struct.c,124,120,0.968,80,69,0.862,2,2,1.0,0,14.0,94.5,5.5,2,1,141,0,2,6,2,8,34,0,34,27.0,13.5,0
modules/yaksa/src/frontend/types/yaksa_subarray.c,88,0,0.0,50,0,0.0,2,0,0.0,0,8.0,75.5,7.5,5,1,119,0,2,9,5,11,32,0,32,13.0,6.5,0
modules/yaksa/src/frontend/types/yaksa_vector.c,78,71,0.91,46,33,0.7170000000000001,3,3,1.0,2,7.33333333333333,44.3333333333333,5.66666666666667,2,1,74,0,3,10,2,6,31,0,31,15.0,5.0,0
modules/yaksa/src/frontend/types/yaksi_type.c,24,21,0.875,10,5,0.5,3,3,1.0,9,3.0,15.0,2.0,0,3,16,0,3,3,0,4,21,0,21,3.0,1.0,0
modules/yaksa/src/util/yaksu_buffer_pool.c,82,0,0.0,152,0,0.0,4,0,0.0,0,2.0,37.75,3.0,0,1,61,20,4,40,0,43,0,0,46,10.0,2.5,46
modules/yaksa/src/util/yaksu_handle_pool.c,81,72,0.889,188,80,0.426,5,5,1.0,0,3.4,27.0,2.0,0,1,36,11,5,30,0,25,0,0,38,12.0,2.4,38
src/binding/c/async/async_get_state.c,4,0,0.0,0,0,,3,0,0.0,0,2,4,1,0,1,'4',0,2,3,0,9,0,0,2,4.8,1.2,2
src/binding/c/async/async_spawn.c,26,0,0.0,24,0,0.0,3,0,0.0,0,'5.5',33,4,0,1,'61',0,2,3,0,13,0,0,3,12.0,3.0,3
src/binding/c/async/async_start.c,27,0,0.0,24,0,0.0,3,0,0.0,0,'5.5','32.5',3,0,1,'61',0,2,3,0,13,0,0,3,12.0,3.0,3
src/binding/c/attr/comm_create_keyval.c,19,14,0.737,8,4,0.5,5,4,0.8,0,3.0,18.6666666666667,4.0,0,1,45,0,3,5,0,17,0,0,5,11.9,1.7,5
src/binding/c/attr/comm_delete_attr.c,33,31,0.939,72,27,0.375,5,3,0.6,0,4.33333333333333,24.6666666666667,2.0,0,1,66,0,3,5,0,17,0,0,3,14.7,2.1,3
src/binding/c/attr/comm_free_keyval.c,28,26,0.929,39,16,0.41,5,4,0.8,0,3.66666666666667,23.0,1.0,0,1,61,0,3,5,0,17,0,0,4,14.0,2.0,4
src/binding/c/attr/comm_get_attr.c,33,31,0.939,59,27,0.4579999999999999,6,5,0.833,0,3.25,20.0,4.25,0,1,62,0,4,7,0,17,0,0,3,15.2,1.9,3
src/binding/c/attr/comm_set_attr.c,37,35,0.946,72,30,0.417,6,5,0.833,0,3.75,21.25,3.25,0,1,67,0,4,7,0,17,0,0,3,16.0,2.0,3
src/binding/c/attr/type_create_keyval.c,17,12,0.706,8,4,0.5,3,3,1.0,0,3.5,25.5,4.0,0,1,45,0,2,3,0,13,0,0,4,8.0,2.0,4
src/binding/c/attr/type_delete_attr.c,31,29,0.935,60,23,0.3829999999999999,3,2,0.667,0,5.5,35.0,2.0,0,1,66,0,2,3,0,13,0,0,3,11.2,2.8,3
src/binding/c/attr/type_free_keyval.c,26,24,0.923,39,16,0.41,3,2,0.667,0,4.5,32.5,1.0,0,1,61,0,2,3,0,13,0,0,3,10.0,2.5,3
src/binding/c/attr/type_get_attr.c,31,24,0.774,47,19,0.4039999999999999,4,4,1.0,0,3.66666666666667,25.6666666666667,4.33333333333333,0,1,62,0,3,5,0,13,0,0,3,11.0,2.2,3
src/binding/c/attr/type_set_attr.c,35,33,0.943,60,26,0.433,4,4,1.0,0,4.33333333333333,27.0,3.33333333333333,0,1,67,0,3,5,0,13,0,0,3,12.0,2.4,3
src/binding/c/attr/win_create_keyval.c,17,12,0.706,8,4,0.5,3,2,0.667,0,3.5,25.5,4.0,0,1,45,0,2,3,0,13,0,0,4,8.0,2.0,4
src/binding/c/attr/win_delete_attr.c,31,23,0.742,57,18,0.316,3,2,0.667,0,5.5,35.0,2.0,0,1,66,0,2,3,0,13,0,0,2,11.2,2.8,2
src/binding/c/attr/win_free_keyval.c,26,24,0.923,39,16,0.41,3,2,0.667,0,4.5,32.0,1.0,0,1,60,0,2,3,0,13,0,0,3,10.0,2.5,3
src/binding/c/attr/win_get_attr.c,31,24,0.774,44,15,0.341,4,3,0.75,0,3.66666666666667,25.3333333333333,4.33333333333333,0,1,62,0,3,5,0,13,0,0,2,11.0,2.2,2
src/binding/c/attr/win_set_attr.c,35,32,0.914,57,21,0.368,4,3,0.75,0,4.33333333333333,26.6666666666667,3.33333333333333,0,1,66,0,3,5,0,13,0,0,2,12.0,2.4,2
src/binding/c/binding/comm_create_errhandler_x.c,23,0,0.0,16,0,0.0,3,0,0.0,0,4,29.5,4,0,1,53,0,2,3,0,13,0,0,3,8.8,2.2,3
src/binding/c/binding/file_create_errhandler_x.c,23,0,0.0,16,0,0.0,3,0,0.0,0,4,29.5,4,0,1,53,0,2,3,0,13,0,0,3,8.8,2.2,3
src/binding/c/binding/op_create_x.c,23,0,0.0,16,0,0.0,3,0,0.0,0,4,28.0,5,0,1,51,0,2,3,0,13,0,0,3,8.8,2.2,3
src/binding/c/binding/session_create_errhandler_x.c,23,0,0.0,16,0,0.0,3,0,0.0,0,4,29.5,4,0,1,53,0,2,3,0,13,0,0,3,8.8,2.2,3
src/binding/c/binding/win_create_errhandler_x.c,24,0,0.0,16,0,0.0,3,0,0.0,0,4,29.5,4,0,1,53,0,2,3,0,13,0,0,3,8.8,2.2,3
src/binding/c/coll/allgather.c,153,119,0.778,432,140,0.324,6,5,0.833,0,17.5,74.75,7,0,2,162,0,4,6,0,22,0,0,4,68.8,8.6,4
src/binding/c/coll/allgather_init.c,169,51,0.302,474,52,0.11,6,2,0.3329999999999999,0,16.5,75.25,9,0,2,159,0,4,6,0,22,0,0,4,60.8,7.6,4
src/binding/c/coll/allgatherv.c,197,139,0.706,480,159,0.331,6,4,0.667,0,21.0,95.75,8,0,2,207,0,4,6,0,22,0,0,4,86.4,10.8,4
src/binding/c/coll/allgatherv_init.c,205,68,0.332,498,64,0.129,6,2,0.3329999999999999,0,20.0,93.5,10,0,2,199,0,4,6,0,22,0,0,4,81.6,10.2,4
src/binding/c/coll/allreduce.c,149,101,0.6779999999999999,418,132,0.316,6,5,0.833,0,17.5,70.25,6,0,2,149,0,4,6,0,22,0,0,6,60.0,7.5,6
src/binding/c/coll/allreduce_init.c,152,44,0.289,444,49,0.11,6,2,0.3329999999999999,0,14.5,66.75,8,0,2,139,0,4,6,0,22,0,0,4,52.0,6.5,4
src/binding/c/coll/alltoall.c,139,89,0.64,406,121,0.298,6,5,0.833,0,16.5,69.25,7,0,2,151,0,4,6,0,22,0,0,4,60.8,7.6,4
src/binding/c/coll/alltoall_init.c,159,48,0.302,452,50,0.111,6,2,0.3329999999999999,0,16.0,70.5,9,0,2,149,0,4,6,0,22,0,0,4,56.8,7.1,4
src/binding/c/coll/alltoallv.c,192,156,0.812,432,172,0.3979999999999999,6,4,0.667,0,22.0,95.0,9,0,2,210,0,4,6,0,22,0,0,4,87.2,10.9,4
src/binding/c/coll/alltoallv_init.c,211,75,0.355,486,74,0.152,6,2,0.3329999999999999,0,22.5,97.5,11,0,2,210,0,4,6,0,22,0,0,4,87.2,10.9,4
src/binding/c/coll/alltoallw.c,200,162,0.81,440,163,0.37,6,4,0.667,0,23.0,97.25,9,0,2,215,0,4,6,0,22,0,0,4,91.2,11.4,4
src/binding/c/coll/alltoallw_init.c,219,93,0.425,494,83,0.168,6,2,0.3329999999999999,0,23.5,100.0,11,0,2,214,0,4,6,0,22,0,0,4,91.2,11.4,4
src/binding/c/coll/barrier.c,30,28,0.933,53,36,0.679,3,3,1.0,0,7.0,37.5,1,0,1,71,0,2,3,0,13,0,0,2,14.0,3.5,2
src/binding/c/coll/barrier_init.c,40,30,0.75,72,31,0.431,3,2,0.667,0,7.0,39.5,3,0,1,75,0,2,3,0,13,0,0,2,14.0,3.5,2
src/binding/c/coll/bcast.c,101,72,0.713,268,117,0.437,6,5,0.833,0,12.5,55.5,5,0,2,120,0,4,6,0,22,0,0,4,46.4,5.8,4
src/binding/c/coll/bcast_init.c,117,39,0.3329999999999999,302,40,0.132,6,2,0.3329999999999999,0,12.0,56.75,7,0,2,119,0,4,6,0,22,0,0,4,41.6,5.2,4
src/binding/c/coll/exscan.c,136,81,0.596,402,99,0.246,6,4,0.667,0,15.0,65.5,6,0,2,139,0,4,6,0,22,0,0,4,56.0,7.0,4
src/binding/c/coll/exscan_init.c,150,44,0.293,444,49,0.11,6,2,0.3329999999999999,0,14.5,66.5,8,0,2,139,0,4,6,0,22,0,0,4,52.0,6.5,4
src/binding/c/coll/gather.c,166,122,0.735,488,169,0.346,6,5,0.833,0,18.5,78.5,8,0,2,170,0,4,6,0,22,0,0,4,91.2,11.4,4
src/binding/c/coll/gather_init.c,181,60,0.331,526,73,0.139,6,2,0.3329999999999999,0,17.5,78.5,10,0,2,165,0,4,6,0,22,0,0,4,80.8,10.1,4
src/binding/c/coll/gatherv.c,201,150,0.746,504,179,0.355,6,5,0.833,0,21.5,98.5,9,0,2,212,0,4,6,0,22,0,0,4,113.6,14.2,4
src/binding/c/coll/gatherv_init.c,223,72,0.3229999999999999,558,72,0.129,6,2,0.3329999999999999,0,22.0,101.25,11,0,2,214,0,4,6,0,22,0,0,4,113.6,14.2,4
src/binding/c/coll/iallgather.c,158,111,0.703,432,124,0.287,6,5,0.833,0,16.0,72.75,8,0,2,154,0,4,6,0,22,0,0,4,63.2,7.9,4
src/binding/c/coll/iallgatherv.c,201,142,0.706,480,147,0.306,6,4,0.667,0,19.5,93.0,9,0,2,199,0,4,6,0,22,0,0,4,80.0,10.0,4
src/binding/c/coll/iallreduce.c,143,95,0.664,410,107,0.261,6,5,0.833,0,14.0,64.5,7,0,2,135,0,4,6,0,22,0,0,6,49.6,6.2,6
src/binding/c/coll/ialltoall.c,144,101,0.701,406,116,0.286,6,5,0.833,0,15.0,67.25,8,0,2,143,0,4,6,0,22,0,0,4,55.2,6.9,4
src/binding/c/coll/ialltoallv.c,191,143,0.7490000000000001,432,143,0.331,6,4,0.667,0,20.5,91.0,10,0,2,197,0,4,6,0,22,0,0,4,80.8,10.1,4
src/binding/c/coll/ialltoallw.c,199,151,0.759,440,150,0.341,6,4,0.667,0,21.5,94.0,10,0,2,203,0,4,6,0,22,0,0,4,84.8,10.6,4
src/binding/c/coll/ibarrier.c,33,25,0.758,53,25,0.472,3,2,0.667,0,6.0,36.5,2,0,1,69,0,2,3,0,13,0,0,2,12.0,3.0,2
src/binding/c/coll/ibcast.c,107,74,0.6920000000000001,268,86,0.321,6,5,0.833,0,11.0,54.0,6,0,2,113,0,4,6,0,22,0,0,4,40.0,5.0,4
src/binding/c/coll/iexscan.c,141,91,0.645,402,103,0.256,6,4,0.667,0,13.5,63.25,7,0,2,132,0,4,6,0,22,0,0,4,49.6,6.2,4
src/binding/c/coll/igather.c,170,122,0.718,488,165,0.3379999999999999,6,4,0.667,0,17.0,76.5,9,0,2,161,0,4,6,0,22,0,0,4,84.8,10.6,4
src/binding/c/coll/igatherv.c,201,148,0.736,504,177,0.351,6,4,0.667,0,20.0,94.75,10,0,2,202,0,4,6,0,22,0,0,4,108.0,13.5,4
src/binding/c/coll/ineighbor_allgather.c,123,0,0.0,358,0,0.0,6,0,0.0,0,13.0,61.25,8,0,2,131,0,4,6,0,22,0,0,4,43.2,5.4,4
src/binding/c/coll/ineighbor_allgatherv.c,141,0,0.0,366,0,0.0,6,0,0.0,0,15.0,71.25,9,0,2,155,0,4,6,0,22,0,0,4,49.6,6.2,4
src/binding/c/coll/ineighbor_alltoall.c,123,0,0.0,358,0,0.0,6,0,0.0,0,13.0,61.25,8,0,2,131,0,4,6,0,22,0,0,4,43.2,5.4,4
src/binding/c/coll/ineighbor_alltoallv.c,151,0,0.0,374,0,0.0,6,0,0.0,0,17.0,78.5,10,0,2,172,0,4,6,0,22,0,0,4,56.8,7.1,4
src/binding/c/coll/ineighbor_alltoallw.c,151,0,0.0,378,0,0.0,6,0,0.0,0,16.0,73.75,10,0,2,155,0,4,6,0,22,0,0,4,55.2,6.9,4
src/binding/c/coll/ireduce.c,178,128,0.7190000000000001,490,162,0.331,6,4,0.667,0,17.0,75.0,8,0,2,156,0,4,6,0,22,0,0,6,84.0,10.5,6
src/binding/c/coll/ireduce_scatter.c,181,121,0.669,430,120,0.2789999999999999,6,4,0.667,0,16.5,81.25,7,0,2,168,0,4,6,0,22,0,0,6,65.6,8.2,6
src/binding/c/coll/ireduce_scatter_block.c,146,96,0.6579999999999999,418,107,0.256,6,4,0.667,0,14.0,66.25,7,0,2,137,0,4,6,0,22,0,0,6,54.4,6.8,6
src/binding/c/coll/iscan.c,141,92,0.652,402,114,0.284,6,4,0.667,0,13.5,63.0,7,0,2,131,0,4,6,0,22,0,0,4,49.6,6.2,4
src/binding/c/coll/iscatter.c,171,123,0.7190000000000001,488,163,0.3339999999999999,6,4,0.667,0,17.0,76.5,9,0,2,161,0,4,6,0,22,0,0,4,84.8,10.6,4
src/binding/c/coll/iscatterv.c,201,148,0.736,504,177,0.351,6,4,0.667,0,20.0,94.75,10,0,2,202,0,4,6,0,22,0,0,4,108.0,13.5,4
src/binding/c/coll/neighbor_allgather.c,111,30,0.27,350,31,0.089,6,2,0.3329999999999999,0,12.25,56.5,7,0,2,119,0,4,6,0,22,0,0,4,40.0,5.0,4
src/binding/c/coll/neighbor_allgather_init.c,143,43,0.301,412,42,0.102,6,2,0.3329999999999999,0,15.0,67.75,9,0,2,144,0,4,6,0,22,0,0,4,48.8,6.1,4
src/binding/c/coll/neighbor_allgatherv.c,127,42,0.331,358,38,0.106,6,2,0.3329999999999999,0,14.25,66.0,8,0,2,142,0,4,6,0,22,0,0,4,47.2,5.9,4
src/binding/c/coll/neighbor_allgatherv_init.c,159,55,0.346,420,49,0.1169999999999999,6,2,0.3329999999999999,0,17.0,78.0,10,0,2,167,0,4,6,0,22,0,0,4,56.0,7.0,4
src/binding/c/coll/neighbor_alltoall.c,111,30,0.27,350,31,0.089,6,2,0.3329999999999999,0,12.25,56.5,7,0,2,119,0,4,6,0,22,0,0,4,40.0,5.0,4
src/binding/c/coll/neighbor_alltoall_init.c,144,43,0.299,412,42,0.102,6,2,0.3329999999999999,0,15.0,67.75,9,0,2,144,0,4,6,0,22,0,0,4,48.8,6.1,4
src/binding/c/coll/neighbor_alltoallv.c,140,51,0.364,366,45,0.123,6,2,0.3329999999999999,0,16.25,73.5,9,0,2,160,0,4,6,0,22,0,0,4,54.4,6.8,4
src/binding/c/coll/neighbor_alltoallv_init.c,171,65,0.38,428,56,0.131,6,2,0.3329999999999999,0,19.0,84.75,11,0,2,184,0,4,6,0,22,0,0,4,63.2,7.9,4
src/binding/c/coll/neighbor_alltoallw.c,140,48,0.3429999999999999,370,43,0.1159999999999999,6,2,0.3329999999999999,0,15.25,68.5,9,0,2,142,0,4,6,0,22,0,0,4,52.0,6.5,4
src/binding/c/coll/neighbor_alltoallw_init.c,172,62,0.36,432,54,0.125,6,2,0.3329999999999999,0,18.0,80.5,11,0,2,168,0,4,6,0,22,0,0,4,60.8,7.6,4
src/binding/c/coll/reduce.c,192,138,0.7190000000000001,502,181,0.361,6,4,0.667,0,23.0,84.75,7,0,2,178,0,4,6,0,22,0,0,6,96.0,12.0,6
src/binding/c/coll/reduce_init.c,186,57,0.306,516,60,0.1159999999999999,6,2,0.3329999999999999,0,17.5,77.25,9,0,2,160,0,4,6,0,22,0,0,4,81.6,10.2,4
src/binding/c/coll/reduce_local.c,96,54,0.562,184,56,0.304,6,4,0.667,0,10.25,45.25,5,0,2,93,0,4,6,0,22,0,0,9,35.2,4.4,9
src/binding/c/coll/reduce_scatter.c,176,120,0.682,430,128,0.298,6,4,0.667,0,18.0,83.75,6,0,2,177,0,4,6,0,22,0,0,6,72.0,9.0,6
src/binding/c/coll/reduce_scatter_block.c,142,86,0.606,418,115,0.275,6,4,0.667,0,15.5,68.25,6,0,2,145,0,4,6,0,22,0,0,6,60.0,7.5,6
src/binding/c/coll/reduce_scatter_block_init.c,152,45,0.296,444,50,0.113,6,2,0.3329999999999999,0,14.5,67.5,8,0,2,140,0,4,6,0,22,0,0,4,52.0,6.5,4
src/binding/c/coll/reduce_scatter_init.c,188,60,0.319,464,57,0.123,6,2,0.3329999999999999,0,17.0,83.0,8,0,2,171,0,4,6,0,22,0,0,4,68.0,8.5,4
src/binding/c/coll/scan.c,135,85,0.63,402,117,0.291,6,4,0.667,0,15.0,65.25,6,0,2,138,0,4,6,0,22,0,0,4,56.0,7.0,4
src/binding/c/coll/scan_init.c,149,48,0.322,444,53,0.119,6,2,0.3329999999999999,0,14.5,66.0,8,0,2,138,0,4,6,0,22,0,0,4,52.0,6.5,4
src/binding/c/coll/scatter.c,166,128,0.7709999999999999,488,172,0.352,6,4,0.667,0,18.5,78.75,8,0,2,170,0,4,6,0,22,0,0,4,91.2,11.4,4
src/binding/c/coll/scatter_init.c,181,60,0.331,526,63,0.12,6,2,0.3329999999999999,0,17.5,78.75,10,0,2,166,0,4,6,0,22,0,0,4,80.8,10.1,4
src/binding/c/coll/scatterv.c,201,156,0.7759999999999999,504,182,0.361,6,4,0.667,0,21.5,98.5,9,0,2,212,0,4,6,0,22,0,0,4,113.6,14.2,4
src/binding/c/coll/scatterv_init.c,222,81,0.365,558,81,0.145,6,2,0.3329999999999999,0,22.0,101.25,11,0,2,214,0,4,6,0,22,0,0,4,113.6,14.2,4
src/binding/c/comm/comm_agree.c,24,0,0.0,45,0,0.0,3,0,0.0,0,4.5,31.0,2,0,1,58,0,2,3,0,13,0,0,2,10.0,2.5,2
src/binding/c/comm/comm_compare.c,31,23,0.742,80,31,0.3879999999999999,3,2,0.667,0,5.5,35.0,3,0,1,66,0,2,3,0,13,0,0,2,11.2,2.8,2
src/binding/c/comm/comm_create.c,36,34,0.944,72,35,0.486,3,2,0.667,0,6.0,37.5,3,0,1,71,0,2,3,0,13,0,0,2,12.0,3.0,2
src/binding/c/comm/comm_create_group.c,37,34,0.919,78,33,0.423,3,2,0.667,0,6.0,38.5,4,0,1,73,0,2,3,0,13,0,0,2,12.0,3.0,2
src/binding/c/comm/comm_dup.c,36,34,0.944,51,30,0.588,3,3,1.0,0,6.5,39.5,2,0,1,75,0,2,3,0,13,0,0,2,14.0,3.5,2
src/binding/c/comm/comm_dup_with_info.c,39,32,0.821,74,33,0.446,3,2,0.667,0,7.0,39.5,3,0,1,75,0,2,3,0,13,0,0,2,14.0,3.5,2
src/binding/c/comm/comm_failure_ack.c,23,0,0.0,43,0,0.0,3,0,0.0,0,4.5,30.5,1,0,1,57,0,2,3,0,13,0,0,2,10.0,2.5,2
src/binding/c/comm/comm_failure_get_acked.c,29,0,0.0,49,0,0.0,3,0,0.0,0,5.0,34.0,2,0,1,64,0,2,3,0,13,0,0,2,11.2,2.8,2
src/binding/c/comm/comm_free.c,34,29,0.853,51,29,0.569,3,3,1.0,0,7.0,39.5,1,0,1,75,0,2,3,0,13,0,0,3,14.0,3.5,3
src/binding/c/comm/comm_get_failed.c,30,0,0.0,47,0,0.0,3,0,0.0,0,5.0,34.0,2,0,1,64,0,2,3,0,13,0,0,2,11.2,2.8,2
src/binding/c/comm/comm_get_info.c,30,28,0.933,49,22,0.449,3,2,0.667,0,5.0,34.0,2,0,1,64,0,2,3,0,13,0,0,2,11.2,2.8,2
src/binding/c/comm/comm_get_name.c,32,25,0.7809999999999999,53,26,0.491,3,2,0.667,0,6.5,36.0,3,0,1,68,0,2,3,0,13,0,0,2,14.0,3.5,2
src/binding/c/comm/comm_group.c,29,27,0.931,49,23,0.469,3,2,0.667,0,5.0,33.5,2,0,1,63,0,2,3,0,13,0,0,2,11.2,2.8,2
src/binding/c/comm/comm_idup.c,36,29,0.8059999999999999,53,30,0.5660000000000001,3,2,0.667,0,5.5,37.0,3,0,1,70,0,2,3,0,13,0,0,2,12.0,3.0,2
src/binding/c/comm/comm_idup_with_info.c,46,38,0.826,80,35,0.4379999999999999,3,2,0.667,0,7.5,43.5,4,0,1,83,0,2,3,0,13,0,0,2,15.2,3.8,2
src/binding/c/comm/comm_rank.c,29,22,0.759,49,29,0.5920000000000001,3,3,1.0,0,6.0,34.5,2,0,1,65,0,2,3,0,13,0,0,2,12.8,3.2,2
src/binding/c/comm/comm_remote_group.c,30,0,0.0,49,0,0.0,3,0,0.0,0,5.0,34.0,2,0,1,64,0,2,3,0,13,0,0,2,11.2,2.8,2
src/binding/c/comm/comm_remote_size.c,25,18,0.72,45,17,0.3779999999999999,3,2,0.667,0,4.5,30.0,2,0,1,56,0,2,3,0,13,0,0,2,10.0,2.5,2
src/binding/c/comm/comm_revoke.c,23,0,0.0,43,0,0.0,3,0,0.0,0,4.5,30.5,1,0,1,57,0,2,3,0,13,0,0,2,10.0,2.5,2
src/binding/c/comm/comm_set_info.c,29,22,0.759,66,24,0.364,3,2,0.667,0,5.5,34.0,2,0,1,64,0,2,3,0,13,0,0,2,11.2,2.8,2
src/binding/c/comm/comm_set_name.c,25,18,0.72,43,19,0.442,3,2,0.667,0,4.5,31.5,2,0,1,59,0,2,3,0,13,0,0,2,10.0,2.5,2
src/binding/c/comm/comm_shrink.c,29,0,0.0,49,0,0.0,3,0,0.0,0,5.0,33.5,2,0,1,63,0,2,3,0,13,0,0,2,11.2,2.8,2
src/binding/c/comm/comm_size.c,29,26,0.897,49,27,0.551,3,3,1.0,0,6.0,34.5,2,0,1,65,0,2,3,0,13,0,0,2,12.8,3.2,2
src/binding/c/comm/comm_split.c,30,28,0.933,47,24,0.511,3,2,0.667,0,5.0,34.0,4,0,1,64,0,2,3,0,13,0,0,2,11.2,2.8,2
src/binding/c/comm/comm_split_type.c,42,37,0.8809999999999999,86,45,0.523,3,2,0.667,0,8.0,42.0,5,0,1,80,0,2,3,0,13,0,0,2,20.0,5.0,2
src/binding/c/comm/comm_test_inter.c,25,18,0.72,43,19,0.442,3,3,1.0,0,4.5,30.0,2,0,1,56,0,2,3,0,13,0,0,2,10.0,2.5,2
src/binding/c/comm/comm_test_threadcomm.c,24,0,0.0,43,0,0.0,3,0,0.0,0,4.5,30.0,2,0,1,56,0,2,3,0,13,0,0,2,10.0,2.5,2
src/binding/c/comm/intercomm_create.c,54,44,0.815,108,53,0.491,3,2,0.667,0,8.5,58.5,6,0,1,112,0,2,3,0,31,0,0,2,23.2,5.8,2
src/binding/c/comm/intercomm_create_from_groups.c,58,41,0.7070000000000001,122,34,0.2789999999999999,3,2,0.667,0,10.0,54.5,8,0,1,102,0,2,3,0,13,0,0,3,18.0,4.5,3
src/binding/c/comm/intercomm_merge.c,39,31,0.795,57,26,0.456,3,2,0.667,0,6.5,44.5,3,0,1,85,0,2,3,0,19,0,0,2,15.2,3.8,2
src/binding/c/datatype/get_address.c,19,11,0.579,8,4,0.5,5,3,0.6,0,3.0,16.0,2.0,0,1,40,0,3,5,0,18,0,0,5,11.9,1.7,5
src/binding/c/datatype/get_count.c,57,36,0.632,72,29,0.4029999999999999,6,5,0.833,0,6.0,30.5,3.0,0,2,59,0,4,6,0,22,0,0,6,23.2,2.9,6
src/binding/c/datatype/get_elements.c,67,49,0.731,88,40,0.455,6,4,0.667,0,6.5,32.25,3.0,0,2,62,0,4,6,0,22,0,0,6,24.8,3.1,6
src/binding/c/datatype/get_elements_x.c,32,23,0.7190000000000001,45,19,0.422,3,2,0.667,0,5.5,30.5,3.0,0,1,57,0,2,3,0,13,0,0,4,11.2,2.8,4
src/binding/c/datatype/pack.c,95,37,0.389,188,41,0.218,6,2,0.3329999999999999,0,11.0,53.0,7.0,0,2,114,0,4,6,0,24,0,0,4,36.0,4.5,4
src/binding/c/datatype/pack_external.c,70,52,0.743,98,41,0.418,6,4,0.667,0,9.25,44.0,7.0,0,2,99,0,4,6,0,22,0,0,7,28.8,3.6,7
src/binding/c/datatype/pack_external_size.c,52,39,0.75,70,27,0.386,6,4,0.667,0,6.25,33.25,4.0,0,2,71,0,4,6,0,22,0,0,7,23.2,2.9,7
src/binding/c/datatype/pack_size.c,79,30,0.38,154,31,0.201,6,2,0.3329999999999999,0,8.5,44.5,4.0,0,2,91,0,4,6,0,22,0,0,4,30.4,3.8,4
src/binding/c/datatype/status_set_elements.c,50,38,0.76,70,28,0.4,6,4,0.667,0,5.0,28.25,3.0,0,2,53,0,4,6,0,21,0,0,7,20.0,2.5,7
src/binding/c/datatype/status_set_elements_x.c,25,19,0.76,35,15,0.429,3,3,1.0,0,5.0,28.5,3.0,0,1,53,0,2,3,0,13,0,0,4,10.0,2.5,4
src/binding/c/datatype/type_commit.c,25,19,0.76,43,21,0.488,3,3,1.0,0,6.0,28.5,1.0,0,1,53,0,2,3,0,13,0,0,5,11.2,2.8,5
src/binding/c/datatype/type_contiguous.c,54,41,0.759,70,25,0.357,6,4,0.667,0,6.25,32.5,3.0,0,2,69,0,4,6,0,22,0,0,8,23.2,2.9,8
src/binding/c/datatype/type_create_darray.c,70,19,0.271,94,15,0.16,6,2,0.3329999999999999,0,7.5,42.75,10.0,0,2,91,0,4,6,0,22,0,0,7,30.4,3.8,7
src/binding/c/datatype/type_create_f90_complex.c,17,0,0.0,8,0,0.0,3,0,0.0,0,3.5,23.5,3.0,0,1,43,0,2,3,0,13,0,0,4,8.0,2.0,4
src/binding/c/datatype/type_create_f90_integer.c,17,0,0.0,8,0,0.0,3,0,0.0,0,3.5,23.5,2.0,0,1,43,0,2,3,0,13,0,0,4,8.0,2.0,4
src/binding/c/datatype/type_create_f90_real.c,17,0,0.0,8,0,0.0,3,0,0.0,0,3.5,23.5,3.0,0,1,43,0,2,3,0,13,0,0,4,8.0,2.0,4
src/binding/c/datatype/type_create_hindexed.c,79,60,0.759,94,38,0.4039999999999999,8,5,0.625,0,7.8,38.4,5.0,0,2,109,0,5,8,0,26,0,0,8,37.4,3.4,8
src/binding/c/datatype/type_create_hindexed_block.c,66,25,0.379,82,18,0.22,6,2,0.3329999999999999,0,8.0,42.75,5.0,0,2,98,0,4,6,0,22,0,0,7,28.0,3.5,7
src/binding/c/datatype/type_create_hvector.c,60,23,0.3829999999999999,74,16,0.216,8,3,0.375,0,6.2,31.6,5.0,0,2,87,0,5,8,0,26,0,0,9,28.6,2.6,9
src/binding/c/datatype/type_create_indexed_block.c,66,47,0.7120000000000001,82,31,0.3779999999999999,6,4,0.667,0,8.0,42.5,5.0,0,2,98,0,4,6,0,22,0,0,7,28.0,3.5,7
src/binding/c/datatype/type_create_resized.c,54,19,0.352,66,14,0.212,6,2,0.3329999999999999,0,6.75,35.5,4.0,0,2,78,0,4,6,0,22,0,0,8,24.0,3.0,8
src/binding/c/datatype/type_create_struct.c,86,35,0.407,90,26,0.289,8,4,0.5,0,8.6,40.4,5.0,0,2,114,0,5,8,0,26,0,0,8,40.7,3.7,8
src/binding/c/datatype/type_create_subarray.c,79,28,0.354,94,23,0.245,6,2,0.3329999999999999,0,10.0,49.5,7.0,0,2,117,0,4,6,0,22,0,0,7,36.0,4.5,7
src/binding/c/datatype/type_dup.c,25,24,0.96,33,15,0.455,3,3,1.0,0,5.0,27.5,2.0,0,1,51,0,2,3,0,13,0,0,4,10.0,2.5,4
src/binding/c/datatype/type_extent.c,24,22,0.917,33,15,0.455,3,2,0.667,0,4.5,30.0,2.0,0,1,56,0,2,3,0,13,0,0,3,10.0,2.5,3
src/binding/c/datatype/type_free.c,26,24,0.923,43,20,0.465,3,3,1.0,0,6.0,29.5,1.0,0,1,55,0,2,3,0,13,0,0,4,11.2,2.8,4
src/binding/c/datatype/type_get_contents.c,91,31,0.341,128,27,0.211,6,2,0.3329999999999999,0,10.5,51.5,8.0,0,2,121,0,4,6,0,22,0,0,8,35.2,4.4,8
src/binding/c/datatype/type_get_envelope.c,63,48,0.762,80,34,0.425,6,4,0.667,0,5.75,35.25,5.5,0,2,76,0,4,6,0,22,0,0,7,22.4,2.8,7
src/binding/c/datatype/type_get_extent.c,51,23,0.451,70,16,0.2289999999999999,6,3,0.5,0,5.75,29.5,3.0,0,2,61,0,4,6,0,22,0,0,7,22.4,2.8,7
src/binding/c/datatype/type_get_extent_x.c,25,23,0.92,35,16,0.457,3,2,0.667,0,5.0,26.5,3.0,0,1,49,0,2,3,0,13,0,0,4,10.0,2.5,4
src/binding/c/datatype/type_get_name.c,32,25,0.7809999999999999,41,19,0.4629999999999999,3,2,0.667,0,6.5,36.0,3.0,0,1,68,0,2,3,0,13,0,0,3,14.0,3.5,3
src/binding/c/datatype/type_get_true_extent.c,54,45,0.833,70,29,0.414,6,5,0.833,0,5.75,30.75,3.0,0,2,64,0,4,6,0,22,0,0,7,22.4,2.8,7
src/binding/c/datatype/type_get_true_extent_x.c,26,19,0.731,35,14,0.4,3,2,0.667,0,5.0,27.5,3.0,0,1,51,0,2,3,0,13,0,0,4,10.0,2.5,4
src/binding/c/datatype/type_get_value_index.c,34,0,0.0,58,0,0.0,3,0,0.0,0,6.5,34.0,3.0,0,1,63,0,2,3,0,13,0,0,4,12.0,3.0,4
src/binding/c/datatype/type_indexed.c,75,30,0.4,94,24,0.255,6,2,0.3329999999999999,0,9.25,46.0,5.0,0,2,107,0,4,6,0,22,0,0,7,32.8,4.1,7
src/binding/c/datatype/type_iov.c,38,30,0.789,51,23,0.451,3,2,0.667,0,6.0,38.0,5.0,0,1,71,0,2,3,0,14,0,0,3,11.2,2.8,3
src/binding/c/datatype/type_iov_len.c,36,28,0.778,49,22,0.449,3,2,0.667,0,6.0,36.5,4.0,0,1,68,0,2,3,0,13,0,0,3,11.2,2.8,3
src/binding/c/datatype/type_lb.c,24,22,0.917,33,15,0.455,3,2,0.667,0,4.5,30.0,2.0,0,1,56,0,2,3,0,13,0,0,3,10.0,2.5,3
src/binding/c/datatype/type_match_size.c,17,12,0.706,8,4,0.5,3,2,0.667,0,3.5,23.5,3.0,0,1,43,0,2,3,0,13,0,0,4,8.0,2.0,4
src/binding/c/datatype/type_set_name.c,25,18,0.72,33,15,0.455,3,2,0.667,0,4.5,31.5,2.0,0,1,59,0,2,3,0,13,0,0,3,10.0,2.5,3
src/binding/c/datatype/type_size.c,53,26,0.491,68,21,0.309,6,4,0.667,0,6.0,29.5,2.0,0,2,57,0,4,6,0,22,0,0,6,23.2,2.9,6
src/binding/c/datatype/type_size_x.c,24,22,0.917,33,15,0.455,3,3,1.0,0,5.0,25.5,2.0,0,1,47,0,2,3,0,13,0,0,4,10.0,2.5,4
src/binding/c/datatype/type_ub.c,25,23,0.92,33,15,0.455,3,2,0.667,0,4.5,30.5,2.0,0,1,57,0,2,3,0,13,0,0,3,10.0,2.5,3
src/binding/c/datatype/type_vector.c,58,26,0.4479999999999999,74,17,0.23,6,2,0.3329999999999999,0,7.25,37.75,5.0,0,2,86,0,4,6,0,22,0,0,8,24.8,3.1,8
src/binding/c/datatype/unpack.c,95,37,0.389,188,41,0.218,6,2,0.3329999999999999,0,11.0,54.5,7.0,0,2,117,0,4,6,0,24,0,0,4,36.0,4.5,4
src/binding/c/datatype/unpack_external.c,71,53,0.746,98,41,0.418,6,4,0.667,0,9.25,44.25,7.0,0,2,99,0,4,6,0,22,0,0,7,28.8,3.6,7
src/binding/c/errhan/add_error_class.c,16,11,0.688,8,4,0.5,3,2,0.667,0,3.5,22.5,1,0,1,41,0,2,3,0,13,0,0,4,8.0,2.0,4
src/binding/c/errhan/add_error_code.c,17,11,0.647,8,4,0.5,3,2,0.667,0,3.5,23.0,2,0,1,42,0,2,3,0,13,0,0,4,8.0,2.0,4
src/binding/c/errhan/add_error_string.c,16,11,0.688,8,4,0.5,3,2,0.667,0,3.5,23.0,2,0,1,42,0,2,3,0,13,0,0,4,8.0,2.0,4
src/binding/c/errhan/comm_call_errhandler.c,23,17,0.7390000000000001,43,20,0.465,3,2,0.667,0,4.5,29.5,2,0,1,55,0,2,3,0,13,0,0,2,10.0,2.5,2
src/binding/c/errhan/comm_create_errhandler.c,25,19,0.76,14,8,0.5710000000000001,5,3,0.6,0,3.33333333333333,20.0,2,0,1,50,0,3,5,0,17,0,0,4,13.3,1.9,4
src/binding/c/errhan/comm_get_errhandler.c,26,0,0.0,45,0,0.0,5,0,0.0,0,3.66666666666667,22.3333333333333,2,0,1,59,0,3,5,0,17,0,0,3,14.0,2.0,3
src/binding/c/errhan/comm_set_errhandler.c,31,24,0.774,68,27,0.397,5,3,0.6,0,4.33333333333333,24.3333333333333,2,0,1,65,0,3,5,0,17,0,0,3,14.7,2.1,3
src/binding/c/errhan/errhandler_free.c,25,19,0.76,35,12,0.3429999999999999,3,2,0.667,0,4.5,31.5,1,0,1,59,0,2,3,0,13,0,0,3,10.0,2.5,3
src/binding/c/errhan/error_class.c,16,10,0.625,6,3,0.5,3,2,0.667,0,3.5,20.5,2,0,1,37,0,2,3,0,13,0,0,3,8.8,2.2,3
src/binding/c/errhan/error_string.c,17,11,0.647,8,4,0.5,3,2,0.667,0,4.0,22.0,3,0,1,40,0,2,3,0,13,0,0,3,10.0,2.5,3
src/binding/c/errhan/file_call_errhandler.c,13,8,0.615,4,2,0.5,3,2,0.667,0,3.5,16.5,2,0,1,29,0,2,3,0,13,0,0,4,7.2,1.8,4
src/binding/c/errhan/file_create_errhandler.c,23,17,0.7390000000000001,14,7,0.5,3,2,0.667,0,4.0,27.5,2,0,1,50,0,2,3,0,13,0,0,3,8.8,2.2,3
src/binding/c/errhan/file_get_errhandler.c,16,0,0.0,8,0,0.0,3,0,0.0,0,3.5,23.0,2,0,1,42,0,2,3,0,13,0,0,4,8.0,2.0,4
src/binding/c/errhan/file_set_errhandler.c,26,18,0.6920000000000001,37,16,0.432,3,2,0.667,0,5.5,34.0,2,0,1,64,0,2,3,0,13,0,0,3,12.0,3.0,3
src/binding/c/errhan/remove_error_class.c,13,8,0.615,4,2,0.5,3,2,0.667,0,3.5,18.0,1,0,1,32,0,2,3,0,13,0,0,4,7.2,1.8,4
src/binding/c/errhan/remove_error_code.c,13,8,0.615,4,2,0.5,3,2,0.667,0,3.5,18.0,1,0,1,32,0,2,3,0,13,0,0,4,7.2,1.8,4
src/binding/c/errhan/remove_error_string.c,13,8,0.615,4,2,0.5,3,2,0.667,0,3.5,18.0,1,0,1,32,0,2,3,0,13,0,0,4,7.2,1.8,4
src/binding/c/errhan/session_call_errhandler.c,22,16,0.727,18,7,0.389,3,2,0.667,0,4.5,29.0,2,0,1,54,0,2,3,0,13,0,0,2,10.0,2.5,2
src/binding/c/errhan/session_create_errhandler.c,22,13,0.591,12,4,0.3329999999999999,3,2,0.667,0,4.0,25.0,2,0,1,45,0,2,3,0,13,0,0,2,10.0,2.5,2
src/binding/c/errhan/session_get_errhandler.c,23,0,0.0,20,0,0.0,3,0,0.0,0,4.5,31.0,2,0,1,58,0,2,3,0,13,0,0,2,10.0,2.5,2
src/binding/c/errhan/session_set_errhandler.c,31,22,0.71,47,19,0.4039999999999999,3,2,0.667,0,6.5,37.0,2,0,1,70,0,2,3,0,13,0,0,2,12.8,3.2,2
src/binding/c/errhan/win_call_errhandler.c,23,17,0.7390000000000001,28,10,0.357,3,2,0.667,0,4.5,29.5,2,0,1,55,0,2,3,0,13,0,0,2,10.0,2.5,2
src/binding/c/errhan/win_create_errhandler.c,22,17,0.773,14,7,0.5,3,2,0.667,0,4.0,27.0,2,0,1,49,0,2,3,0,13,0,0,3,8.8,2.2,3
src/binding/c/errhan/win_get_errhandler.c,25,18,0.72,30,11,0.367,3,2,0.667,0,4.5,31.5,2,0,1,59,0,2,3,0,13,0,0,2,10.0,2.5,2
src/binding/c/errhan/win_set_errhandler.c,33,23,0.6970000000000001,57,22,0.386,3,2,0.667,0,6.5,37.5,2,0,1,71,0,2,3,0,13,0,0,2,12.8,3.2,2
src/binding/c/f2c/comm_c2f.c,4,0,0.0,0,0,,3,0,0.0,0,2.0,4.0,1,0,1,4,0,2,3,0,9,0,0,1,4.8,1.2,1
src/binding/c/f2c/comm_f2c.c,4,0,0.0,0,0,,3,0,0.0,0,2.0,4.0,1,0,1,4,0,2,3,0,9,0,0,1,4.8,1.2,1
src/binding/c/f2c/errhandler_c2f.c,4,0,0.0,0,0,,3,0,0.0,0,2.0,4.0,1,0,1,4,0,2,3,0,9,0,0,1,4.8,1.2,1
src/binding/c/f2c/errhandler_f2c.c,4,0,0.0,0,0,,3,0,0.0,0,2.0,4.0,1,0,1,4,0,2,3,0,9,0,0,1,4.8,1.2,1
src/binding/c/f2c/group_c2f.c,4,0,0.0,0,0,,3,0,0.0,0,2.0,4.0,1,0,1,4,0,2,3,0,9,0,0,1,4.8,1.2,1
src/binding/c/f2c/group_f2c.c,4,0,0.0,0,0,,3,0,0.0,0,2.0,4.0,1,0,1,4,0,2,3,0,9,0,0,1,4.8,1.2,1
src/binding/c/f2c/info_c2f.c,4,0,0.0,0,0,,3,0,0.0,0,2.0,4.0,1,0,1,4,0,2,3,0,9,0,0,1,4.8,1.2,1
src/binding/c/f2c/info_f2c.c,4,0,0.0,0,0,,3,0,0.0,0,2.0,4.0,1,0,1,4,0,2,3,0,9,0,0,1,4.8,1.2,1
src/binding/c/f2c/message_c2f.c,4,0,0.0,0,0,,3,0,0.0,0,2.0,4.0,1,0,1,4,0,2,3,0,9,0,0,1,4.8,1.2,1
src/binding/c/f2c/message_f2c.c,4,0,0.0,0,0,,3,0,0.0,0,2.0,4.0,1,0,1,4,0,2,3,0,9,0,0,1,4.8,1.2,1
src/binding/c/f2c/op_c2f.c,4,0,0.0,0,0,,3,0,0.0,0,2.0,4.0,1,0,1,4,0,2,3,0,9,0,0,1,4.8,1.2,1
src/binding/c/f2c/op_f2c.c,4,0,0.0,0,0,,3,0,0.0,0,2.0,4.0,1,0,1,4,0,2,3,0,9,0,0,1,4.8,1.2,1
src/binding/c/f2c/request_c2f.c,4,0,0.0,0,0,,3,0,0.0,0,2.0,4.0,1,0,1,4,0,2,3,0,9,0,0,1,4.8,1.2,1
src/binding/c/f2c/request_f2c.c,4,0,0.0,0,0,,3,0,0.0,0,2.0,4.0,1,0,1,4,0,2,3,0,9,0,0,1,4.8,1.2,1
src/binding/c/f2c/session_c2f.c,4,0,0.0,0,0,,3,0,0.0,0,2.0,4.0,1,0,1,4,0,2,3,0,9,0,0,1,4.8,1.2,1
src/binding/c/f2c/session_f2c.c,4,0,0.0,0,0,,3,0,0.0,0,2.0,4.0,1,0,1,4,0,2,3,0,9,0,0,1,4.8,1.2,1
src/binding/c/f2c/status_c2f08.c,17,0,0.0,8,0,0.0,3,0,0.0,0,3.5,21.0,2,0,1,38,0,2,3,0,13,0,0,3,8.8,2.2,3
src/binding/c/f2c/status_c2f.c,16,0,0.0,8,0,0.0,3,0,0.0,0,3.5,20.5,2,0,1,37,0,2,3,0,13,0,0,3,8.8,2.2,3
src/binding/c/f2c/status_f2c.c,18,0,0.0,10,0,0.0,3,0,0.0,0,4.0,21.5,2,0,1,39,0,2,3,0,13,0,0,3,10.0,2.5,3
src/binding/c/f2c/status_f2f08.c,17,0,0.0,8,0,0.0,3,0,0.0,0,3.5,21.0,2,0,1,38,0,2,3,0,13,0,0,3,8.8,2.2,3
src/binding/c/f2c/status_f082c.c,19,0,0.0,10,0,0.0,3,0,0.0,0,4.0,22.0,2,0,1,40,0,2,3,0,13,0,0,3,10.0,2.5,3
src/binding/c/f2c/status_f082f.c,17,0,0.0,8,0,0.0,3,0,0.0,0,3.5,21.0,2,0,1,38,0,2,3,0,13,0,0,3,8.8,2.2,3
src/binding/c/f2c/type_c2f.c,4,0,0.0,0,0,,3,0,0.0,0,2.0,4.0,1,0,1,4,0,2,3,0,9,0,0,1,4.8,1.2,1
src/binding/c/f2c/type_f2c.c,4,0,0.0,0,0,,3,0,0.0,0,2.0,4.0,1,0,1,4,0,2,3,0,9,0,0,1,4.8,1.2,1
src/binding/c/f2c/win_c2f.c,4,0,0.0,0,0,,3,0,0.0,0,2.0,4.0,1,0,1,4,0,2,3,0,9,0,0,1,4.8,1.2,1
src/binding/c/f2c/win_f2c.c,4,0,0.0,0,0,,3,0,0.0,0,2.0,4.0,1,0,1,4,0,2,3,0,9,0,0,1,4.8,1.2,1
src/binding/c/group/group_compare.c,31,23,0.742,60,25,0.417,3,2,0.667,0,5.5,35.0,3,0,1,66,0,2,3,0,13,0,0,3,11.2,2.8,3
src/binding/c/group/group_difference.c,35,24,0.6859999999999999,64,18,0.281,3,2,0.667,0,6.0,37.5,3,0,1,71,0,2,3,0,13,0,0,3,12.0,3.0,3
src/binding/c/group/group_excl.c,39,31,0.795,47,20,0.426,3,2,0.667,0,7.5,40.0,4,0,1,76,0,2,3,0,13,0,0,2,14.0,3.5,2
src/binding/c/group/group_free.c,30,21,0.7,41,19,0.4629999999999999,3,2,0.667,0,6.0,36.5,1,0,1,69,0,2,3,0,15,0,0,2,12.8,3.2,2
src/binding/c/group/group_incl.c,39,36,0.923,47,21,0.447,3,2,0.667,0,7.5,40.0,4,0,1,76,0,2,3,0,13,0,0,2,14.0,3.5,2
src/binding/c/group/group_intersection.c,35,32,0.914,64,22,0.344,3,2,0.667,0,6.0,37.5,3,0,1,71,0,2,3,0,13,0,0,3,12.0,3.0,3
src/binding/c/group/group_range_excl.c,35,32,0.914,45,18,0.4,3,2,0.667,0,6.5,38.5,4,0,1,73,0,2,3,0,15,0,0,2,12.8,3.2,2
src/binding/c/group/group_range_incl.c,35,32,0.914,45,19,0.422,3,2,0.667,0,6.5,37.5,4,0,1,71,0,2,3,0,13,0,0,2,12.8,3.2,2
src/binding/c/group/group_rank.c,24,22,0.917,35,15,0.429,3,2,0.667,0,4.5,29.5,2,0,1,55,0,2,3,0,13,0,0,2,10.0,2.5,2
src/binding/c/group/group_size.c,24,22,0.917,35,16,0.457,3,2,0.667,0,4.5,29.5,2,0,1,55,0,2,3,0,13,0,0,2,10.0,2.5,2
src/binding/c/group/group_translate_ranks.c,43,37,0.86,72,28,0.389,3,2,0.667,0,8.0,45.0,5,0,1,85,0,2,3,0,14,0,0,3,16.8,4.2,3
src/binding/c/group/group_union.c,36,33,0.917,64,22,0.344,3,2,0.667,0,6.0,37.5,3,0,1,71,0,2,3,0,13,0,0,3,12.0,3.0,3
src/binding/c/info/info_create.c,16,12,0.75,8,4,0.5,3,3,1.0,0,2.5,22.0,1,0,1,40,0,2,3,0,16,0,0,3,8.0,2.0,3
src/binding/c/info/info_create_env.c,21,15,0.7140000000000001,10,6,0.6,3,2,0.667,0,4.0,23.0,3,0,1,42,0,2,3,0,13,0,0,2,10.0,2.5,2
src/binding/c/info/info_delete.c,27,21,0.778,47,14,0.298,3,2,0.667,0,4.5,31.0,2,0,1,58,0,2,3,0,13,0,0,2,11.2,2.8,2
src/binding/c/info/info_dup.c,28,22,0.7859999999999999,37,16,0.432,3,3,1.0,0,5.0,31.0,2,0,1,58,0,2,3,0,13,0,0,2,12.0,3.0,2
src/binding/c/info/info_free.c,25,19,0.76,37,15,0.405,3,3,1.0,0,4.5,30.0,1,0,1,56,0,2,3,0,13,0,0,2,11.2,2.8,2
src/binding/c/info/info_get.c,32,25,0.7809999999999999,51,20,0.392,3,3,1.0,0,5.0,33.0,5,0,1,62,0,2,3,0,13,0,0,2,12.0,3.0,2
src/binding/c/info/info_get_nkeys.c,24,17,0.708,33,12,0.364,3,3,1.0,0,4.5,29.0,2,0,1,54,0,2,3,0,13,0,0,2,11.2,2.8,2
src/binding/c/info/info_get_nthkey.c,25,18,0.72,35,13,0.371,3,2,0.667,0,4.5,29.5,3,0,1,55,0,2,3,0,13,0,0,2,11.2,2.8,2
src/binding/c/info/info_get_string.c,32,26,0.812,53,22,0.415,3,2,0.667,0,5.0,34.0,5,0,1,64,0,2,3,0,13,0,0,2,12.0,3.0,2
src/binding/c/info/info_get_valuelen.c,28,22,0.7859999999999999,47,15,0.319,3,2,0.667,0,4.5,31.5,4,0,1,59,0,2,3,0,13,0,0,2,11.2,2.8,2
src/binding/c/info/info_set.c,29,23,0.7929999999999999,53,19,0.358,3,3,1.0,0,4.5,32.5,3,0,1,61,0,2,3,0,13,0,0,2,11.2,2.8,2
src/binding/c/info/info_set_hex.c,34,0,0.0,51,0,0.0,3,0,0.0,0,5.5,36.5,4,0,1,69,0,2,3,0,13,0,0,3,12.0,3.0,3
src/binding/c/init/abort.c,23,17,0.7390000000000001,43,18,0.419,3,2,0.667,0,4.5,30.5,2,0,1,57,0,2,3,0,13,0,0,2,10.0,2.5,2
src/binding/c/init/comm_create_from_group.c,47,38,0.809,93,28,0.301,3,2,0.667,0,8.0,45.5,5,0,1,86,0,2,3,0,13,0,0,2,15.2,3.8,2
src/binding/c/init/finalize.c,12,8,0.667,4,2,0.5,3,2,0.667,0,3.5,16.0,1,0,1,28,0,2,3,0,13,0,0,4,7.2,1.8,4
src/binding/c/init/finalized.c,16,10,0.625,8,4,0.5,3,2,0.667,0,4.0,20.5,1,0,1,37,0,2,3,0,13,0,0,2,10.0,2.5,2
src/binding/c/init/group_from_session_pset.c,30,23,0.767,26,12,0.462,3,2,0.667,0,5.0,35.0,3,0,1,66,0,2,3,0,13,0,0,2,11.2,2.8,2
src/binding/c/init/init.c,15,8,0.5329999999999999,6,2,0.3329999999999999,3,2,0.667,0,3.5,20.0,2,0,1,36,0,2,3,0,13,0,0,3,8.8,2.2,3
src/binding/c/init/init_thread.c,16,8,0.5,6,2,0.3329999999999999,3,2,0.667,0,3.5,20.5,4,0,1,37,0,2,3,0,13,0,0,3,8.8,2.2,3
src/binding/c/init/initialized.c,16,10,0.625,8,4,0.5,3,3,1.0,0,4.0,20.5,1,0,1,37,0,2,3,0,13,0,0,2,10.0,2.5,2
src/binding/c/init/is_thread_main.c,16,11,0.688,8,4,0.5,3,2,0.667,0,3.5,21.0,1,0,1,38,0,2,3,0,13,0,0,4,8.0,2.0,4
src/binding/c/init/query_thread.c,16,11,0.688,8,4,0.5,3,2,0.667,0,3.5,21.0,1,0,1,38,0,2,3,0,13,0,0,4,8.0,2.0,4
src/binding/c/init/session_finalize.c,24,23,0.958,20,10,0.5,3,2,0.667,0,4.5,29.5,1,0,1,55,0,2,3,0,13,0,0,2,10.0,2.5,2
src/binding/c/init/session_get_info.c,29,22,0.759,24,12,0.5,3,2,0.667,0,5.0,33.5,2,0,1,63,0,2,3,0,13,0,0,2,11.2,2.8,2
src/binding/c/init/session_get_nth_pset.c,38,31,0.816,53,17,0.321,3,2,0.667,0,7.0,40.0,5,0,1,75,0,2,3,0,13,0,0,2,14.0,3.5,2
src/binding/c/init/session_get_num_psets.c,34,21,0.618,47,11,0.2339999999999999,3,2,0.667,0,6.5,37.0,3,0,1,70,0,2,3,0,13,0,0,2,12.8,3.2,2
src/binding/c/init/session_get_pset_info.c,29,28,0.966,26,12,0.462,3,2,0.667,0,5.0,34.5,3,0,1,65,0,2,3,0,13,0,0,2,11.2,2.8,2
src/binding/c/init/session_init.c,39,37,0.949,64,31,0.484,3,2,0.667,0,7.0,37.0,3,0,1,70,0,2,3,0,13,0,0,1,15.2,3.8,1
src/binding/c/misc/aint_add.c,6,6,1.0,2,1,0.5,3,2,0.667,0,2.0,8.0,2,0,1,12,0,2,3,0,9,0,0,2,4.8,1.2,2
src/binding/c/misc/aint_diff.c,6,6,1.0,2,1,0.5,3,2,0.667,0,2.0,8.0,2,0,1,12,0,2,3,0,9,0,0,2,4.8,1.2,2
src/binding/c/misc/get_library_version.c,16,11,0.688,8,5,0.625,3,2,0.667,0,4.0,22.0,2,0,1,40,0,2,3,0,13,0,0,3,10.0,2.5,3
src/binding/c/misc/get_processor_name.c,18,12,0.667,10,5,0.5,3,3,1.0,0,4.0,24.0,2,0,1,44,0,2,3,0,13,0,0,3,8.8,2.2,3
src/binding/c/misc/get_version.c,17,11,0.647,8,4,0.5,3,2,0.667,0,3.5,21.0,2,0,1,38,0,2,3,0,13,0,0,3,8.8,2.2,3
src/binding/c/misc/gpu_query_support.c,16,11,0.688,8,4,0.5,3,3,1.0,0,3.5,21.5,2,0,1,39,0,2,3,0,13,0,0,4,8.0,2.0,4
src/binding/c/misc/pcontrol.c,9,0,0.0,2,0,0.0,3,0,0.0,0,2.0,16.0,2,0,1,25,0,2,3,0,18,0,0,1,6.0,1.5,1
src/binding/c/misc/query_cuda_support.c,7,7,1.0,2,1,0.5,3,2,0.667,0,2.0,7.0,1,0,1,10,0,2,3,0,9,0,0,1,4.8,1.2,1
src/binding/c/misc/query_hip_support.c,7,7,1.0,2,1,0.5,3,2,0.667,0,2.0,7.0,1,0,1,10,0,2,3,0,9,0,0,1,4.8,1.2,1
src/binding/c/misc/query_ze_support.c,7,7,1.0,2,1,0.5,3,2,0.667,0,2.0,7.0,1,0,1,10,0,2,3,0,9,0,0,1,4.8,1.2,1
src/binding/c/mpit/category_changed.c,13,0,0.0,18,0,0.0,3,0,0.0,0,2.5,17.5,1,0,1,31,0,2,3,0,11,0,0,4,6.0,1.5,4
src/binding/c/mpit/category_get_categories.c,21,0,0.0,30,0,0.0,3,0,0.0,0,5.0,23.0,3,0,1,42,0,2,3,0,11,0,0,5,8.8,2.2,5
src/binding/c/mpit/category_get_cvars.c,21,18,0.857,30,17,0.5670000000000001,3,2,0.667,0,5.0,23.0,3,0,1,42,0,2,3,0,11,0,0,5,8.8,2.2,5
src/binding/c/mpit/category_get_events.c,19,0,0.0,28,0,0.0,3,0,0.0,0,4.0,21.0,3,0,1,38,0,2,3,0,11,0,0,5,8.0,2.0,5
src/binding/c/mpit/category_get_index.c,19,19,1.0,52,31,0.596,3,2,0.667,0,3.5,22.5,2,0,1,41,0,2,3,0,12,0,0,4,7.2,1.8,4
src/binding/c/mpit/category_get_info.c,21,20,0.952,28,19,0.679,3,2,0.667,0,4.0,25.0,8,0,1,45,0,2,3,0,11,0,0,4,8.8,2.2,4
src/binding/c/mpit/category_get_num.c,13,12,0.923,18,11,0.611,3,2,0.667,0,2.5,17.5,1,0,1,31,0,2,3,0,11,0,0,4,6.0,1.5,4
src/binding/c/mpit/category_get_num_events.c,16,0,0.0,24,0,0.0,3,0,0.0,0,3.5,19.5,2,0,1,35,0,2,3,0,11,0,0,5,7.2,1.8,5
src/binding/c/mpit/category_get_pvars.c,21,18,0.857,30,11,0.367,3,2,0.667,0,5.0,23.0,3,0,1,42,0,2,3,0,11,0,0,5,8.8,2.2,5
src/binding/c/mpit/cvar_get_index.c,19,19,1.0,52,33,0.635,3,2,0.667,0,3.5,22.5,2,0,1,41,0,2,3,0,12,0,0,4,7.2,1.8,4
src/binding/c/mpit/cvar_get_info.c,25,24,0.96,32,23,0.7190000000000001,3,2,0.667,0,5.0,29.0,10,0,1,52,0,2,3,0,11,0,0,4,11.2,2.8,4
src/binding/c/mpit/cvar_get_num.c,13,12,0.923,18,11,0.611,3,2,0.667,0,2.5,17.5,1,0,1,31,0,2,3,0,11,0,0,4,6.0,1.5,4
src/binding/c/mpit/cvar_handle_alloc.c,17,15,0.882,26,15,0.5770000000000001,3,2,0.667,0,3.5,21.0,4,0,1,37,0,2,3,0,11,0,0,5,7.2,1.8,5
src/binding/c/mpit/cvar_handle_free.c,15,14,0.933,20,12,0.6,3,2,0.667,0,2.5,19.0,1,0,1,34,0,2,3,0,11,0,0,4,6.0,1.5,4
src/binding/c/mpit/cvar_read.c,16,14,0.875,24,14,0.583,3,2,0.667,0,3.5,19.5,2,0,1,35,0,2,3,0,11,0,0,5,7.2,1.8,5
src/binding/c/mpit/cvar_write.c,23,17,0.7390000000000001,28,10,0.357,3,2,0.667,0,5.5,24.0,2,0,1,44,0,2,3,0,11,0,0,5,8.8,2.2,5
src/binding/c/mpit/enum_get_info.c,15,0,0.0,22,0,0.0,3,0,0.0,0,2.5,18.5,4,0,1,33,0,2,3,0,11,0,0,6,6.0,1.5,6
src/binding/c/mpit/enum_get_item.c,19,0,0.0,32,0,0.0,3,0,0.0,0,2.5,21.5,5,0,1,39,0,2,3,0,11,0,0,4,6.0,1.5,4
src/binding/c/mpit/event_callback_get_info.c,21,0,0.0,26,0,0.0,3,0,0.0,0,4.0,23.0,3,0,1,41,0,2,3,0,11,0,0,4,8.0,2.0,4
src/binding/c/mpit/event_callback_set_info.c,23,0,0.0,47,0,0.0,3,0,0.0,0,4.5,28.5,3,0,1,52,0,2,3,0,11,0,0,4,8.8,2.2,4
src/binding/c/mpit/event_copy.c,16,0,0.0,22,0,0.0,3,0,0.0,0,3.5,19.5,2,0,1,35,0,2,3,0,11,0,0,5,7.2,1.8,5
src/binding/c/mpit/event_get_index.c,16,16,1.0,22,7,0.318,3,2,0.667,0,3.5,19.5,2,0,1,35,0,2,3,0,11,0,0,5,7.2,1.8,5
src/binding/c/mpit/event_get_info.c,21,0,0.0,28,0,0.0,3,0,0.0,0,3.5,25.5,12,0,1,44,0,2,3,0,11,0,0,5,7.2,1.8,5
src/binding/c/mpit/event_get_num.c,15,13,0.867,20,6,0.3,3,2,0.667,0,3.5,19.0,1,0,1,34,0,2,3,0,11,0,0,5,7.2,1.8,5
src/binding/c/mpit/event_get_source.c,16,0,0.0,22,0,0.0,3,0,0.0,0,3.5,19.5,2,0,1,35,0,2,3,0,11,0,0,5,7.2,1.8,5
src/binding/c/mpit/event_get_timestamp.c,16,0,0.0,22,0,0.0,3,0,0.0,0,3.5,20.0,2,0,1,36,0,2,3,0,11,0,0,5,7.2,1.8,5
src/binding/c/mpit/event_handle_alloc.c,27,0,0.0,49,0,0.0,3,0,0.0,0,5.5,30.5,4,0,1,56,0,2,3,0,11,0,0,4,11.2,2.8,4
src/binding/c/mpit/event_handle_free.c,15,0,0.0,20,0,0.0,3,0,0.0,0,3.5,20.5,3,0,1,36,0,2,3,0,11,0,0,5,7.2,1.8,5
src/binding/c/mpit/event_handle_get_info.c,21,0,0.0,26,0,0.0,3,0,0.0,0,4.0,22.5,2,0,1,41,0,2,3,0,11,0,0,4,8.0,2.0,4
src/binding/c/mpit/event_handle_set_info.c,23,0,0.0,47,0,0.0,3,0,0.0,0,4.5,28.0,2,0,1,52,0,2,3,0,11,0,0,4,8.8,2.2,4
src/binding/c/mpit/event_read.c,17,0,0.0,24,0,0.0,3,0,0.0,0,3.5,20.5,3,0,1,37,0,2,3,0,11,0,0,5,7.2,1.8,5
src/binding/c/mpit/event_register_callback.c,28,0,0.0,49,0,0.0,3,0,0.0,0,5.5,32.5,5,0,1,59,0,2,3,0,11,0,0,4,11.2,2.8,4
src/binding/c/mpit/event_set_dropped_handler.c,15,0,0.0,20,0,0.0,3,0,0.0,0,3.5,20.0,2,0,1,35,0,2,3,0,11,0,0,5,7.2,1.8,5
src/binding/c/mpit/finalize.c,15,12,0.8,14,8,0.5710000000000001,3,2,0.667,0,4.0,15.5,1,0,1,27,0,2,3,0,11,0,0,4,7.2,1.8,4
src/binding/c/mpit/init_thread.c,23,19,0.826,28,13,0.4639999999999999,3,2,0.667,0,5.5,25.5,2,0,1,47,0,2,3,0,13,0,0,3,16.0,4.0,3
src/binding/c/mpit/pvar_get_index.c,21,19,0.905,56,10,0.179,3,2,0.667,0,3.5,23.5,3,0,1,43,0,2,3,0,12,0,0,4,7.2,1.8,4
src/binding/c/mpit/pvar_get_info.c,35,0,0.0,42,0,0.0,3,0,0.0,0,7.5,37.5,13,0,1,69,0,2,3,0,11,0,0,4,15.2,3.8,4
src/binding/c/mpit/pvar_get_num.c,13,12,0.923,18,11,0.611,3,2,0.667,0,2.5,17.5,1,0,1,31,0,2,3,0,11,0,0,4,6.0,1.5,4
src/binding/c/mpit/pvar_handle_alloc.c,21,0,0.0,30,0,0.0,3,0,0.0,0,4.5,24.0,5,0,1,43,0,2,3,0,11,0,0,5,8.0,2.0,5
src/binding/c/mpit/pvar_handle_free.c,16,0,0.0,26,0,0.0,3,0,0.0,0,3.5,19.5,2,0,1,35,0,2,3,0,11,0,0,5,7.2,1.8,5
src/binding/c/mpit/pvar_read.c,17,0,0.0,28,0,0.0,3,0,0.0,0,3.5,20.0,3,0,1,36,0,2,3,0,11,0,0,5,7.2,1.8,5
src/binding/c/mpit/pvar_readreset.c,24,0,0.0,36,0,0.0,3,0,0.0,0,5.5,25.5,3,0,1,47,0,2,3,0,11,0,0,5,11.2,2.8,5
src/binding/c/mpit/pvar_reset.c,31,0,0.0,38,0,0.0,3,0,0.0,0,7.5,31.0,2,0,1,58,0,2,3,0,14,0,0,6,12.0,3.0,6
src/binding/c/mpit/pvar_session_create.c,15,0,0.0,20,0,0.0,3,0,0.0,0,3.5,19.0,1,0,1,34,0,2,3,0,11,0,0,5,7.2,1.8,5
src/binding/c/mpit/pvar_session_free.c,15,0,0.0,22,0,0.0,3,0,0.0,0,3.5,19.0,1,0,1,34,0,2,3,0,11,0,0,5,7.2,1.8,5
src/binding/c/mpit/pvar_start.c,30,0,0.0,40,0,0.0,3,0,0.0,0,7.0,28.5,2,0,1,53,0,2,3,0,11,0,0,7,12.8,3.2,7
src/binding/c/mpit/pvar_stop.c,33,0,0.0,42,0,0.0,3,0,0.0,0,8.0,31.5,2,0,1,59,0,2,3,0,14,0,0,7,14.0,3.5,7
src/binding/c/mpit/pvar_write.c,20,0,0.0,30,0,0.0,3,0,0.0,0,4.5,22.5,3,0,1,41,0,2,3,0,11,0,0,5,8.0,2.0,5
src/binding/c/mpit/source_get_info.c,22,0,0.0,32,0,0.0,3,0,0.0,0,3.5,25.0,9,0,1,44,0,2,3,0,11,0,0,5,7.2,1.8,5
src/binding/c/mpit/source_get_num.c,15,13,0.867,20,6,0.3,3,2,0.667,0,3.5,19.0,1,0,1,34,0,2,3,0,11,0,0,5,7.2,1.8,5
src/binding/c/mpit/source_get_timestamp.c,15,0,0.0,20,0,0.0,3,0,0.0,0,3.5,19.0,2,0,1,34,0,2,3,0,11,0,0,5,7.2,1.8,5
src/binding/c/op/op_commutative.c,24,17,0.708,25,10,0.4,3,2,0.667,0,5.0,27.0,2,0,1,50,0,2,3,0,13,0,0,4,10.0,2.5,4
src/binding/c/op/op_create.c,47,17,0.362,28,7,0.25,6,3,0.5,0,5.0,29.25,3,0,2,61,0,4,6,0,22,0,0,6,20.8,2.6,6
src/binding/c/op/op_free.c,27,19,0.7040000000000001,27,10,0.37,3,3,1.0,0,5.5,33.5,1,0,1,63,0,2,3,0,13,0,0,3,11.2,2.8,3
src/binding/c/part/parrived.c,34,27,0.794,52,23,0.442,3,2,0.667,0,6.5,36.5,3,0,1,69,0,2,3,0,13,0,0,3,14.0,3.5,3
src/binding/c/part/pready.c,25,19,0.76,46,16,0.348,3,2,0.667,0,4.5,31.0,2,0,1,58,0,2,3,0,13,0,0,3,10.0,2.5,3
src/binding/c/part/pready_list.c,32,25,0.7809999999999999,54,21,0.389,3,2,0.667,0,5.5,34.5,3,0,1,65,0,2,3,0,13,0,0,3,12.0,3.0,3
src/binding/c/part/pready_range.c,31,21,0.677,52,19,0.365,3,2,0.667,0,5.5,36.5,3,0,1,69,0,2,3,0,13,0,0,3,11.2,2.8,3
src/binding/c/part/precv_init.c,57,43,0.754,155,48,0.31,3,2,0.667,0,10.0,52.0,9,0,1,99,0,2,3,0,14,0,0,2,18.0,4.5,2
src/binding/c/part/psend_init.c,57,43,0.754,155,49,0.316,3,2,0.667,0,10.0,52.0,9,0,1,99,0,2,3,0,14,0,0,2,18.0,4.5,2
src/binding/c/pt2pt/bsend.c,87,26,0.299,244,43,0.176,6,2,0.3329999999999999,0,9.75,46.75,6,0,2,96,0,4,6,0,24,0,0,4,32.8,4.1,4
src/binding/c/pt2pt/bsend_init.c,88,28,0.318,248,35,0.141,6,2,0.3329999999999999,0,8.75,49.5,7,0,2,104,0,4,6,0,25,0,0,4,31.2,3.9,4
src/binding/c/pt2pt/buffer_attach.c,36,25,0.6940000000000001,20,10,0.5,6,4,0.667,0,4.75,27.0,2,0,2,58,0,4,6,0,22,0,0,8,19.2,2.4,8
src/binding/c/pt2pt/buffer_detach.c,40,27,0.675,22,11,0.5,6,4,0.667,0,4.5,27.5,2,0,2,53,0,4,6,0,22,0,0,6,19.2,2.4,6
src/binding/c/pt2pt/buffer_flush.c,12,0,0.0,4,0,0.0,3,0,0.0,0,3.5,17.5,1,0,1,31,0,2,3,0,13,0,0,4,7.2,1.8,4
src/binding/c/pt2pt/buffer_iflush.c,21,0,0.0,12,0,0.0,3,0,0.0,0,4.0,25.0,1,0,1,46,0,2,3,0,13,0,0,3,8.8,2.2,3
src/binding/c/pt2pt/comm_attach_buffer.c,51,39,0.765,90,34,0.3779999999999999,6,4,0.667,0,5.75,35.75,3,0,2,75,0,4,6,0,22,0,0,4,23.2,2.9,4
src/binding/c/pt2pt/comm_detach_buffer.c,55,41,0.745,92,35,0.38,6,4,0.667,0,5.5,36.0,3,0,2,70,0,4,6,0,22,0,0,4,23.2,2.9,4
src/binding/c/pt2pt/comm_flush_buffer.c,23,0,0.0,41,0,0.0,3,0,0.0,0,4.5,30.5,1,0,1,57,0,2,3,0,13,0,0,2,10.0,2.5,2
src/binding/c/pt2pt/comm_iflush_buffer.c,30,0,0.0,47,0,0.0,3,0,0.0,0,5.0,34.0,2,0,1,64,0,2,3,0,13,0,0,2,11.2,2.8,2
src/binding/c/pt2pt/ibsend.c,99,29,0.293,256,36,0.141,6,2,0.3329999999999999,0,10.25,52.5,7,0,2,109,0,4,6,0,27,0,0,4,32.8,4.1,4
src/binding/c/pt2pt/improbe.c,41,35,0.8540000000000001,73,48,0.6579999999999999,3,2,0.667,0,5.5,42.5,6,0,1,80,0,2,3,0,14,0,0,4,12.0,3.0,4
src/binding/c/pt2pt/imrecv.c,105,37,0.352,246,41,0.1669999999999999,6,2,0.3329999999999999,0,8.75,54.25,5,0,2,113,0,4,6,0,22,0,0,9,33.6,4.2,9
src/binding/c/pt2pt/iprobe.c,34,27,0.794,65,46,0.708,3,2,0.667,0,6.0,37.5,5,0,1,71,0,2,3,0,15,0,0,3,12.0,3.0,3
src/binding/c/pt2pt/irecv.c,113,77,0.6809999999999999,268,115,0.429,6,5,0.833,0,12.5,68.5,7,0,2,152,0,4,6,0,51,0,0,4,41.6,5.2,4
src/binding/c/pt2pt/irsend.c,99,36,0.364,256,39,0.152,6,2,0.3329999999999999,0,10.25,55.5,7,0,2,117,0,4,6,0,36,0,0,4,32.8,4.1,4
src/binding/c/pt2pt/isend.c,113,73,0.6459999999999999,264,108,0.409,6,5,0.833,0,12.5,64.75,7,0,2,142,0,4,6,0,36,0,0,4,41.6,5.2,4
src/binding/c/pt2pt/isendrecv.c,133,40,0.301,414,49,0.118,6,2,0.3329999999999999,0,13.0,64.0,12,0,2,137,0,4,6,0,22,0,0,4,43.2,5.4,4
src/binding/c/pt2pt/isendrecv_replace.c,101,34,0.337,280,39,0.139,6,2,0.3329999999999999,0,9.5,52.5,9,0,2,110,0,4,6,0,22,0,0,4,33.6,4.2,4
src/binding/c/pt2pt/issend.c,99,36,0.364,256,55,0.215,6,2,0.3329999999999999,0,10.25,55.5,7,0,2,117,0,4,6,0,36,0,0,4,32.8,4.1,4
src/binding/c/pt2pt/mprobe.c,37,31,0.838,69,47,0.6809999999999999,3,2,0.667,0,5.0,40.0,5,0,1,76,0,2,3,0,14,0,0,4,11.2,2.8,4
src/binding/c/pt2pt/mrecv.c,113,53,0.469,262,60,0.2289999999999999,6,2,0.3329999999999999,0,10.0,57.75,5,0,2,122,0,4,6,0,30,0,0,14,39.2,4.9,14
src/binding/c/pt2pt/probe.c,32,30,0.938,63,45,0.7140000000000001,3,2,0.667,0,6.0,36.0,4,0,1,68,0,2,3,0,14,0,0,3,12.0,3.0,3
src/binding/c/pt2pt/recv.c,120,87,0.725,276,121,0.4379999999999999,6,5,0.833,0,15.5,67.25,7,0,2,149,0,4,6,0,33,0,0,6,49.6,6.2,6
src/binding/c/pt2pt/recv_init.c,89,35,0.3929999999999999,252,53,0.21,6,2,0.3329999999999999,0,8.75,48.75,7,0,2,102,0,4,6,0,25,0,0,4,31.2,3.9,4
src/binding/c/pt2pt/rsend.c,99,38,0.384,256,41,0.16,6,2,0.3329999999999999,0,11.25,55.75,6,0,2,120,0,4,6,0,30,0,0,7,36.0,4.5,7
src/binding/c/pt2pt/rsend_init.c,88,0,0.0,248,0,0.0,6,0,0.0,0,8.75,48.75,7,0,2,102,0,4,6,0,25,0,0,4,31.2,3.9,4
src/binding/c/pt2pt/send.c,109,76,0.6970000000000001,264,113,0.428,6,5,0.833,0,13.5,61.75,6,0,2,136,0,4,6,0,24,0,0,7,44.8,5.6,7
src/binding/c/pt2pt/send_init.c,89,35,0.3929999999999999,248,45,0.181,6,2,0.3329999999999999,0,8.75,48.75,7,0,2,102,0,4,6,0,25,0,0,4,31.2,3.9,4
src/binding/c/pt2pt/sendrecv.c,127,51,0.402,410,68,0.166,6,2,0.3329999999999999,0,12.75,61.0,12,0,2,128,0,4,6,0,22,0,0,4,41.6,5.2,4
src/binding/c/pt2pt/sendrecv_replace.c,95,0,0.0,276,0,0.0,6,0,0.0,0,9.25,53.25,9,0,2,112,0,4,6,0,22,0,0,4,36.0,4.5,4
src/binding/c/pt2pt/session_attach_buffer.c,49,37,0.755,44,18,0.409,6,4,0.667,0,5.75,35.25,3,0,2,74,0,4,6,0,22,0,0,4,23.2,2.9,4
src/binding/c/pt2pt/session_detach_buffer.c,55,39,0.7090000000000001,46,19,0.413,6,4,0.667,0,5.5,36.25,3,0,2,71,0,4,6,0,22,0,0,4,23.2,2.9,4
src/binding/c/pt2pt/session_flush_buffer.c,22,0,0.0,18,0,0.0,3,0,0.0,0,4.5,30.5,1,0,1,57,0,2,3,0,13,0,0,2,10.0,2.5,2
src/binding/c/pt2pt/session_iflush_buffer.c,28,0,0.0,24,0,0.0,3,0,0.0,0,5.0,33.5,2,0,1,63,0,2,3,0,13,0,0,2,11.2,2.8,2
src/binding/c/pt2pt/ssend.c,99,38,0.384,256,61,0.238,6,2,0.3329999999999999,0,11.25,55.75,6,0,2,120,0,4,6,0,30,0,0,7,36.0,4.5,7
src/binding/c/pt2pt/ssend_init.c,88,28,0.318,248,44,0.177,6,2,0.3329999999999999,0,8.75,48.75,7,0,2,102,0,4,6,0,25,0,0,4,31.2,3.9,4
src/binding/c/request/cancel.c,24,18,0.75,40,15,0.375,3,2,0.667,0,4.5,31.0,1,0,1,58,0,2,3,0,13,0,0,3,10.0,2.5,3
src/binding/c/request/grequest_class_allocate.c,22,16,0.727,12,6,0.5,3,2,0.667,0,4.0,27.0,3,0,1,49,0,2,3,0,13,0,0,3,8.8,2.2,3
src/binding/c/request/grequest_class_create.c,23,17,0.7390000000000001,18,9,0.5,3,2,0.667,0,3.5,31.5,6,0,1,54,0,2,3,0,13,0,0,4,8.0,2.0,4
src/binding/c/request/grequest_complete.c,26,18,0.6920000000000001,42,16,0.381,3,3,1.0,0,5.5,33.0,1,0,1,62,0,2,3,0,13,0,0,3,12.0,3.0,3
src/binding/c/request/grequest_start.c,24,19,0.792,18,10,0.556,3,3,1.0,0,4.0,29.5,5,0,1,53,0,2,3,0,13,0,0,3,8.8,2.2,3
src/binding/c/request/grequest_start_x.c,26,0,0.0,18,0,0.0,3,0,0.0,0,3.5,32.0,7,0,1,57,0,2,3,0,13,0,0,3,8.0,2.0,3
src/binding/c/request/request_free.c,25,24,0.96,40,22,0.55,3,2,0.667,0,4.5,31.5,1,0,1,59,0,2,3,0,13,0,0,3,10.0,2.5,3
src/binding/c/request/request_get_status.c,35,29,0.8290000000000001,52,31,0.596,3,2,0.667,0,7.0,38.0,3,0,1,72,0,2,3,0,13,0,0,4,15.2,3.8,4
src/binding/c/request/request_get_status_all.c,43,27,0.628,56,28,0.5,3,2,0.667,0,7.5,43.0,4,0,1,81,0,2,3,0,13,0,0,4,16.8,4.2,4
src/binding/c/request/request_get_status_any.c,51,34,0.667,66,35,0.53,3,2,0.667,0,9.5,47.5,5,0,1,90,0,2,3,0,13,0,0,4,19.2,4.8,4
src/binding/c/request/request_get_status_some.c,55,38,0.691,72,37,0.514,3,2,0.667,0,10.0,50.0,5,0,1,95,0,2,3,0,13,0,0,4,20.8,5.2,4
src/binding/c/request/request_is_complete.c,8,0,0.0,16,0,0.0,3,0,0.0,0,2.5,7.0,1,0,1,10,0,2,3,0,9,0,0,1,6.0,1.5,1
src/binding/c/request/start.c,26,25,0.962,62,35,0.565,3,2,0.667,0,4.5,31.5,1,0,1,59,0,2,3,0,13,0,0,3,10.0,2.5,3
src/binding/c/request/startall.c,46,0,0.0,78,0,0.0,3,0,0.0,0,8.5,43.5,2,0,1,83,0,2,3,0,13,0,0,4,16.8,4.2,4
src/binding/c/request/status_get_error.c,5,0,0.0,0,0,,3,0,0.0,0,2.0,4.5,2,0,1,5,0,2,3,0,9,0,0,1,6.0,1.5,1
src/binding/c/request/status_get_source.c,5,0,0.0,0,0,,3,0,0.0,0,2.0,4.5,2,0,1,5,0,2,3,0,9,0,0,1,6.0,1.5,1
src/binding/c/request/status_get_tag.c,5,0,0.0,0,0,,3,0,0.0,0,2.0,4.5,2,0,1,5,0,2,3,0,9,0,0,1,6.0,1.5,1
src/binding/c/request/status_set_cancelled.c,15,10,0.667,6,3,0.5,3,3,1.0,0,3.5,20.5,2,0,1,37,0,2,3,0,13,0,0,3,8.8,2.2,3
src/binding/c/request/status_set_error.c,5,0,0.0,0,0,,3,0,0.0,0,2.0,4.5,2,0,1,5,0,2,3,0,9,0,0,1,6.0,1.5,1
src/binding/c/request/status_set_source.c,5,0,0.0,0,0,,3,0,0.0,0,2.0,4.5,2,0,1,5,0,2,3,0,9,0,0,1,6.0,1.5,1
src/binding/c/request/status_set_tag.c,5,0,0.0,0,0,,3,0,0.0,0,2.0,4.5,2,0,1,5,0,2,3,0,9,0,0,1,6.0,1.5,1
src/binding/c/request/test.c,49,41,0.8370000000000001,62,40,0.645,3,3,1.0,0,9.0,44.5,3,0,1,85,0,2,3,0,14,0,0,3,19.2,4.8,3
src/binding/c/request/test_cancelled.c,18,12,0.667,10,5,0.5,3,2,0.667,0,3.5,22.0,2,0,1,40,0,2,3,0,13,0,0,4,8.0,2.0,4
src/binding/c/request/testall.c,67,46,0.687,80,46,0.575,3,3,1.0,0,11.5,55.5,4,0,1,106,0,2,3,0,14,0,0,4,28.0,7.0,4
src/binding/c/request/testany.c,60,43,0.7170000000000001,74,43,0.581,3,2,0.667,0,11.0,51.5,5,0,1,98,0,2,3,0,14,0,0,4,23.2,5.8,4
src/binding/c/request/testsome.c,75,54,0.72,88,49,0.557,3,2,0.667,0,13.0,60.0,5,0,1,115,0,2,3,0,15,0,0,4,28.0,7.0,4
src/binding/c/request/wait.c,45,42,0.933,58,44,0.759,3,2,0.667,0,8.5,43.0,2,0,1,82,0,2,3,0,14,0,0,3,18.0,4.5,3
src/binding/c/request/waitall.c,64,50,0.7809999999999999,76,51,0.6709999999999999,3,3,1.0,0,11.0,53.5,3,0,1,103,0,2,3,0,14,0,0,4,27.2,6.8,4
src/binding/c/request/waitany.c,59,42,0.7120000000000001,72,42,0.583,3,2,0.667,0,11.0,50.5,4,0,1,97,0,2,3,0,14,0,0,4,23.2,5.8,4
src/binding/c/request/waitsome.c,74,53,0.716,86,48,0.5579999999999999,3,2,0.667,0,13.0,59.5,5,0,1,114,0,2,3,0,15,0,0,4,28.0,7.0,4
src/binding/c/rma/accumulate.c,128,52,0.406,372,88,0.237,6,2,0.3329999999999999,0,13.25,64.0,9,0,2,134,0,4,6,0,24,0,0,4,48.0,6.0,4
src/binding/c/rma/alloc_mem.c,34,33,0.971,39,19,0.487,3,2,0.667,0,5.5,38.5,3,0,1,73,0,2,3,0,15,0,0,4,12.0,3.0,4
src/binding/c/rma/compare_and_swap.c,37,35,0.946,58,28,0.483,3,2,0.667,0,6.0,42.0,7,0,1,79,0,2,3,0,16,0,0,2,12.0,3.0,2
src/binding/c/rma/fetch_and_op.c,53,40,0.755,111,52,0.4679999999999999,3,2,0.667,0,10.0,50.5,7,0,1,96,0,2,3,0,16,0,0,2,18.0,4.5,2
src/binding/c/rma/free_mem.c,15,9,0.6,6,3,0.5,3,2,0.667,0,4.5,19.0,1,0,1,34,0,2,3,0,13,0,0,4,8.0,2.0,4
src/binding/c/rma/get.c,115,52,0.452,280,75,0.268,6,2,0.3329999999999999,0,12.75,58.5,8,0,2,123,0,4,6,0,24,0,0,4,40.0,5.0,4
src/binding/c/rma/get_accumulate.c,149,60,0.4029999999999999,442,94,0.213,6,2,0.3329999999999999,0,16.25,73.0,12,0,2,154,0,4,6,0,24,0,0,4,48.8,6.1,4
src/binding/c/rma/put.c,115,51,0.4429999999999999,280,75,0.268,6,2,0.3329999999999999,0,12.75,58.75,8,0,2,123,0,4,6,0,24,0,0,4,40.0,5.0,4
src/binding/c/rma/raccumulate.c,137,55,0.401,336,57,0.17,6,2,0.3329999999999999,0,14.0,67.5,10,0,2,144,0,4,6,0,24,0,0,4,43.2,5.4,4
src/binding/c/rma/rget.c,134,40,0.299,300,36,0.12,6,2,0.3329999999999999,0,14.0,65.75,9,0,2,140,0,4,6,0,24,0,0,4,43.2,5.4,4
src/binding/c/rma/rget_accumulate.c,169,48,0.284,462,49,0.106,6,2,0.3329999999999999,0,17.5,80.5,13,0,2,172,0,4,6,0,24,0,0,4,52.0,6.5,4
src/binding/c/rma/rput.c,134,40,0.299,300,36,0.12,6,2,0.3329999999999999,0,14.0,66.0,9,0,2,141,0,4,6,0,24,0,0,4,43.2,5.4,4
src/binding/c/rma/win_allocate.c,90,37,0.411,160,36,0.225,6,2,0.3329999999999999,0,8.0,47.75,6,0,2,99,0,4,6,0,25,0,0,4,31.2,3.9,4
src/binding/c/rma/win_allocate_shared.c,91,37,0.407,160,35,0.2189999999999999,6,2,0.3329999999999999,0,8.0,48.25,6,0,2,100,0,4,6,0,25,0,0,4,31.2,3.9,4
src/binding/c/rma/win_attach.c,30,22,0.733,36,14,0.389,3,2,0.667,0,6.0,34.5,3,0,1,65,0,2,3,0,13,0,0,2,12.0,3.0,2
src/binding/c/rma/win_complete.c,23,22,0.957,28,11,0.3929999999999999,3,2,0.667,0,4.5,30.5,1,0,1,57,0,2,3,0,13,0,0,2,10.0,2.5,2
src/binding/c/rma/win_create.c,95,39,0.411,164,38,0.2319999999999999,6,2,0.3329999999999999,0,8.5,48.5,6,0,2,100,0,4,6,0,25,0,0,4,32.8,4.1,4
src/binding/c/rma/win_create_dynamic.c,41,34,0.8290000000000001,74,30,0.405,3,2,0.667,0,7.0,41.0,3,0,1,78,0,2,3,0,14,0,0,2,14.0,3.5,2
src/binding/c/rma/win_detach.c,26,19,0.731,32,12,0.375,3,2,0.667,0,5.5,32.5,2,0,1,61,0,2,3,0,13,0,0,2,11.2,2.8,2
src/binding/c/rma/win_fence.c,26,18,0.6920000000000001,30,11,0.367,3,2,0.667,0,5.5,32.5,2,0,1,61,0,2,3,0,13,0,0,2,11.2,2.8,2
src/binding/c/rma/win_flush.c,26,19,0.731,38,23,0.605,3,2,0.667,0,5.5,33.5,2,0,1,63,0,2,3,0,14,0,0,2,11.2,2.8,2
src/binding/c/rma/win_flush_all.c,23,17,0.7390000000000001,28,15,0.536,3,2,0.667,0,4.5,30.5,1,0,1,57,0,2,3,0,13,0,0,2,10.0,2.5,2
src/binding/c/rma/win_flush_local.c,27,19,0.7040000000000001,38,15,0.395,3,2,0.667,0,5.5,34.0,2,0,1,64,0,2,3,0,14,0,0,2,11.2,2.8,2
src/binding/c/rma/win_flush_local_all.c,23,17,0.7390000000000001,28,10,0.357,3,2,0.667,0,4.5,30.5,1,0,1,57,0,2,3,0,13,0,0,2,10.0,2.5,2
src/binding/c/rma/win_free.c,34,32,0.941,44,23,0.523,3,2,0.667,0,6.5,39.0,1,0,1,74,0,2,3,0,18,0,0,3,15.2,3.8,3
src/binding/c/rma/win_get_group.c,27,21,0.778,30,11,0.367,3,2,0.667,0,4.5,32.0,2,0,1,60,0,2,3,0,13,0,0,2,10.0,2.5,2
src/binding/c/rma/win_get_info.c,29,0,0.0,34,0,0.0,3,0,0.0,0,5.0,33.5,2,0,1,63,0,2,3,0,13,0,0,2,11.2,2.8,2
src/binding/c/rma/win_get_name.c,32,25,0.7809999999999999,38,18,0.474,3,2,0.667,0,6.5,36.0,3,0,1,68,0,2,3,0,13,0,0,2,14.0,3.5,2
src/binding/c/rma/win_lock.c,33,28,0.848,44,22,0.5,3,2,0.667,0,7.5,38.0,4,0,1,72,0,2,3,0,14,0,0,2,14.0,3.5,2
src/binding/c/rma/win_lock_all.c,26,18,0.6920000000000001,30,11,0.367,3,2,0.667,0,5.5,32.5,2,0,1,61,0,2,3,0,13,0,0,2,11.2,2.8,2
src/binding/c/rma/win_post.c,32,23,0.7190000000000001,55,18,0.327,3,2,0.667,0,6.5,36.0,3,0,1,68,0,2,3,0,13,0,0,2,12.0,3.0,2
src/binding/c/rma/win_set_info.c,29,0,0.0,53,0,0.0,3,0,0.0,0,5.5,34.0,2,0,1,64,0,2,3,0,13,0,0,2,11.2,2.8,2
src/binding/c/rma/win_set_name.c,24,18,0.75,30,11,0.367,3,2,0.667,0,4.5,31.0,2,0,1,58,0,2,3,0,13,0,0,2,10.0,2.5,2
src/binding/c/rma/win_shared_query.c,62,24,0.387,94,20,0.213,6,2,0.3329999999999999,0,5.5,38.0,5,0,2,73,0,4,6,0,22,0,0,4,23.2,2.9,4
src/binding/c/rma/win_start.c,33,29,0.879,55,19,0.345,3,2,0.667,0,6.5,36.5,3,0,1,69,0,2,3,0,13,0,0,2,12.0,3.0,2
src/binding/c/rma/win_sync.c,23,17,0.7390000000000001,28,10,0.357,3,2,0.667,0,4.5,30.5,1,0,1,57,0,2,3,0,13,0,0,2,10.0,2.5,2
src/binding/c/rma/win_test.c,24,18,0.75,30,11,0.367,3,2,0.667,0,4.5,31.0,2,0,1,58,0,2,3,0,13,0,0,2,10.0,2.5,2
src/binding/c/rma/win_unlock.c,26,25,0.962,38,18,0.474,3,2,0.667,0,5.5,33.5,2,0,1,63,0,2,3,0,14,0,0,2,11.2,2.8,2
src/binding/c/rma/win_unlock_all.c,23,17,0.7390000000000001,28,10,0.357,3,2,0.667,0,4.5,30.5,1,0,1,57,0,2,3,0,13,0,0,2,10.0,2.5,2
src/binding/c/rma/win_wait.c,23,17,0.7390000000000001,28,10,0.357,3,2,0.667,0,4.5,30.5,1,0,1,57,0,2,3,0,13,0,0,2,10.0,2.5,2
src/binding/c/spawn/close_port.c,16,11,0.688,8,4,0.5,3,2,0.667,0,3.5,22.5,1,0,1,41,0,2,3,0,13,0,0,4,8.0,2.0,4
src/binding/c/spawn/comm_accept.c,44,31,0.705,82,29,0.354,3,2,0.667,0,7.5,42.5,5,0,1,80,0,2,3,0,13,0,0,2,15.2,3.8,2
src/binding/c/spawn/comm_connect.c,43,41,0.953,82,39,0.476,3,2,0.667,0,7.5,42.5,5,0,1,80,0,2,3,0,13,0,0,2,15.2,3.8,2
src/binding/c/spawn/comm_disconnect.c,25,19,0.76,45,17,0.3779999999999999,3,2,0.667,0,4.5,31.5,1,0,1,59,0,2,3,0,13,0,0,3,10.0,2.5,3
src/binding/c/spawn/comm_get_parent.c,16,11,0.688,8,4,0.5,3,2,0.667,0,3.5,21.0,1,0,1,38,0,2,3,0,13,0,0,4,8.0,2.0,4
src/binding/c/spawn/comm_join.c,21,16,0.762,12,6,0.5,3,2,0.667,0,4.0,25.0,2,0,1,46,0,2,3,0,13,0,0,3,8.8,2.2,3
src/binding/c/spawn/comm_spawn.c,42,35,0.833,78,41,0.526,3,2,0.667,0,6.0,42.0,8,0,1,79,0,2,3,0,13,0,0,2,12.8,3.2,2
src/binding/c/spawn/comm_spawn_multiple.c,57,49,0.86,94,45,0.479,3,2,0.667,0,7.5,50.5,9,0,1,95,0,2,3,0,13,0,0,2,16.0,4.0,2
src/binding/c/spawn/lookup_name.c,30,29,0.967,39,19,0.487,3,2,0.667,0,6.0,35.0,3,0,1,66,0,2,3,0,13,0,0,3,12.8,3.2,3
src/binding/c/spawn/open_port.c,28,22,0.7859999999999999,37,17,0.4589999999999999,3,2,0.667,0,6.0,34.0,2,0,1,64,0,2,3,0,13,0,0,3,12.8,3.2,3
src/binding/c/spawn/publish_name.c,30,23,0.767,39,18,0.462,3,2,0.667,0,5.5,34.0,3,0,1,64,0,2,3,0,13,0,0,3,12.0,3.0,3
src/binding/c/spawn/unpublish_name.c,29,23,0.7929999999999999,39,10,0.256,3,2,0.667,0,5.5,34.0,3,0,1,64,0,2,3,0,13,0,0,3,12.0,3.0,3
src/binding/c/stream/allreduce_enqueue.c,98,0,0.0,286,0,0.0,6,0,0.0,0,10.25,50.0,6,0,2,103,0,4,6,0,22,0,0,4,35.2,4.4,4
src/binding/c/stream/comm_get_stream.c,31,0,0.0,49,0,0.0,3,0,0.0,0,5.0,34.5,3,0,1,65,0,2,3,0,13,0,0,2,11.2,2.8,2
src/binding/c/stream/irecv_enqueue.c,95,0,0.0,248,0,0.0,6,0,0.0,0,9.5,50.25,7,0,2,106,0,4,6,0,22,0,0,4,33.6,4.2,4
src/binding/c/stream/isend_enqueue.c,95,0,0.0,252,0,0.0,6,0,0.0,0,9.5,50.0,7,0,2,105,0,4,6,0,22,0,0,4,33.6,4.2,4
src/binding/c/stream/recv_enqueue.c,88,0,0.0,244,0,0.0,6,0,0.0,0,9.25,47.0,7,0,2,97,0,4,6,0,22,0,0,4,32.8,4.1,4
src/binding/c/stream/send_enqueue.c,81,0,0.0,240,0,0.0,6,0,0.0,0,8.75,45.25,6,0,2,93,0,4,6,0,22,0,0,4,31.2,3.9,4
src/binding/c/stream/start_progress_thread.c,22,0,0.0,18,0,0.0,3,0,0.0,0,4.5,30.5,1,0,1,57,0,2,3,0,13,0,0,3,10.0,2.5,3
src/binding/c/stream/stop_progress_thread.c,22,0,0.0,18,0,0.0,3,0,0.0,0,4.5,30.5,1,0,1,57,0,2,3,0,13,0,0,3,10.0,2.5,3
src/binding/c/stream/stream_comm_create.c,38,0,0.0,61,0,0.0,3,0,0.0,0,7.0,39.0,3,0,1,74,0,2,3,0,13,0,0,2,14.0,3.5,2
src/binding/c/stream/stream_comm_create_multiplex.c,31,0,0.0,49,0,0.0,3,0,0.0,0,5.0,37.0,4,0,1,69,0,2,3,0,13,0,0,2,11.2,2.8,2
src/binding/c/stream/stream_create.c,34,25,0.735,41,8,0.195,3,2,0.667,0,6.0,36.0,2,0,1,68,0,2,3,0,13,0,0,3,12.8,3.2,3
src/binding/c/stream/stream_free.c,24,0,0.0,20,0,0.0,3,0,0.0,0,4.5,31.0,1,0,1,58,0,2,3,0,13,0,0,3,10.0,2.5,3
src/binding/c/stream/stream_irecv.c,101,0,0.0,260,0,0.0,6,0,0.0,0,7.25,54.75,9,0,2,115,0,4,6,0,22,0,0,10,28.0,3.5,10
src/binding/c/stream/stream_isend.c,101,0,0.0,264,0,0.0,6,0,0.0,0,7.25,59.25,9,0,2,127,0,4,6,0,34,0,0,10,28.0,3.5,10
src/binding/c/stream/stream_progress.c,26,0,0.0,22,0,0.0,3,0,0.0,0,5.5,32.0,1,0,1,60,0,2,3,0,13,0,0,3,12.0,3.0,3
src/binding/c/stream/stream_recv.c,113,0,0.0,276,0,0.0,6,0,0.0,0,9.25,60.25,9,0,2,129,0,4,6,0,22,0,0,13,32.8,4.1,13
src/binding/c/stream/stream_send.c,104,0,0.0,272,0,0.0,6,0,0.0,0,8.75,57.25,8,0,2,124,0,4,6,0,22,0,0,13,31.2,3.9,13
src/binding/c/stream/wait_enqueue.c,33,0,0.0,46,0,0.0,3,0,0.0,0,6.0,35.5,2,0,1,67,0,2,3,0,13,0,0,3,12.8,3.2,3
src/binding/c/stream/waitall_enqueue.c,42,0,0.0,52,0,0.0,3,0,0.0,0,7.5,41.5,3,0,1,79,0,2,3,0,13,0,0,5,16.0,4.0,5
src/binding/c/threadcomm/threadcomm_finish.c,23,17,0.7390000000000001,41,20,0.488,3,2,0.667,0,4.5,31.0,1,0,1,58,0,2,3,0,13,0,0,2,10.0,2.5,2
src/binding/c/threadcomm/threadcomm_free.c,25,19,0.76,43,16,0.372,3,2,0.667,0,4.5,32.0,1,0,1,60,0,2,3,0,13,0,0,3,10.0,2.5,3
src/binding/c/threadcomm/threadcomm_init.c,31,24,0.774,49,19,0.3879999999999999,3,2,0.667,0,5.0,34.5,3,0,1,65,0,2,3,0,13,0,0,2,11.2,2.8,2
src/binding/c/threadcomm/threadcomm_start.c,23,17,0.7390000000000001,41,19,0.4629999999999999,3,2,0.667,0,4.5,31.0,1,0,1,58,0,2,3,0,13,0,0,2,10.0,2.5,2
src/binding/c/timer/wtick.c,6,6,1.0,2,1,0.5,3,2,0.667,0,2,8,1,0,1,12,0,2,3,0,9,0,0,3,4.8,1.2,3
src/binding/c/timer/wtime.c,7,7,1.0,2,1,0.5,3,3,1.0,0,2,9,1,0,1,14,0,2,3,0,9,0,0,2,4.8,1.2,2
src/binding/c/topo/cart_coords.c,32,25,0.7809999999999999,65,25,0.385,3,2,0.667,0,5.0,34.5,4,0,1,65,0,2,3,0,13,0,0,2,12.0,3.0,2
src/binding/c/topo/cart_create.c,41,35,0.8540000000000001,63,27,0.429,3,2,0.667,0,7.0,42.0,6,0,1,79,0,2,3,0,13,0,0,2,15.2,3.8,2
src/binding/c/topo/cart_get.c,30,23,0.767,53,21,0.396,3,2,0.667,0,5.0,32.5,5,0,1,61,0,2,3,0,13,0,0,2,11.2,2.8,2
src/binding/c/topo/cart_map.c,35,24,0.6859999999999999,59,22,0.373,3,2,0.667,0,6.5,36.5,5,0,1,69,0,2,3,0,13,0,0,2,14.0,3.5,2
src/binding/c/topo/cart_rank.c,37,23,0.622,65,20,0.308,3,2,0.667,0,6.0,38.0,3,0,1,72,0,2,3,0,13,0,0,2,15.2,3.8,2
src/binding/c/topo/cart_shift.c,27,20,0.741,49,18,0.367,3,2,0.667,0,4.5,31.5,5,0,1,59,0,2,3,0,13,0,0,2,10.0,2.5,2
src/binding/c/topo/cart_sub.c,36,29,0.8059999999999999,57,24,0.421,3,2,0.667,0,5.5,37.5,3,0,1,71,0,2,3,0,13,0,0,2,12.8,3.2,2
src/binding/c/topo/cartdim_get.c,24,18,0.75,45,16,0.356,3,2,0.667,0,4.5,29.5,2,0,1,55,0,2,3,0,13,0,0,2,10.0,2.5,2
src/binding/c/topo/dims_create.c,21,15,0.7140000000000001,16,10,0.625,3,2,0.667,0,4.0,26.0,3,0,1,48,0,2,3,0,15,0,0,4,10.0,2.5,4
src/binding/c/topo/dist_graph_create.c,59,45,0.763,96,37,0.385,3,2,0.667,0,9.5,52.5,9,0,1,99,0,2,3,0,13,0,0,2,19.2,4.8,2
src/binding/c/topo/dist_graph_create_adjacent.c,57,40,0.7020000000000001,96,36,0.375,3,2,0.667,0,10.0,54.5,10,0,1,102,0,2,3,0,14,0,0,2,20.0,5.0,2
src/binding/c/topo/dist_graph_neighbors.c,39,31,0.795,67,27,0.4029999999999999,3,2,0.667,0,5.5,42.5,7,0,1,80,0,2,3,0,13,0,0,2,12.8,3.2,2
src/binding/c/topo/dist_graph_neighbors_count.c,27,20,0.741,49,18,0.367,3,2,0.667,0,4.5,33.5,4,0,1,63,0,2,3,0,13,0,0,2,10.0,2.5,2
src/binding/c/topo/get_hw_resource_info.c,21,0,0.0,12,0,0.0,3,0,0.0,0,4.0,25.5,1,0,1,47,0,2,3,0,13,0,0,3,8.8,2.2,3
src/binding/c/topo/graph_create.c,72,41,0.569,87,37,0.425,3,2,0.667,0,15.0,63.5,6,0,1,122,0,2,3,0,21,0,0,2,28.0,7.0,2
src/binding/c/topo/graph_get.c,32,25,0.7809999999999999,55,21,0.382,3,2,0.667,0,5.5,33.5,5,0,1,63,0,2,3,0,13,0,0,2,12.0,3.0,2
src/binding/c/topo/graph_map.c,33,22,0.667,57,20,0.351,3,2,0.667,0,6.0,35.5,5,0,1,67,0,2,3,0,13,0,0,2,12.8,3.2,2
src/binding/c/topo/graph_neighbors.c,29,0,0.0,53,0,0.0,3,0,0.0,0,5.0,32.0,4,0,1,60,0,2,3,0,13,0,0,2,11.2,2.8,2
src/binding/c/topo/graph_neighbors_count.c,25,0,0.0,51,0,0.0,3,0,0.0,0,4.5,30.5,3,0,1,57,0,2,3,0,13,0,0,2,10.0,2.5,2
src/binding/c/topo/graphdims_get.c,26,19,0.731,47,17,0.362,3,2,0.667,0,4.5,30.5,3,0,1,57,0,2,3,0,13,0,0,2,10.0,2.5,2
src/binding/c/topo/topo_test.c,24,18,0.75,45,18,0.4,3,2,0.667,0,4.5,29.5,2,0,1,55,0,2,3,0,13,0,0,2,10.0,2.5,2
src/env/mpichversion.c,91,6,0.066,116,1,0.009,1,1,1.0,0,28.0,124.0,2.0,0,1,124,0,1,1,0,39,0,0,71,49.0,49.0,71
src/env/mpivars.c,427,0,0.0,216,0,0.0,15,0,0.0,0,10.2666666666667,43.9333333333333,1.8,0,2,84,1,15,42,0,71,0,0,76,159.0,10.6,76
src/glue/romio/all_romio_symbols.c,472,0,0.0,0,0,,1,0,0.0,0,2.0,835.0,1.0,0,1,835,0,1,1,0,31,0,0,1,2.0,2.0,1
src/glue/romio/glue_romio.c,88,39,0.4429999999999999,109,27,0.248,19,9,0.474,0,2.57894736842105,8.78947368421053,2.21052631578947,0,12,21,3,19,29,0,26,0,0,20,39.1,1.7,20
src/include/mpir_comm.h,26,7,0.2689999999999999,20,4,0.2,3,1,0.3329999999999999,1,2.08888888888889,2.11111111111111,2.57777777777778,0,43,27,108,45,54,0,0,0,0,4,6.0,2.0,4
src/include/mpir_datatype.h,118,112,0.949,136,97,0.713,6,6,1.0,0,2.73333333333333,7.36666666666667,3.0,1,27,103,32,30,48,27,0,0,0,5,28.8,4.8,5
src/include/mpir_debugger.h,4,4,1.0,0,0,,2,2,1.0,0,2.0,3.0,1.0,0,2,3,0,2,2,0,0,6,0,6,2.0,1.0,0
src/include/mpir_gpu.h,19,12,0.632,0,0,,6,4,0.667,1,3.14285714285714,10.2857142857143,1.42857142857143,1,5,20,3,7,11,5,0,0,0,10,18.2,2.6,10
src/include/mpir_gpu_util.h,52,23,0.442,32,7,0.2189999999999999,7,3,0.429,0,2.85714285714286,12.2857142857143,3.57142857142857,3,4,25,0,7,17,12,0,0,0,10,14.0,2.0,10
src/include/mpir_handlemem.h,144,139,0.965,106,76,0.7170000000000001,9,9,1.0,0,4.77777777777778,38.1111111111111,1.88888888888889,3,2,90,0,9,61,6,0,0,0,30,38.7,4.3,30
src/include/mpir_misc_post.h,8,3,0.375,4,3,0.75,1,1,1.0,0,4.0,14.0,1.0,1,1,14,0,1,4,1,0,0,0,12,4.0,4.0,12
src/include/mpir_op.h,12,11,0.917,10,6,0.6,2,2,1.0,0,2.05263157894737,1.42105263157895,2.44736842105263,0,38,9,15,38,38,0,0,0,0,2,5.0,2.5,2
src/include/mpir_refcount_vci.h,6,6,1.0,0,0,,2,2,1.0,0,2.0,7.0,1.5,0,2,8,0,2,2,0,0,0,0,2,2.0,1.0,2
src/include/mpir_request.h,145,141,0.972,136,96,0.706,22,22,1.0,0,2.48387096774194,5.80645161290323,2.56451612903226,6,35,96,86,62,137,210,0,0,0,36,72.0,3.0,36
src/include/mpir_threadcomm.h,24,23,0.958,8,6,0.75,3,3,1.0,0,4.0,24.0,2.0,1,1,24,18,1,4,1,0,0,0,0,8.100000000000001,2.7,0
src/include/mpitimpl.h,29,2,0.069,0,0,,13,1,0.077,1,2.04,2.92,2.84,0,13,7,128,25,39,0,0,0,0,1,16.5,1.1,1
src/mpi/attr/attr_impl.c,387,338,0.873,186,122,0.6559999999999999,17,17,1.0,0,8.58823529411765,54.6470588235294,3.0,1,11,189,0,17,50,11,215,0,0,12,127.5,7.5,12
src/mpi/attr/attrutil.c,113,99,0.8759999999999999,43,30,0.698,9,8,0.889,1,4.77777777777778,27.5555555555556,3.33333333333333,0,4,61,4,9,17,0,95,0,0,4,26.1,2.9,4
src/mpi/attr/dup_fn.c,6,0,0.0,0,0,,2,0,0.0,0,2.0,9.5,4.5,0,1,12,0,2,3,0,9,0,0,1,5.0,1.0,1
src/mpi/coll/algorithms/common/algo_common.h,18,16,0.889,12,9,0.75,2,1,0.5,0,4.5,23,4,0,2,42,0,2,2,0,0,0,0,0,8.0,4.0,0
src/mpi/coll/algorithms/recexchalgo/recexchalgo.c,204,202,0.99,108,92,0.852,8,8,1.0,0,2,35.6,6.9,0,7,146,0,10,14,0,54,0,0,16,51.2,6.4,16
src/mpi/coll/algorithms/stubalgo/stubalgo.c,6,6,1.0,0,0,,3,3,1.0,0,2,4,1,0,3,4,0,3,3,0,4,0,0,0,3.0,1.0,0
src/mpi/coll/allgather/allgather_allcomm_nb.c,11,10,0.909,8,2,0.25,1,1,1.0,0,3,22,8,0,1,22,0,1,1,0,5,0,0,2,1.0,1.0,2
src/mpi/coll/allgather/allgather_inter_local_gather_remote_bcast.c,50,49,0.98,55,26,0.473,1,1,1.0,0,11,81,8,0,1,81,0,1,1,0,20,0,0,10,12.0,12.0,10
src/mpi/coll/allgather/allgather_intra_brucks.c,55,54,0.982,63,31,0.492,1,1,1.0,0,9,95,8,0,1,95,0,1,1,0,19,0,0,9,8.0,8.0,9
src/mpi/coll/allgather/allgather_intra_k_brucks.c,89,82,0.921,88,47,0.534,1,1,1.0,0,19,172,9,0,1,172,0,1,1,0,28,0,0,13,21.0,21.0,13
src/mpi/coll/allgather/allgather_intra_recexch.c,200,175,0.875,146,74,0.507,1,1,1.0,0,37,275,11,0,1,275,0,1,1,0,34,0,0,29,43.0,43.0,29
src/mpi/coll/allgather/allgather_intra_recursive_doubling.c,73,39,0.534,50,12,0.24,1,1,1.0,0,11,150,8,0,1,150,0,1,1,0,49,0,0,4,14.0,14.0,4
src/mpi/coll/allgather/allgather_intra_ring.c,29,28,0.966,20,7,0.35,1,1,1.0,0,5,54,8,0,1,54,0,1,1,0,24,0,0,2,3.0,3.0,2
src/mpi/coll/allgatherv/allgatherv_allcomm_nb.c,12,11,0.917,8,2,0.25,1,1,1.0,0,3,22,9,0,1,22,0,1,1,0,5,0,0,2,1.0,1.0,2
src/mpi/coll/allgatherv/allgatherv_inter_remote_gather_local_bcast.c,39,36,0.923,38,12,0.316,1,1,1.0,0,6,69,9,0,1,69,0,1,1,0,22,0,0,13,6.0,6.0,13
src/mpi/coll/allgatherv/allgatherv_intra_brucks.c,73,70,0.959,69,33,0.478,1,1,1.0,0,13,120,9,0,1,120,0,1,1,0,20,0,0,9,10.0,10.0,9
src/mpi/coll/allgatherv/allgatherv_intra_recursive_doubling.c,115,71,0.617,99,34,0.3429999999999999,1,1,1.0,0,23,216,9,0,1,216,0,1,1,0,60,0,0,8,26.0,26.0,8
src/mpi/coll/allgatherv/allgatherv_intra_ring.c,78,75,0.962,70,50,0.7140000000000001,1,1,1.0,0,20,121,9,0,1,121,0,1,1,0,28,0,0,4,22.0,22.0,4
src/mpi/coll/allreduce/allreduce_allcomm_nb.c,10,9,0.9,8,2,0.25,1,1,1.0,0,3,20,7,0,1,'20',0,1,1,0,5,0,0,2,1.0,1.0,2
src/mpi/coll/allreduce/allreduce_inter_reduce_exchange_bcast.c,26,25,0.962,40,15,0.375,1,1,1.0,0,6,47,7,0,1,'47',0,1,1,0,16,0,0,6,4.0,4.0,6
src/mpi/coll/allreduce/allreduce_intra_k_reduce_scatter_allgather.c,216,214,0.991,176,99,0.562,1,1,1.0,0,34,292,9,0,1,'292',0,1,1,0,33,0,0,40,38.0,38.0,40
src/mpi/coll/allreduce/allreduce_intra_recexch.c,235,230,0.979,257,154,0.599,3,3,1.0,0,'16.6666666666667','107.333333333333','6.33333333333333',0,1,'284',0,3,5,0,31,0,0,30,62.1,20.7,30
src/mpi/coll/allreduce/allreduce_intra_recursive_doubling.c,63,62,0.984,80,41,0.512,1,1,1.0,0,11,134,7,0,1,'134',0,1,1,0,49,0,0,19,11.0,11.0,19
src/mpi/coll/allreduce/allreduce_intra_recursive_multiplying.c,126,125,0.992,116,62,0.534,1,1,1.0,0,23,194,8,0,1,'194',0,1,1,0,42,0,0,42,21.0,21.0,42
src/mpi/coll/allreduce/allreduce_intra_reduce_scatter_allgather.c,126,125,0.992,126,80,0.635,1,1,1.0,0,29,224,7,0,1,'224',0,1,1,0,76,0,0,12,30.0,30.0,12
src/mpi/coll/allreduce/allreduce_intra_ring.c,60,57,0.95,62,27,0.435,1,1,1.0,0,10,99,7,0,1,'99',0,1,1,0,13,0,0,12,8.0,8.0,12
src/mpi/coll/allreduce/allreduce_intra_smp.c,29,24,0.828,32,12,0.375,1,1,1.0,0,9,52,7,0,1,'52',0,1,1,0,13,0,0,8,7.0,7.0,8
src/mpi/coll/allreduce/allreduce_intra_tree.c,141,105,0.745,163,72,0.442,1,1,1.0,0,23,208,11,0,1,'208',0,1,1,0,12,0,0,11,25.0,25.0,11
src/mpi/coll/allreduce_group/allreduce_group.c,158,69,0.437,213,48,0.225,2,2,1.0,0,17,145.5,9,0,1,273,0,2,3,0,60,0,0,39,36.0,18.0,39
src/mpi/coll/alltoall/alltoall_allcomm_nb.c,11,10,0.909,8,2,0.25,1,1,1.0,0,3,22.0,8.0,0,1,22,0,1,1,0,5,0,0,2,1.0,1.0,2
src/mpi/coll/alltoall/alltoall_inter_pairwise_exchange.c,29,28,0.966,28,11,0.3929999999999999,1,1,1.0,0,6,50.0,8.0,0,1,50,0,1,1,0,16,0,0,2,4.0,4.0,2
src/mpi/coll/alltoall/alltoall_intra_brucks.c,69,68,0.986,89,32,0.36,1,1,1.0,0,8,127.0,8.0,0,1,127,0,1,1,0,33,0,0,12,7.0,7.0,12
src/mpi/coll/alltoall/alltoall_intra_k_brucks.c,159,127,0.799,146,58,0.397,2,2,1.0,0,16,141.5,9.5,0,1,228,0,2,3,0,58,0,0,22,29.0,14.5,22
src/mpi/coll/alltoall/alltoall_intra_pairwise.c,31,30,0.968,30,9,0.3,1,1,1.0,0,5,62.0,8.0,0,1,62,0,1,1,0,26,0,0,3,4.0,4.0,3
src/mpi/coll/alltoall/alltoall_intra_pairwise_sendrecv_replace.c,24,23,0.958,24,11,0.4579999999999999,1,1,1.0,0,7,54.0,8.0,0,1,54,0,1,1,0,31,0,0,2,5.0,5.0,2
src/mpi/coll/alltoall/alltoall_intra_scattered.c,37,35,0.946,54,20,0.37,1,1,1.0,0,7,69.0,8.0,0,1,69,0,1,1,0,28,0,0,5,7.0,7.0,5
src/mpi/coll/alltoallv/alltoallv_allcomm_nb.c,12,11,0.917,8,2,0.25,1,1,1.0,0,3,23,10,0,1,23,0,1,1,0,5,0,0,2,1.0,1.0,2
src/mpi/coll/alltoallv/alltoallv_inter_pairwise_exchange.c,32,31,0.969,28,11,0.3929999999999999,1,1,1.0,0,6,55,10,0,1,55,0,1,1,0,19,0,0,2,4.0,4.0,2
src/mpi/coll/alltoallv/alltoallv_intra_pairwise_sendrecv_replace.c,27,26,0.963,26,14,0.5379999999999999,1,1,1.0,0,7,60,10,0,1,60,0,1,1,0,30,0,0,2,6.0,6.0,2
src/mpi/coll/alltoallv/alltoallv_intra_scattered.c,56,47,0.8390000000000001,92,42,0.457,1,1,1.0,0,14,94,10,0,1,94,0,1,1,0,25,0,0,7,14.0,14.0,7
src/mpi/coll/alltoallw/alltoallw_allcomm_nb.c,12,11,0.917,8,2,0.25,1,1,1.0,0,3,24,10,0,1,24,0,1,1,0,5,0,0,2,1.0,1.0,2
src/mpi/coll/alltoallw/alltoallw_inter_pairwise_exchange.c,35,34,0.971,12,9,0.75,1,1,1.0,0,6,55,10,0,1,55,0,1,1,0,18,0,0,2,4.0,4.0,2
src/mpi/coll/alltoallw/alltoallw_intra_pairwise_sendrecv_replace.c,26,25,0.962,18,11,0.611,1,1,1.0,0,7,57,10,0,1,57,0,1,1,0,28,0,0,2,6.0,6.0,2
src/mpi/coll/alltoallw/alltoallw_intra_scattered.c,55,46,0.836,76,39,0.513,1,1,1.0,0,14,95,10,0,1,95,0,1,1,0,27,0,0,7,14.0,14.0,7
src/mpi/coll/barrier/barrier_allcomm_nb.c,10,0,0.0,8,0,0.0,1,0,0.0,0,3,18,2.0,0,1,18,0,1,1,0,5,0,0,2,1.0,1.0,2
src/mpi/coll/barrier/barrier_inter_bcast.c,28,27,0.964,28,9,0.321,1,1,1.0,0,5,46,2.0,0,1,46,0,1,1,0,21,0,0,7,5.0,5.0,7
src/mpi/coll/barrier/barrier_intra_k_dissemination.c,75,26,0.347,66,10,0.152,2,2,1.0,0,9,55,2.5,0,1,88,0,2,3,0,23,0,0,12,16.0,8.0,12
src/mpi/coll/barrier/barrier_intra_recexch.c,8,0,0.0,4,0,0.0,1,0,0.0,0,3,15,4.0,0,1,15,0,1,1,0,6,0,0,1,1.0,1.0,1
src/mpi/coll/barrier/barrier_intra_smp.c,18,17,0.944,20,8,0.4,1,1,1.0,0,6,32,2.0,0,1,32,0,1,1,0,9,0,0,7,4.0,4.0,7
src/mpi/coll/bcast/bcast_allcomm_nb.c,10,9,0.9,8,2,0.25,1,1,1.0,0,3,19,6,0,1,19,0,1,1,0,5,0,0,2,1.0,1.0,2
src/mpi/coll/bcast/bcast_inter_remote_send_local_bcast.c,22,21,0.955,24,12,0.5,1,1,1.0,0,7,49,6,0,1,49,0,1,1,0,15,0,0,5,5.0,5.0,5
src/mpi/coll/bcast/bcast_intra_binomial.c,61,58,0.951,82,49,0.598,1,1,1.0,0,18,141,6,0,1,141,0,1,1,0,44,0,0,9,18.0,18.0,9
src/mpi/coll/bcast/bcast_intra_pipelined_tree.c,159,128,0.805,194,98,0.505,1,1,1.0,0,39,229,11,0,1,229,0,1,1,0,18,0,0,8,49.0,49.0,8
src/mpi/coll/bcast/bcast_intra_scatter_recursive_doubling_allgather.c,104,88,0.846,106,49,0.462,1,1,1.0,0,20,217,6,1,1,217,0,1,2,1,72,0,0,10,25.0,25.0,10
src/mpi/coll/bcast/bcast_intra_scatter_ring_allgather.c,64,60,0.938,76,42,0.5529999999999999,1,1,1.0,1,14,110,6,1,1,110,0,1,2,1,23,0,0,8,12.0,12.0,8
src/mpi/coll/bcast/bcast_intra_smp.c,60,29,0.483,79,20,0.253,1,1,1.0,0,15,114,6,1,1,114,0,1,2,1,29,0,0,17,20.0,20.0,17
src/mpi/coll/bcast/bcast_intra_tree.c,128,102,0.797,130,62,0.477,1,1,1.0,0,27,182,9,0,1,182,0,1,1,0,12,0,0,10,28.0,28.0,10
src/mpi/coll/bcast/bcast_utils.c,43,40,0.93,28,20,0.7140000000000001,1,1,1.0,0,11,91,9,0,1,91,0,1,1,0,34,0,0,2,11.0,11.0,2
src/mpi/coll/exscan/exscan_allcomm_nb.c,10,0,0.0,8,0,0.0,1,0,0.0,0,3,20,7,0,1,20,0,1,1,0,5,0,0,2,1.0,1.0,2
src/mpi/coll/exscan/exscan_intra_recursive_doubling.c,53,47,0.887,82,29,0.354,1,1,1.0,0,9,97,7,0,1,97,0,1,1,0,53,0,0,18,8.0,8.0,18
src/mpi/coll/gather/gather_allcomm_nb.c,10,9,0.9,4,1,0.25,1,1,1.0,0,3,21,9,0,1,21,0,1,1,0,5,0,0,1,1.0,1.0,1
src/mpi/coll/gather/gather_inter_linear.c,20,18,0.9,22,8,0.364,1,1,1.0,0,6,36,9,0,1,36,0,1,1,0,12,0,0,2,4.0,4.0,2
src/mpi/coll/gather/gather_inter_local_gather_remote_send.c,38,37,0.974,43,19,0.442,1,1,1.0,0,8,70,9,0,1,70,0,1,1,0,19,0,0,7,6.0,6.0,7
src/mpi/coll/gather/gather_intra_binomial.c,149,144,0.966,168,94,0.56,1,1,1.0,0,28,220,9,0,1,220,0,1,1,0,49,0,0,18,35.0,35.0,18
src/mpi/coll/gatherv/gatherv_allcomm_linear.c,41,40,0.976,62,34,0.5479999999999999,1,1,1.0,0,11,70,10,0,1,70,0,1,1,0,16,0,0,7,13.0,13.0,7
src/mpi/coll/gatherv/gatherv_allcomm_nb.c,12,11,0.917,8,2,0.25,1,1,1.0,0,3,23,10,0,1,23,0,1,1,0,5,0,0,2,1.0,1.0,2
src/mpi/coll/iallgather/iallgather_inter_sched_local_gather_remote_bcast.c,53,52,0.981,63,26,0.413,1,1,1.0,0,11.0,87.0,8.0,0,1,87,0,1,1,0,21,0,0,11,12.0,12.0,11
src/mpi/coll/iallgather/iallgather_intra_sched_brucks.c,59,58,0.983,81,28,0.346,1,1,1.0,0,7.0,93.0,8.0,0,1,93,0,1,1,0,21,0,0,13,5.0,5.0,13
src/mpi/coll/iallgather/iallgather_intra_sched_recursive_doubling.c,95,58,0.611,90,19,0.211,3,3,1.0,4,5.0,60.0,4.66666666666667,0,1,164,5,3,16,0,55,0,0,17,15.9,5.3,17
src/mpi/coll/iallgather/iallgather_intra_sched_ring.c,29,28,0.966,32,10,0.312,1,1,1.0,0,5.0,49.0,8.0,1,1,49,0,1,3,1,23,0,0,5,3.0,3.0,5
src/mpi/coll/iallgather/iallgather_tsp_brucks.c,93,92,0.989,92,48,0.522,1,1,1.0,0,16.0,150.0,9.0,1,1,150,0,1,3,1,15,0,0,17,16.0,16.0,17
src/mpi/coll/iallgather/iallgather_tsp_recexch.c,156,151,0.968,104,56,0.5379999999999999,5,5,1.0,0,6.4,62.4,14.2,1,1,105,0,5,19,1,30,0,0,32,24.0,4.8,32
src/mpi/coll/iallgather/iallgather_tsp_ring.c,79,78,0.987,50,19,0.38,1,1,1.0,0,8.0,131.0,8.0,1,1,131,0,1,3,1,15,0,0,11,6.0,6.0,11
src/mpi/coll/iallgatherv/iallgatherv_inter_sched_remote_gather_local_bcast.c,39,38,0.974,40,13,0.325,1,1,1.0,0,5.0,70.0,9,0,1,70,0,1,1,0,23,0,0,14,5.0,5.0,14
src/mpi/coll/iallgatherv/iallgatherv_intra_sched_brucks.c,76,75,0.987,87,37,0.425,1,1,1.0,0,13.0,126.0,9,0,1,126,0,1,1,0,21,0,0,12,10.0,10.0,12
src/mpi/coll/iallgatherv/iallgatherv_intra_sched_recursive_doubling.c,119,74,0.622,117,41,0.35,1,1,1.0,0,23.0,232.0,9,0,1,232,0,1,1,0,61,0,0,10,28.0,28.0,10
src/mpi/coll/iallgatherv/iallgatherv_intra_sched_ring.c,67,65,0.97,62,39,0.629,1,1,1.0,0,18.0,100.0,9,0,1,100,0,1,1,0,9,0,0,5,18.0,18.0,5
src/mpi/coll/iallgatherv/iallgatherv_tsp_brucks.c,172,171,0.994,162,89,0.5489999999999999,1,1,1.0,0,31.0,259.0,10,1,1,259,0,1,2,1,44,0,0,25,33.0,33.0,25
src/mpi/coll/iallgatherv/iallgatherv_tsp_recexch.c,173,168,0.971,106,62,0.585,5,5,1.0,0,7.4,65.8,15,0,1,103,0,5,9,0,24,0,0,30,29.0,5.8,30
src/mpi/coll/iallgatherv/iallgatherv_tsp_ring.c,88,86,0.977,52,25,0.481,1,1,1.0,0,10.0,140.0,9,0,1,140,0,1,1,0,12,0,0,14,8.0,8.0,14
src/mpi/coll/iallgatherv/iallgatherv_utils.c,9,9,1.0,4,4,1.0,1,1,1.0,0,4.0,12.0,3,0,1,12,0,1,1,0,9,0,0,0,3.0,3.0,0
src/mpi/coll/iallreduce/iallreduce_inter_sched_remote_reduce_local_bcast.c,34,30,0.882,34,10,0.294,1,1,1.0,0,5,64,7,0,1,64,0,1,1,0,24,0,0,13,5.0,5.0,13
src/mpi/coll/iallreduce/iallreduce_intra_sched_naive.c,16,15,0.938,20,8,0.4,1,1,1.0,0,4,29,7,0,1,29,0,1,1,0,5,0,0,6,3.0,3.0,6
src/mpi/coll/iallreduce/iallreduce_intra_sched_recursive_doubling.c,67,66,0.985,110,46,0.418,1,1,1.0,0,11,128,7,0,1,128,0,1,1,0,32,0,0,31,11.0,11.0,31
src/mpi/coll/iallreduce/iallreduce_intra_sched_reduce_scatter_allgather.c,122,121,0.992,156,83,0.532,1,1,1.0,0,27,220,7,0,1,220,0,1,1,0,47,0,0,27,28.0,28.0,27
src/mpi/coll/iallreduce/iallreduce_intra_sched_smp.c,39,29,0.7440000000000001,56,17,0.304,1,1,1.0,0,10,70,7,0,1,70,0,1,1,0,15,0,0,15,8.0,8.0,15
src/mpi/coll/iallreduce/iallreduce_tsp_auto.c,97,0,0.0,54,0,0.0,1,0,0.0,0,15,155,7,4,1,155,0,1,5,4,12,0,0,6,13.0,13.0,6
src/mpi/coll/iallreduce/iallreduce_tsp_recexch.c,186,172,0.925,156,89,0.5710000000000001,1,1,1.0,1,33,269,9,1,1,269,0,1,2,1,30,0,0,36,49.0,49.0,36
src/mpi/coll/iallreduce/iallreduce_tsp_recexch_reduce_scatter_recexch_allgatherv.c,99,97,0.98,70,40,0.5710000000000001,1,1,1.0,1,13,163,8,1,1,163,0,1,2,1,13,0,0,24,15.0,15.0,24
src/mpi/coll/iallreduce/iallreduce_tsp_recursive_exchange_common.c,49,47,0.959,44,29,0.659,1,1,1.0,2,14,84,21,0,1,84,0,1,1,0,37,0,0,7,16.0,16.0,7
src/mpi/coll/iallreduce/iallreduce_tsp_ring.c,64,63,0.984,74,36,0.486,1,1,1.0,1,9,112,7,0,1,112,0,1,1,0,13,0,0,14,9.0,9.0,14
src/mpi/coll/iallreduce/iallreduce_tsp_tree.c,130,121,0.931,131,67,0.511,1,1,1.0,1,22,218,11,0,1,218,0,1,1,0,34,0,0,8,24.0,24.0,8
src/mpi/coll/ialltoall/ialltoall_inter_sched_pairwise_exchange.c,29,28,0.966,36,13,0.361,1,1,1.0,0,6.0,49,8,0,1,49,0,1,1,0,16,0,0,6,4.0,4.0,6
src/mpi/coll/ialltoall/ialltoall_intra_sched_brucks.c,73,72,0.986,112,41,0.366,1,1,1.0,0,7.0,131,8,0,1,131,0,1,1,0,35,0,0,16,6.0,6.0,16
src/mpi/coll/ialltoall/ialltoall_intra_sched_inplace.c,33,32,0.97,57,23,0.4039999999999999,1,1,1.0,0,8.0,58,8,0,1,58,0,1,1,0,20,0,0,5,9.0,9.0,5
src/mpi/coll/ialltoall/ialltoall_intra_sched_pairwise.c,29,28,0.966,38,11,0.289,1,1,1.0,0,5.0,53,8,0,1,53,0,1,1,0,24,0,0,5,4.0,4.0,5
src/mpi/coll/ialltoall/ialltoall_intra_sched_permuted_sendrecv.c,28,26,0.929,40,18,0.45,1,1,1.0,0,7.0,51,8,0,1,51,0,1,1,0,14,0,0,3,7.0,7.0,3
src/mpi/coll/ialltoall/ialltoall_tsp_brucks.c,203,201,0.99,180,81,0.45,2,2,1.0,0,11.5,158,12,0,1,245,0,2,3,0,60,0,0,29,22.0,11.0,29
src/mpi/coll/ialltoall/ialltoall_tsp_ring.c,80,79,0.988,56,22,0.3929999999999999,1,1,1.0,0,9.0,147,8,0,1,147,0,1,1,0,45,0,0,11,7.0,7.0,11
src/mpi/coll/ialltoall/ialltoall_tsp_scattered.c,80,79,0.988,76,32,0.421,1,1,1.0,0,10.0,127,10,0,1,127,0,1,1,0,38,0,0,20,8.0,8.0,20
src/mpi/coll/ialltoallv/ialltoallv_inter_sched_pairwise_exchange.c,41,40,0.976,60,20,0.3329999999999999,1,1,1.0,0,8,74,10,0,1,74,0,1,1,0,15,0,0,5,6.0,6.0,5
src/mpi/coll/ialltoallv/ialltoallv_intra_sched_blocked.c,34,32,0.941,66,30,0.455,1,1,1.0,0,9,63,10,0,1,63,0,1,1,0,9,0,0,3,11.0,11.0,3
src/mpi/coll/ialltoallv/ialltoallv_intra_sched_inplace.c,38,37,0.974,63,26,0.413,1,1,1.0,0,9,76,10,0,1,76,0,1,1,0,19,0,0,6,9.0,9.0,6
src/mpi/coll/ialltoallv/ialltoallv_tsp_blocked.c,42,40,0.952,74,25,0.3379999999999999,1,1,1.0,0,9,75,11,0,1,75,0,1,1,0,10,0,0,8,10.0,10.0,8
src/mpi/coll/ialltoallv/ialltoallv_tsp_inplace.c,43,42,0.977,34,13,0.382,1,1,1.0,0,6,70,10,0,1,70,0,1,1,0,7,0,0,8,5.0,5.0,8
src/mpi/coll/ialltoallv/ialltoallv_tsp_scattered.c,61,60,0.984,78,31,0.397,1,1,1.0,0,8,107,12,0,1,107,0,1,1,0,17,0,0,13,6.0,6.0,13
src/mpi/coll/ialltoallw/ialltoallw_inter_sched_pairwise_exchange.c,35,34,0.971,20,11,0.55,1,1,1.0,0,6,67,10,0,1,67,0,1,1,0,14,0,0,4,4.0,4.0,4
src/mpi/coll/ialltoallw/ialltoallw_intra_sched_blocked.c,36,34,0.944,50,30,0.6,1,1,1.0,0,11,61,10,0,1,61,0,1,1,0,21,0,0,5,11.0,11.0,5
src/mpi/coll/ialltoallw/ialltoallw_intra_sched_inplace.c,37,36,0.973,60,33,0.55,1,1,1.0,0,9,71,10,0,1,71,0,1,1,0,32,0,0,6,9.0,9.0,6
src/mpi/coll/ialltoallw/ialltoallw_tsp_blocked.c,41,39,0.951,54,31,0.574,1,1,1.0,0,11,71,11,0,1,71,0,1,1,0,10,0,0,8,10.0,10.0,8
src/mpi/coll/ialltoallw/ialltoallw_tsp_inplace.c,44,43,0.977,42,20,0.476,1,1,1.0,0,6,79,10,0,1,79,0,1,1,0,13,0,0,10,5.0,5.0,10
src/mpi/coll/ibarrier/ibarrier_inter_sched_bcast.c,35,34,0.971,48,17,0.354,1,1,1.0,0,6,63,2,0,1,63,0,1,1,0,15,0,0,12,6.0,6.0,12
src/mpi/coll/ibarrier/ibarrier_intra_sched_recursive_doubling.c,18,17,0.944,16,6,0.375,1,1,1.0,0,4,32,2,0,1,32,0,1,1,0,17,0,0,4,2.0,2.0,4
src/mpi/coll/ibarrier/ibarrier_intra_tsp_dissem.c,36,0,0.0,28,0,0.0,1,0,0.0,1,8,68,3,0,1,68,0,1,1,0,5,0,0,8,6.0,6.0,8
src/mpi/coll/ibarrier/ibarrier_intra_tsp_recexch.c,10,0,0.0,4,0,0.0,1,0,0.0,0,3,19,3,0,1,19,0,1,1,0,5,0,0,1,1.0,1.0,1
src/mpi/coll/ibarrier/ibarrier_tsp_auto.c,39,0,0.0,14,0,0.0,1,0,0.0,0,9,69,2,1,1,69,0,1,2,1,6,0,0,1,5.0,5.0,1
src/mpi/coll/ibcast/ibcast_inter_sched_flat.c,23,22,0.957,30,14,0.467,1,1,1.0,0,7.0,42,6.0,0,1,42,0,1,1,0,12,0,0,9,5.0,5.0,9
src/mpi/coll/ibcast/ibcast_intra_sched_binomial.c,66,63,0.955,96,47,0.49,1,1,1.0,0,17.0,138,6.0,2,1,138,0,1,4,2,49,0,0,14,16.0,16.0,14
src/mpi/coll/ibcast/ibcast_intra_sched_scatter_recursive_doubling_allgather.c,123,66,0.537,146,29,0.1989999999999999,1,1,1.0,0,20.0,234,6.0,2,1,234,0,1,8,2,92,0,0,23,24.0,24.0,23
src/mpi/coll/ibcast/ibcast_intra_sched_scatter_ring_allgather.c,76,63,0.8290000000000001,100,37,0.37,1,1,1.0,0,13.0,123,6.0,2,1,123,0,1,8,2,31,0,0,16,13.0,13.0,16
src/mpi/coll/ibcast/ibcast_intra_sched_smp.c,47,42,0.894,63,25,0.397,2,2,1.0,0,8.0,60,6.0,1,1,60,0,1,3,1,12,0,0,13,12.0,6.0,13
src/mpi/coll/ibcast/ibcast_tsp_auto.c,88,0,0.0,37,0,0.0,2,0,0.0,0,9.0,72,6.0,3,1,107,0,2,8,3,13,0,0,6,13.0,6.5,6
src/mpi/coll/ibcast/ibcast_tsp_scatterv_allgatherv.c,124,105,0.847,148,65,0.439,1,1,1.0,2,24.0,209,9.0,2,1,209,0,1,4,2,16,0,0,20,24.0,24.0,20
src/mpi/coll/ibcast/ibcast_tsp_scatterv_ring_allgatherv.c,8,7,0.875,4,1,0.25,1,1,1.0,1,3.0,22,7.0,1,1,22,0,1,2,1,5,0,0,1,1.0,1.0,1
src/mpi/coll/ibcast/ibcast_tsp_tree.c,42,40,0.952,47,20,0.426,1,1,1.0,1,7.0,93,9.0,2,1,93,0,1,4,2,14,0,0,3,9.0,9.0,3
src/mpi/coll/ibcast/ibcast_utils.c,72,61,0.847,40,25,0.625,5,5,1.0,5,2.0,26,3.4,1,5,81,0,5,13,5,26,0,0,3,19.0,3.8,3
src/mpi/coll/iexscan/iexscan_intra_sched_recursive_doubling.c,60,52,0.867,98,33,0.337,1,1,1.0,0,9,99,7,0,1,99,0,1,1,0,56,0,0,25,8.0,8.0,25
src/mpi/coll/igather/igather_inter_sched_long.c,15,14,0.933,20,7,0.35,1,1,1.0,0,5,30,9,0,1,30,0,1,1,0,12,0,0,2,3.0,3.0,2
src/mpi/coll/igather/igather_inter_sched_short.c,35,34,0.971,39,16,0.41,1,1,1.0,0,8,63,9,0,1,63,0,1,1,0,20,0,0,5,6.0,6.0,5
src/mpi/coll/igather/igather_intra_sched_binomial.c,157,139,0.885,196,98,0.5,1,1,1.0,0,27,227,9,0,1,227,0,1,1,0,37,0,0,33,34.0,34.0,33
src/mpi/coll/igather/igather_tsp_tree.c,119,118,0.992,142,87,0.613,1,1,1.0,0,21,186,10,0,1,186,0,1,1,0,12,0,0,13,31.0,31.0,13
src/mpi/coll/igatherv/igatherv_allcomm_sched_linear.c,32,31,0.969,42,28,0.667,1,1,1.0,0,11,52,10,0,1,52,0,1,1,0,11,0,0,4,13.0,13.0,4
src/mpi/coll/igatherv/igatherv_tsp_linear.c,37,30,0.8109999999999999,42,17,0.405,1,1,1.0,0,11,60,10,0,1,60,0,1,1,0,16,0,0,4,13.0,13.0,4
src/mpi/coll/ineighbor_allgather/ineighbor_allgather_allcomm_sched_linear.c,25,24,0.96,46,16,0.348,1,1,1.0,0,5,42,8,0,1,42,0,1,1,0,10,0,0,10,3.0,3.0,10
src/mpi/coll/ineighbor_allgather/ineighbor_allgather_tsp_linear.c,29,28,0.966,46,16,0.348,1,1,1.0,0,5,55,8,0,1,55,0,1,1,0,7,0,0,9,3.0,3.0,9
src/mpi/coll/ineighbor_allgatherv/ineighbor_allgatherv_allcomm_sched_linear.c,25,24,0.96,46,16,0.348,1,1,1.0,0,5,43,9,0,1,43,0,1,1,0,10,0,0,10,3.0,3.0,10
src/mpi/coll/ineighbor_allgatherv/ineighbor_allgatherv_tsp_linear.c,29,28,0.966,46,16,0.348,1,1,1.0,0,5,56,9,0,1,56,0,1,1,0,7,0,0,9,3.0,3.0,9
src/mpi/coll/ineighbor_alltoall/ineighbor_alltoall_allcomm_sched_linear.c,27,26,0.963,54,17,0.315,1,1,1.0,0,5,57,8,0,1,57,0,1,1,0,23,0,0,10,3.0,3.0,10
src/mpi/coll/ineighbor_alltoall/ineighbor_alltoall_tsp_linear.c,31,30,0.968,54,17,0.315,1,1,1.0,0,5,61,8,0,1,61,0,1,1,0,10,0,0,9,3.0,3.0,9
src/mpi/coll/ineighbor_alltoallv/ineighbor_alltoallv_allcomm_sched_linear.c,27,26,0.963,54,17,0.315,1,1,1.0,0,5,48,10,0,1,48,0,1,1,0,13,0,0,10,3.0,3.0,10
src/mpi/coll/ineighbor_alltoallv/ineighbor_alltoallv_tsp_linear.c,31,30,0.968,54,17,0.315,1,1,1.0,0,5,64,10,0,1,64,0,1,1,0,10,0,0,9,3.0,3.0,9
src/mpi/coll/ineighbor_alltoallw/ineighbor_alltoallw_allcomm_sched_linear.c,25,24,0.96,38,15,0.395,1,1,1.0,0,5,50,10,0,1,50,0,1,1,0,13,0,0,10,3.0,3.0,10
src/mpi/coll/ineighbor_alltoallw/ineighbor_alltoallw_tsp_linear.c,29,28,0.966,38,15,0.395,1,1,1.0,0,5,64,10,0,1,64,0,1,1,0,10,0,0,9,3.0,3.0,9
src/mpi/coll/ireduce/ireduce_inter_sched_local_reduce_remote_send.c,39,38,0.974,54,21,0.389,1,1,1.0,0,8,64.0,8,0,1,64,0,1,1,0,15,0,0,14,6.0,6.0,14
src/mpi/coll/ireduce/ireduce_intra_sched_binomial.c,73,72,0.986,106,50,0.472,1,1,1.0,0,13,143.0,8,0,1,143,0,1,1,0,45,0,0,31,13.0,13.0,31
src/mpi/coll/ireduce/ireduce_intra_sched_reduce_scatter_gather.c,165,164,0.994,196,109,0.556,1,1,1.0,0,36,298.0,8,0,1,298,0,1,1,0,88,0,0,27,41.0,41.0,27
src/mpi/coll/ireduce/ireduce_intra_sched_smp.c,60,44,0.733,82,26,0.317,1,1,1.0,0,11,100.0,8,0,1,100,0,1,1,0,17,0,0,15,11.0,11.0,15
src/mpi/coll/ireduce/ireduce_tsp_auto.c,72,0,0.0,32,0,0.0,2,0,0.0,0,6,59.5,8,1,1,92,0,2,5,1,15,0,0,4,8.0,4.0,4
src/mpi/coll/ireduce/ireduce_tsp_tree.c,181,140,0.773,159,93,0.585,1,1,1.0,1,33,282.0,12,0,1,282,0,1,1,0,37,0,0,9,45.0,45.0,9
src/mpi/coll/ireduce_scatter/ireduce_scatter_inter_sched_remote_reduce_local_scatterv.c,55,51,0.927,56,19,0.3389999999999999,1,1,1.0,0,8,97,7,0,1,97,0,1,1,0,24,0,0,12,8.0,8.0,12
src/mpi/coll/ireduce_scatter/ireduce_scatter_intra_sched_noncommutative.c,69,68,0.986,68,32,0.471,1,1,1.0,0,8,119,7,0,1,119,0,1,1,0,35,0,0,10,11.0,11.0,10
src/mpi/coll/ireduce_scatter/ireduce_scatter_intra_sched_pairwise.c,58,56,0.966,80,31,0.3879999999999999,1,1,1.0,0,11,101,7,0,1,101,0,1,1,0,22,0,0,13,10.0,10.0,13
src/mpi/coll/ireduce_scatter/ireduce_scatter_intra_sched_recursive_doubling.c,135,133,0.985,168,80,0.476,1,1,1.0,0,22,243,7,0,1,243,0,1,1,0,65,0,0,24,27.0,27.0,24
src/mpi/coll/ireduce_scatter/ireduce_scatter_intra_sched_recursive_halving.c,125,123,0.984,156,74,0.474,1,1,1.0,0,25,218,7,0,1,218,0,1,1,0,67,0,0,19,27.0,27.0,19
src/mpi/coll/ireduce_scatter/ireduce_scatter_tsp_recexch.c,147,143,0.973,110,63,0.573,2,2,1.0,0,13,126,14,0,1,162,0,2,3,0,45,0,0,30,26.0,13.0,30
src/mpi/coll/ireduce_scatter_block/ireduce_scatter_block_inter_sched_remote_reduce_local_scatterv.c,44,0,0.0,48,0,0.0,1,0,0.0,0,6,85,7,0,1,85,0,1,1,0,24,0,0,8,6.0,6.0,8
src/mpi/coll/ireduce_scatter_block/ireduce_scatter_block_intra_sched_noncommutative.c,66,65,0.985,64,29,0.4529999999999999,1,1,1.0,0,7,117,7,0,1,117,0,1,1,0,24,0,0,10,10.0,10.0,10
src/mpi/coll/ireduce_scatter_block/ireduce_scatter_block_intra_sched_pairwise.c,54,53,0.981,78,30,0.385,1,1,1.0,0,9,95,7,0,1,95,0,1,1,0,17,0,0,13,9.0,9.0,13
src/mpi/coll/ireduce_scatter_block/ireduce_scatter_block_intra_sched_recursive_doubling.c,129,128,0.992,158,71,0.449,1,1,1.0,0,16,235,7,0,1,235,0,1,1,0,56,0,0,24,19.0,19.0,24
src/mpi/coll/ireduce_scatter_block/ireduce_scatter_block_intra_sched_recursive_halving.c,116,115,0.991,152,71,0.467,1,1,1.0,0,20,205,7,0,1,205,0,1,1,0,41,0,0,21,23.0,23.0,21
src/mpi/coll/ireduce_scatter_block/ireduce_scatter_block_tsp_recexch.c,111,109,0.982,86,44,0.512,1,1,1.0,0,16,174,8,0,1,174,0,1,1,0,17,0,0,25,17.0,17.0,25
src/mpi/coll/iscan/iscan_intra_sched_recursive_doubling.c,55,54,0.982,88,35,0.3979999999999999,1,1,1.0,1,9,89,7,0,1,89,0,1,1,0,12,0,0,25,7.0,7.0,25
src/mpi/coll/iscan/iscan_intra_sched_smp.c,81,55,0.679,128,39,0.305,1,1,1.0,0,16,133,7,1,1,133,0,1,2,1,30,0,0,23,17.0,17.0,23
src/mpi/coll/iscan/iscan_tsp_recursive_doubling.c,75,72,0.96,64,24,0.375,1,1,1.0,0,9,128,7,0,1,128,0,1,1,0,10,0,0,21,8.0,8.0,21
src/mpi/coll/iscatter/iscatter_inter_sched_linear.c,20,18,0.9,30,10,0.3329999999999999,1,1,1.0,0,7.0,37,9.0,0,1,37,0,1,1,0,12,0,0,5,4.0,4.0,5
src/mpi/coll/iscatter/iscatter_inter_sched_remote_send_local_scatter.c,35,34,0.971,45,16,0.356,1,1,1.0,0,9.0,67,9.0,0,1,67,0,1,1,0,19,0,0,8,5.0,5.0,8
src/mpi/coll/iscatter/iscatter_intra_sched_binomial.c,130,129,0.992,174,79,0.4539999999999999,5,5,1.0,1,5.4,42,4.6,0,1,184,5,5,24,0,47,0,0,28,28.0,5.6,28
src/mpi/coll/iscatter/iscatter_tsp_tree.c,115,114,0.991,128,78,0.609,1,1,1.0,0,19.0,177,10.0,1,1,177,0,1,2,1,12,0,0,14,27.0,27.0,14
src/mpi/coll/iscatterv/iscatterv_allcomm_sched_linear.c,33,32,0.97,42,26,0.619,1,1,1.0,0,11,53,10,0,1,53,0,1,1,0,16,0,0,4,13.0,13.0,4
src/mpi/coll/iscatterv/iscatterv_tsp_linear.c,38,36,0.947,42,19,0.452,1,1,1.0,0,11,73,10,0,1,73,0,1,1,0,15,0,0,4,13.0,13.0,4
src/mpi/coll/neighbor_allgather/neighbor_allgather_allcomm_nb.c,12,11,0.917,8,2,0.25,1,1,1.0,0,3,22,7,0,1,22,0,1,1,0,5,0,0,2,1.0,1.0,2
src/mpi/coll/neighbor_allgatherv/neighbor_allgatherv_allcomm_nb.c,11,10,0.909,8,2,0.25,1,1,1.0,0,3,23,8,0,1,23,0,1,1,0,5,0,0,2,1.0,1.0,2
src/mpi/coll/neighbor_alltoall/neighbor_alltoall_allcomm_nb.c,11,10,0.909,8,2,0.25,1,1,1.0,0,3,21,7,0,1,21,0,1,1,0,5,0,0,2,1.0,1.0,2
src/mpi/coll/neighbor_alltoallv/neighbor_alltoallv_allcomm_nb.c,12,11,0.917,8,2,0.25,1,1,1.0,0,3,24,9,0,1,24,0,1,1,0,5,0,0,2,1.0,1.0,2
src/mpi/coll/neighbor_alltoallw/neighbor_alltoallw_allcomm_nb.c,12,11,0.917,8,2,0.25,1,1,1.0,0,3,24,9,0,1,24,0,1,1,0,5,0,0,2,1.0,1.0,2
src/mpi/coll/op/op_impl.c,60,35,0.583,33,17,0.515,6,4,0.667,0,3.66666666666667,18.3333333333333,2.5,0,2,35,3,6,11,0,11,0,0,6,16.200000000000003,2.7,6
src/mpi/coll/op/opband.c,15,13,0.867,72,68,0.944,2,2,1.0,0,2.0,21.5,2.5,0,2,22,0,2,2,0,13,0,0,0,2.0,1.0,0
src/mpi/coll/op/opbor.c,15,13,0.867,72,68,0.944,2,2,1.0,0,2.0,21.0,2.5,0,2,21,0,2,2,0,13,0,0,0,2.0,1.0,0
src/mpi/coll/op/opbxor.c,15,13,0.867,72,68,0.944,2,2,1.0,0,2.0,21.5,2.5,0,2,22,0,2,2,0,13,0,0,0,2.0,1.0,0
src/mpi/coll/op/opequal.c,41,39,0.951,48,19,0.396,4,4,1.0,0,3.5,17.0,4.0,0,2,27,2,4,8,0,10,0,0,8,8.8,2.2,8
src/mpi/coll/op/opland.c,15,13,0.867,123,112,0.911,2,2,1.0,0,2.0,35.5,2.5,0,2,44,0,2,2,0,20,0,0,0,3.0,1.5,0
src/mpi/coll/op/oplor.c,15,13,0.867,123,112,0.911,2,2,1.0,0,2.0,35.0,2.5,0,2,44,0,2,2,0,20,0,0,0,3.0,1.5,0
src/mpi/coll/op/oplxor.c,15,13,0.867,219,200,0.913,2,2,1.0,0,2.0,33.5,2.5,0,2,44,0,2,2,0,18,0,0,0,3.0,1.5,0
src/mpi/coll/op/opmax.c,16,13,0.812,133,118,0.887,2,2,1.0,0,2.0,21.0,2.5,0,2,21,0,2,2,0,13,0,0,0,2.0,1.0,0
src/mpi/coll/op/opmaxloc.c,19,17,0.895,57,49,0.86,2,2,1.0,0,11.0,37.0,2.5,0,2,44,10,2,2,0,14,0,0,1,25.0,12.5,1
src/mpi/coll/op/opmin.c,16,13,0.812,133,122,0.917,2,2,1.0,0,2.0,21.0,2.5,0,2,21,0,2,2,0,13,0,0,0,2.0,1.0,0
src/mpi/coll/op/opminloc.c,19,17,0.895,57,50,0.877,2,2,1.0,0,11.0,37.0,2.5,0,2,44,0,2,2,0,14,0,0,1,25.0,12.5,1
src/mpi/coll/op/opno_op.c,4,2,0.5,0,0,,2,1,0.5,0,2.0,4.0,2.5,0,2,4,0,2,2,0,4,0,0,0,2.0,1.0,0
src/mpi/coll/op/opprod.c,17,14,0.8240000000000001,102,78,0.765,2,2,1.0,0,2.5,41.5,2.5,0,2,58,0,2,2,0,24,0,0,0,4.0,2.0,0
src/mpi/coll/op/opreplace.c,8,7,0.875,4,1,0.25,2,2,1.0,0,2.5,9.0,2.5,0,2,14,0,2,2,0,6,0,0,2,2.0,1.0,2
src/mpi/coll/op/opsum.c,17,13,0.765,90,76,0.8440000000000001,2,2,1.0,0,2.0,33.0,2.5,0,2,42,0,2,2,0,16,0,0,0,2.0,1.0,0
src/mpi/coll/op/oputil.c,30,11,0.367,33,5,0.152,3,2,0.667,0,4.66666666666667,13.0,1.33333333333333,0,2,19,5,3,6,0,8,0,0,3,14.1,4.7,3
src/mpi/coll/reduce/reduce_allcomm_nb.c,10,9,0.9,8,2,0.25,1,1,1.0,0,3,20,8,0,1,20,0,1,1,0,5,0,0,2,1.0,1.0,2
src/mpi/coll/reduce/reduce_inter_local_reduce_remote_send.c,33,32,0.97,48,20,0.417,1,1,1.0,0,8,66,8,0,1,66,0,1,1,0,19,0,0,7,6.0,6.0,7
src/mpi/coll/reduce/reduce_intra_binomial.c,58,57,0.983,88,46,0.523,1,1,1.0,0,13,131,8,0,1,131,0,1,1,0,46,0,0,15,13.0,13.0,15
src/mpi/coll/reduce/reduce_intra_reduce_scatter_gather.c,169,162,0.959,176,103,0.585,1,1,1.0,0,41,305,8,0,1,305,0,1,1,0,93,0,0,14,45.0,45.0,14
src/mpi/coll/reduce/reduce_intra_smp.c,47,36,0.7659999999999999,62,21,0.3389999999999999,1,1,1.0,0,9,87,8,0,1,87,0,1,1,0,16,0,0,15,11.0,11.0,15
src/mpi/coll/reduce_local/reduce_local.c,29,19,0.655,21,10,0.476,4,2,0.5,0,4.5,20.5,5.25,0,1,43,0,4,7,0,12,0,0,6,12.0,3.0,6
src/mpi/coll/reduce_scatter/reduce_scatter_allcomm_nb.c,11,10,0.909,8,2,0.25,1,1,1.0,0,3,21,7,0,1,21,0,1,1,0,5,0,0,2,1.0,1.0,2
src/mpi/coll/reduce_scatter/reduce_scatter_inter_remote_reduce_local_scatter.c,52,48,0.923,62,22,0.355,1,1,1.0,0,8,89,7,0,1,89,0,1,1,0,20,0,0,13,8.0,8.0,13
src/mpi/coll/reduce_scatter/reduce_scatter_intra_noncommutative.c,65,64,0.985,58,31,0.534,1,1,1.0,0,8,117,7,0,1,117,0,1,1,0,35,0,0,8,11.0,11.0,8
src/mpi/coll/reduce_scatter/reduce_scatter_intra_pairwise.c,57,55,0.965,62,28,0.452,1,1,1.0,0,11,109,7,0,1,109,0,1,1,0,25,0,0,7,10.0,10.0,7
src/mpi/coll/reduce_scatter/reduce_scatter_intra_recursive_doubling.c,133,131,0.985,150,78,0.52,1,1,1.0,0,23,246,7,0,1,246,0,1,1,0,62,0,0,22,28.0,28.0,22
src/mpi/coll/reduce_scatter/reduce_scatter_intra_recursive_halving.c,134,122,0.91,150,72,0.48,1,1,1.0,0,28,235,7,0,1,235,0,1,1,0,70,0,0,16,31.0,31.0,16
src/mpi/coll/reduce_scatter_block/reduce_scatter_block_allcomm_nb.c,11,10,0.909,8,2,0.25,1,1,1.0,0,3,21,7,0,1,21,0,1,1,0,5,0,0,2,1.0,1.0,2
src/mpi/coll/reduce_scatter_block/reduce_scatter_block_inter_remote_reduce_local_scatter.c,41,39,0.951,48,16,0.3329999999999999,1,1,1.0,0,6,77,7,0,1,77,0,1,1,0,20,0,0,8,6.0,6.0,8
src/mpi/coll/reduce_scatter_block/reduce_scatter_block_intra_noncommutative.c,63,62,0.984,54,29,0.537,1,1,1.0,0,7,116,7,0,1,116,0,1,1,0,31,0,0,8,10.0,10.0,8
src/mpi/coll/reduce_scatter_block/reduce_scatter_block_intra_pairwise.c,53,52,0.981,60,27,0.45,1,1,1.0,0,9,104,7,0,1,104,0,1,1,0,29,0,0,7,9.0,9.0,7
src/mpi/coll/reduce_scatter_block/reduce_scatter_block_intra_recursive_doubling.c,124,123,0.992,146,75,0.514,1,1,1.0,0,20,236,7,0,1,236,0,1,1,0,61,0,0,17,26.0,26.0,17
src/mpi/coll/reduce_scatter_block/reduce_scatter_block_intra_recursive_halving.c,125,114,0.912,140,70,0.5,1,1,1.0,0,24,228,7,0,1,228,0,1,1,0,68,0,0,12,28.0,28.0,12
src/mpi/coll/scan/scan_allcomm_nb.c,10,9,0.9,8,2,0.25,1,1,1.0,0,3,19,7,0,1,19,0,1,1,0,5,0,0,2,1.0,1.0,2
src/mpi/coll/scan/scan_intra_recursive_doubling.c,48,46,0.958,80,32,0.4,1,1,1.0,0,9,86,7,0,1,86,0,1,1,0,45,0,0,20,7.0,7.0,20
src/mpi/coll/scan/scan_intra_smp.c,71,48,0.6759999999999999,114,35,0.307,1,1,1.0,0,16,113,7,0,1,113,0,1,1,0,21,0,0,18,17.0,17.0,18
src/mpi/coll/scatter/scatter_allcomm_nb.c,11,10,0.909,8,2,0.25,1,1,1.0,0,3,22,9,0,1,22,0,1,1,0,5,0,0,2,1.0,1.0,2
src/mpi/coll/scatter/scatter_inter_linear.c,20,18,0.9,22,8,0.364,1,1,1.0,0,6,35,9,0,1,35,0,1,1,0,11,0,0,2,4.0,4.0,2
src/mpi/coll/scatter/scatter_inter_remote_send_local_scatter.c,34,33,0.971,37,16,0.432,1,1,1.0,0,8,66,9,0,1,66,0,1,1,0,18,0,0,6,5.0,5.0,6
src/mpi/coll/scatter/scatter_intra_binomial.c,93,90,0.968,116,67,0.578,1,1,1.0,0,20,158,9,0,1,158,0,1,1,0,43,0,0,11,24.0,24.0,11
src/mpi/coll/scatterv/scatterv_allcomm_linear.c,41,40,0.976,62,35,0.565,1,1,1.0,0,11,65,10,0,1,65,0,1,1,0,15,0,0,7,13.0,13.0,7
src/mpi/coll/scatterv/scatterv_allcomm_nb.c,12,11,0.917,8,2,0.25,1,1,1.0,0,3,23,10,0,1,23,0,1,1,0,5,0,0,2,1.0,1.0,2
src/mpi/coll/src/coll_impl.c,143,108,0.755,168,45,0.268,11,10,0.909,1,4.36363636363636,21.3636363636364,2.45454545454545,3,7,50,7,11,30,21,115,0,0,45,36.3,3.3,45
src/mpi/coll/src/csel.c,743,531,0.715,799,384,0.481,17,16,0.941,1,17.7222222222222,66.2777777777778,1.5,0,1,225,72,18,95,0,37,0,0,116,320.40000000000003,17.8,116
src/mpi/coll/src/csel_container.c,658,337,0.512,604,319,0.528,2,2,1.0,1,136.0,413.5,1.5,1,1,478,0,2,4,1,6,0,0,0,270.0,135.0,0
src/mpi/coll/transports/gentran/gentran_impl.c,18,15,0.833,4,1,0.25,5,4,0.8,2,2.2,8.4,1.0,1,4,14,2,5,9,4,23,0,0,3,5.0,1.0,3
src/mpi/coll/transports/gentran/gentran_utils.c,318,252,0.792,264,137,0.519,10,9,0.9,2,9.7,64.5,2.5,3,5,239,2,10,91,15,43,0,0,60,99.0,9.9,60
src/mpi/coll/transports/gentran/tsp_gentran.c,309,243,0.7859999999999999,663,295,0.445,18,15,0.833,1,3.88888888888889,31.8888888888889,5.44444444444444,3,16,77,2,18,133,48,48,0,0,82,46.8,2.6,82
src/mpi/comm/builtin_comms.c,81,73,0.901,48,25,0.521,4,4,1.0,1,5.25,34.75,1.0,2,3,42,0,4,13,6,10,0,0,14,17.0,3.4,14
src/mpi/comm/comm_impl.c,642,597,0.93,594,262,0.441,33,32,0.97,3,4.60606060606061,36.6666666666667,2.90909090909091,3,15,159,0,33,97,45,226,0,0,154,102.3,3.1,154
src/mpi/comm/comm_split.c,170,152,0.894,154,90,0.584,3,3,1.0,2,17.0,154.5,3.0,2,1,273,5,2,15,2,96,0,0,17,38.1,12.7,17
src/mpi/comm/comm_split_type.c,150,103,0.687,134,44,0.3279999999999999,9,7,0.778,0,6.11111111111111,31.4444444444444,4.0,5,1,75,0,9,31,5,29,0,0,30,34.2,3.8,30
src/mpi/comm/comm_split_type_nbhd.c,298,69,0.2319999999999999,189,25,0.132,9,6,0.667,1,9.125,58.875,4.125,3,1,216,1,8,22,3,18,0,0,63,79.0,7.9,63
src/mpi/comm/commutil.c,654,599,0.916,732,400,0.546,33,32,0.97,6,5.6969696969697,36.4242424242424,2.12121212121212,2,6,153,11,33,89,12,299,0,0,133,145.20000000000002,4.4,133
src/mpi/comm/contextid.c,447,427,0.955,568,315,0.555,17,17,1.0,6,7.0,50.2941176470588,2.58823529411765,1,1,268,19,17,113,1,338,0,0,56,130.0,6.5,56
src/mpi/comm/ulfm_impl.c,148,0,0.0,100,0,0.0,5,0,0.0,0,8.0,47.4,1.6,2,3,74,1,5,16,6,41,0,0,28,35.0,7.0,28
src/mpi/datatype/create_f90.c,9,0,0.0,0,0,,3,0,0.0,0,2.0,5.0,2.66666666666667,0,3,5,0,3,3,0,50,0,0,0,46.0,4.6,0
src/mpi/datatype/datatype_impl.c,204,154,0.755,220,98,0.445,22,21,0.955,10,3.63636363636364,18.2727272727273,3.45454545454545,3,19,117,0,22,31,57,34,0,0,18,61.6,2.8,18
src/mpi/datatype/get_elements_x.c,133,74,0.556,149,64,0.43,3,3,1.0,0,20.3333333333333,91.3333333333333,3.0,0,1,141,0,3,6,0,107,0,0,8,69.0,23.0,8
src/mpi/datatype/type_contents.c,91,54,0.593,125,36,0.288,5,4,0.8,0,5.2,31.4,6.6,0,3,53,0,5,7,0,8,0,0,6,26.0,5.2,6
src/mpi/datatype/type_create.c,532,419,0.7879999999999999,670,265,0.396,29,24,0.828,5,5.10344827586207,34.6206896551724,4.37931034482759,4,1,69,0,29,80,4,51,0,0,81,92.8,3.2,81
src/mpi/datatype/type_create_darray.c,308,209,0.679,222,95,0.428,5,4,0.8,0,12.8,109.8,10.4,2,1,167,0,5,21,2,46,0,0,19,61.0,12.2,19
src/mpi/datatype/type_create_pairtype.c,45,40,0.889,8,6,0.75,1,1,1.0,1,8.0,72.0,2.0,1,1,72,0,1,2,1,40,0,0,4,8.0,8.0,4
src/mpi/datatype/type_create_subarray.c,122,95,0.779,140,53,0.379,3,2,0.667,0,8.0,68.3333333333333,7.0,2,1,108,0,3,10,2,13,0,0,17,18.0,6.0,17
src/mpi/datatype/type_debug.c,175,34,0.1939999999999999,202,28,0.139,5,2,0.4,1,15.5,74.8333333333333,2.16666666666667,2,1,137,0,6,16,2,38,0,0,5,109.8,18.3,5
src/mpi/datatype/typeutil.c,249,133,0.534,211,57,0.27,12,9,0.75,5,7.42857142857143,29.7857142857143,1.71428571428571,4,6,89,8,14,39,24,93,0,0,8,129.60000000000002,10.8,8
src/mpi/errhan/dynerrutil.c,204,172,0.843,672,277,0.412,9,9,1.0,0,5.2,35.8,1.2,1,1,72,17,10,69,1,144,0,0,35,36.0,4.0,35
src/mpi/errhan/errhan_file.c,61,42,0.6890000000000001,60,15,0.25,6,5,0.833,0,3.83333333333333,23.6666666666667,2.33333333333333,2,5,48,0,6,12,10,15,0,0,1,24.3,2.7,1
src/mpi/errhan/errhan_impl.c,194,111,0.5720000000000001,226,55,0.243,20,14,0.7,1,3.3,17.6,2.5,1,14,48,0,20,37,14,28,0,0,16,40.0,2.0,16
src/mpi/errhan/errutil.c,870,521,0.599,676,280,0.414,35,31,0.8859999999999999,3,8.51428571428571,47.2571428571429,2.48571428571429,1,2,234,13,35,122,2,458,0,0,225,304.5,8.7,225
src/mpi/group/group_impl.c,392,326,0.8320000000000001,206,151,0.733,13,12,0.923,0,9.84615384615385,51.4615384615385,3.15384615384615,1,13,107,0,13,41,13,85,0,0,35,104.0,8.0,35
src/mpi/group/grouputil.c,222,171,0.77,108,82,0.759,10,10,1.0,2,4.71428571428571,25.7142857142857,1.57142857142857,0,4,87,4,7,12,0,87,0,0,13,58.0,5.8,13
src/mpi/info/info_impl.c,115,93,0.809,56,30,0.536,13,11,0.846,0,3.61538461538462,17.0,3.07692307692308,1,7,24,0,13,24,7,25,0,0,20,28.6,2.2,20
src/mpi/info/infoutil.c,48,48,1.0,16,13,0.812,5,5,1.0,1,3.2,14.8,1.8,0,1,24,3,5,10,0,20,0,0,16,11.0,2.2,16
src/mpi/init/init_async.c,65,59,0.908,82,42,0.512,6,6,1.0,2,2.0,4.0,1.0,0,4,4,0,4,4,0,66,0,0,4,54.0,4.5,4
src/mpi/init/init_bindings.c,2,2,1.0,0,0,,1,1,1.0,0,2.0,13.0,1.0,1,1,13,0,1,2,1,12,0,0,4,2.0,2.0,4
src/mpi/init/init_dbg_logging.c,4,4,1.0,0,0,,2,2,1.0,2,2.0,3.0,1.5,0,2,3,0,2,2,0,10,0,0,4,4.0,1.0,4
src/mpi/init/init_gpu.c,45,28,0.622,32,7,0.2189999999999999,2,2,1.0,1,6.5,35.5,1.0,1,2,59,1,2,4,2,11,0,0,7,12.0,6.0,7
src/mpi/init/init_impl.c,32,30,0.938,6,3,0.5,6,6,1.0,0,2.5,10.5,1.33333333333333,1,6,25,0,6,9,6,27,0,0,9,10.2,1.7,9
src/mpi/init/init_util.c,55,30,0.545,24,18,0.75,5,3,0.6,2,2.6,18.6,1.8,1,2,35,7,5,19,2,25,0,0,18,23.0,4.6,18
src/mpi/init/init_windows.c,2,2,1.0,0,0,,1,1,1.0,0,2.0,3.0,1.0,0,1,3,0,1,1,0,18,0,0,4,11.2,2.8,4
src/mpi/init/initinfo.c,9,9,1.0,4,2,0.5,2,2,1.0,0,2.5,19.5,1.5,0,1,26,10,2,13,0,10,0,0,1,4.0,2.0,1
src/mpi/init/local_proc_attrs.c,38,38,1.0,10,8,0.8,4,4,1.0,2,2.0,23.25,1.25,1,4,60,0,4,7,4,40,0,0,7,11.2,2.8,7
src/mpi/init/mpi_init.h,22,18,0.818,2,0,0.0,9,8,0.889,1,2.46428571428571,24.3214285714286,1.25,7,14,221,1,28,72,98,0,0,0,4,18.0,2.0,4
src/mpi/init/mpir_init.c,184,158,0.8590000000000001,174,58,0.3329999999999999,5,5,1.0,0,7.2,74.6,2.6,7,1,221,2,5,32,7,176,0,0,108,35.0,7.0,108
src/mpi/init/mutex.c,20,20,1.0,32,16,0.5,2,2,1.0,2,2.0,3.0,1.0,0,2,3,0,2,2,0,16,0,0,4,12.0,3.0,4
src/mpi/misc/f2c_impl.c,52,0,0.0,24,0,0.0,6,0,0.0,0,3.0,14.6666666666667,2.0,0,6,17,0,6,6,0,6,0,0,0,22.200000000000003,3.7,0
src/mpi/misc/gpu_query.c,19,5,0.263,14,1,0.071,1,1,1.0,0,9.0,33.0,2.0,0,1,33,0,1,1,0,4,0,0,0,8.0,8.0,0
src/mpi/misc/memory_alloc_kinds.c,65,54,0.831,40,27,0.675,3,3,1.0,0,8.0,31.6666666666667,1.33333333333333,0,1,49,6,3,11,0,28,0,0,17,21.9,7.3,17
src/mpi/misc/utils.c,133,80,0.602,144,63,0.4379999999999999,6,3,0.5,0,6.33333333333333,46.3333333333333,9.5,0,1,168,0,6,11,0,70,0,0,18,60.89999999999999,8.7,18
src/mpi/pt2pt/bsendutil.c,415,287,0.6920000000000001,310,135,0.435,43,26,0.605,1,3.53488372093023,17.8837209302326,2.32558139534884,0,1,99,7,43,108,0,154,0,0,56,101.2,2.3,56
src/mpi/pt2pt/sendrecv.c,169,73,0.432,186,42,0.226,5,4,0.8,0,11.8,55.2,9.0,1,4,84,0,5,8,4,25,0,0,26,38.0,7.6,26
src/mpi/request/mpir_greq.c,72,67,0.931,26,14,0.5379999999999999,5,5,1.0,0,3.6,25.8,3.2,0,3,49,4,5,12,0,22,0,0,7,10.0,2.0,7
src/mpi/request/mpir_request.c,180,111,0.617,165,53,0.321,9,6,0.667,1,7.77777777777778,48.7777777777778,1.44444444444444,0,5,159,3,9,17,0,53,0,0,20,71.0,7.1,20
src/mpi/request/request_impl.c,690,499,0.723,541,307,0.5670000000000001,29,22,0.759,0,9.48275862068965,38.7586206896552,3.93103448275862,1,18,138,0,29,51,18,137,0,0,139,214.6,7.4,139
src/mpi/rma/rma_impl.c,14,14,1.0,2,2,1.0,3,3,1.0,0,2.33333333333333,9.33333333333333,3.33333333333333,0,3,11,0,3,3,0,4,0,0,2,3.9,1.3,2
src/mpi/rma/rmatypeutil.c,15,14,0.933,78,35,0.449,2,2,1.0,0,2.0,21.5,2.0,0,2,24,0,2,2,0,15,0,0,0,2.0,1.0,0
src/mpi/romio/adio/ad_nfs/ad_nfs_done.c,5,0,0.0,0,0,,2,0,0.0,1,2,4.5,3.0,0,1,5,0,2,3,0,4,0,0,7,2.0,1.0,7
src/mpi/romio/adio/ad_nfs/ad_nfs_fcntl.c,23,0,0.0,8,0,0.0,1,0,0.0,0,2,51.0,4.0,0,1,51,0,1,1,0,6,0,0,11,11.0,11.0,11
src/mpi/romio/adio/ad_nfs/ad_nfs_features.c,6,0,0.0,3,0,0.0,1,0,0.0,0,2,17.0,2.0,0,1,17,0,1,1,0,4,0,0,6,10.0,10.0,6
src/mpi/romio/adio/ad_nfs/ad_nfs_getsh.c,38,0,0.0,14,0,0.0,1,0,0.0,0,2,91.0,4.0,0,1,91,0,1,1,0,11,0,0,8,18.0,18.0,8
src/mpi/romio/adio/ad_nfs/ad_nfs_hints.c,5,0,0.0,0,0,,1,0,0.0,0,2,6.0,3.0,0,1,6,0,1,1,0,4,0,0,8,1.0,1.0,8
src/mpi/romio/adio/ad_nfs/ad_nfs_open.c,28,0,0.0,18,0,0.0,1,0,0.0,0,2,49.0,2.0,0,1,49,0,1,1,0,4,0,0,10,14.0,14.0,10
src/mpi/romio/adio/ad_nfs/ad_nfs_read.c,263,0,0.0,196,0,0.0,2,0,0.0,0,2,229.5,8.0,0,2,390,0,2,2,0,43,0,0,25,80.0,40.0,25
src/mpi/romio/adio/ad_nfs/ad_nfs_resize.c,7,0,0.0,2,0,0.0,1,0,0.0,0,2,16.0,3.0,0,1,16,0,1,1,0,12,0,0,7,2.0,2.0,7
src/mpi/romio/adio/ad_nfs/ad_nfs_setsh.c,20,0,0.0,6,0,0.0,1,0,0.0,0,2,43.0,3.0,0,1,43,0,1,1,0,19,0,0,7,8.0,8.0,7
src/mpi/romio/adio/ad_nfs/ad_nfs_wait.c,5,0,0.0,0,0,,2,0,0.0,1,2,4.0,3.0,0,1,4,0,2,3,0,4,0,0,7,2.0,1.0,7
src/mpi/romio/adio/ad_nfs/ad_nfs_write.c,275,0,0.0,214,0,0.0,2,0,0.0,0,2,247.0,8.0,0,2,428,0,2,2,0,50,0,0,25,84.0,42.0,25
src/mpi/romio/adio/ad_testfs/ad_testfs_close.c,7,0,0.0,0,0,,1,0,0.0,0,2.0,11.0,2.0,0,1,11,0,1,1,0,4,0,0,8,1.0,1.0,8
src/mpi/romio/adio/ad_testfs/ad_testfs_delete.c,6,0,0.0,0,0,,1,0,0.0,0,2.0,10.0,2.0,0,1,10,0,1,1,0,4,0,0,6,1.0,1.0,6
src/mpi/romio/adio/ad_testfs/ad_testfs_done.c,12,0,0.0,0,0,,2,0,0.0,0,2.0,12.0,3.0,0,2,12,0,2,2,0,4,0,0,6,2.0,1.0,6
src/mpi/romio/adio/ad_testfs/ad_testfs_fcntl.c,18,0,0.0,4,0,0.0,1,0,0.0,0,2.0,35.0,4.0,0,1,35,0,1,1,0,6,0,0,8,5.0,5.0,8
src/mpi/romio/adio/ad_testfs/ad_testfs_flush.c,6,0,0.0,0,0,,1,0,0.0,0,2.0,10.0,2.0,0,1,10,0,1,1,0,4,0,0,8,1.0,1.0,8
src/mpi/romio/adio/ad_testfs/ad_testfs_hints.c,8,0,0.0,0,0,,1,0,0.0,0,2.0,13.0,3.0,0,1,13,0,1,1,0,4,0,0,9,1.0,1.0,9
src/mpi/romio/adio/ad_testfs/ad_testfs_iread.c,22,0,0.0,0,0,,2,0,0.0,0,2.0,21.0,8.0,1,2,23,0,2,4,2,8,0,0,10,2.0,1.0,10
src/mpi/romio/adio/ad_testfs/ad_testfs_iwrite.c,23,0,0.0,0,0,,2,0,0.0,0,2.0,23.0,8.0,1,2,23,0,2,4,2,8,0,0,10,2.0,1.0,10
src/mpi/romio/adio/ad_testfs/ad_testfs_open.c,8,0,0.0,0,0,,1,0,0.0,0,2.0,12.0,2.0,0,1,12,0,1,1,0,4,0,0,8,1.0,1.0,8
src/mpi/romio/adio/ad_testfs/ad_testfs_rdcoll.c,9,0,0.0,0,0,,1,0,0.0,0,2.0,16.0,8.0,0,1,16,0,1,1,0,4,0,0,9,1.0,1.0,9
src/mpi/romio/adio/ad_testfs/ad_testfs_read.c,25,0,0.0,2,0,0.0,2,0,0.0,2,2.0,23.0,8.0,0,2,29,0,2,2,0,4,0,0,11,4.0,2.0,11
src/mpi/romio/adio/ad_testfs/ad_testfs_resize.c,6,0,0.0,0,0,,1,0,0.0,0,2.0,10.0,3.0,0,1,10,0,1,1,0,4,0,0,8,1.0,1.0,8
src/mpi/romio/adio/ad_testfs/ad_testfs_seek.c,35,0,0.0,10,0,0.0,1,0,0.0,0,2.0,62.0,4.0,0,1,62,0,1,1,0,14,0,0,9,5.0,5.0,9
src/mpi/romio/adio/ad_testfs/ad_testfs_wait.c,12,0,0.0,0,0,,2,0,0.0,0,2.0,13.0,3.0,0,2,13,0,2,2,0,6,0,0,6,2.0,1.0,6
src/mpi/romio/adio/ad_testfs/ad_testfs_wrcoll.c,9,0,0.0,0,0,,1,0,0.0,0,2.0,16.0,8.0,0,1,16,0,1,1,0,4,0,0,9,1.0,1.0,9
src/mpi/romio/adio/ad_testfs/ad_testfs_write.c,27,0,0.0,2,0,0.0,2,0,0.0,0,2.5,23.5,8.0,0,2,31,0,2,2,0,4,0,0,11,4.0,2.0,11
src/mpi/romio/adio/ad_ufs/ad_ufs_open.c,28,25,0.893,18,16,0.889,1,1,1.0,0,10,49.0,2.0,0,1,49,0,1,1,0,4,0,0,10,14.0,14.0,10
src/mpi/romio/adio/common/ad_aggregate.c,282,224,0.794,100,72,0.72,9,9,1.0,4,7.11111111111111,65.2222222222222,5.77777777777778,0,8,173,0,9,10,0,173,0,0,10,66.60000000000001,7.4,10
src/mpi/romio/adio/common/ad_aggregate_new.c,115,0,0.0,40,0,0.0,8,0,0.0,2,4.125,26.5,4.125,1,3,79,0,8,18,3,23,485,0,485,32.8,4.1,0
src/mpi/romio/adio/common/ad_close.c,40,31,0.775,22,16,0.727,1,1,1.0,0,15.0,98.0,2.0,3,1,98,0,1,4,3,28,480,0,480,19.0,19.0,0
src/mpi/romio/adio/common/ad_coll_build_req_new.c,833,0,0.0,418,0,0.0,11,0,0.0,2,18.4545454545455,148.272727272727,6.27272727272727,3,1,345,0,11,31,3,230,0,0,18,270.6,24.6,18
src/mpi/romio/adio/common/ad_coll_exch_new.c,210,0,0.0,76,0,0.0,2,0,0.0,1,24.5,180.5,5.5,2,1,342,7,2,12,2,38,0,0,8,56.0,28.0,8
src/mpi/romio/adio/common/ad_darray.c,171,0,0.0,72,0,0.0,3,0,0.0,1,13.3333333333333,94.6666666666667,10.6666666666667,0,1,120,0,3,5,0,35,492,0,492,39.900000000000006,13.3,0
src/mpi/romio/adio/common/ad_delete.c,7,7,1.0,2,2,1.0,1,1,1.0,0,3.0,11.0,2.0,1,1,11,0,1,2,1,4,461,0,461,2.0,2.0,0
src/mpi/romio/adio/common/ad_done.c,2,0,0.0,0,0,,1,0,0.0,0,2.0,5.0,3.0,0,1,5,0,1,1,0,16,0,0,0,1.0,1.0,0
src/mpi/romio/adio/common/ad_done_fake.c,2,0,0.0,0,0,,1,0,0.0,0,2.0,5.0,3.0,0,1,5,0,1,1,0,10,458,0,458,1.0,1.0,0
src/mpi/romio/adio/common/ad_end.c,23,18,0.7829999999999999,10,6,0.6,2,2,1.0,0,5.0,29.0,2.5,3,1,35,0,2,10,3,14,468,0,468,8.0,4.0,0
src/mpi/romio/adio/common/ad_fcntl.c,21,10,0.476,8,3,0.375,1,1,1.0,0,7.0,49.0,4.0,1,1,49,0,1,2,1,6,465,0,465,11.0,11.0,0
src/mpi/romio/adio/common/ad_features.c,6,6,1.0,3,2,0.667,1,1,1.0,0,11.0,19.0,2.0,0,1,19,0,1,1,0,4,458,0,458,10.0,10.0,0
src/mpi/romio/adio/common/ad_flush.c,13,9,0.6920000000000001,8,5,0.625,1,1,1.0,0,5.0,29.0,2.0,0,1,29,0,1,1,0,12,463,0,463,5.0,5.0,0
src/mpi/romio/adio/common/ad_fstype.c,158,90,0.57,78,35,0.449,6,5,0.833,0,9.5,67.5,3.33333333333333,2,1,99,6,6,24,2,199,0,0,19,70.19999999999999,11.7,19
src/mpi/romio/adio/common/ad_get_sh_fp.c,28,23,0.821,10,7,0.7,1,1,1.0,0,5.0,29.5,4.0,1,1,58,0,2,4,1,16,468,0,468,7.0,7.0,0
src/mpi/romio/adio/common/ad_hints.c,151,129,0.8540000000000001,40,29,0.725,1,1,1.0,0,18.0,320.0,3.0,3,1,320,0,1,7,3,111,521,0,521,21.0,21.0,0
src/mpi/romio/adio/common/ad_init.c,13,12,0.923,4,3,0.75,2,2,1.0,3,4.5,39.5,3.5,0,1,67,14,2,4,0,6,460,0,460,15.0,7.5,0
src/mpi/romio/adio/common/ad_io_coll.c,493,0,0.0,254,0,0.0,6,0,0.0,2,24.0,171.0,8.0,5,1,622,0,6,22,5,109,576,0,576,196.8,32.8,0
src/mpi/romio/adio/common/ad_iopen.c,7,0,0.0,0,0,,1,0,0.0,0,2.0,12.0,2.0,0,1,12,0,1,1,0,6,459,0,459,1.0,1.0,0
src/mpi/romio/adio/common/ad_iread.c,24,22,0.917,8,6,0.75,2,2,1.0,0,3.0,19.0,8.0,1,1,19,0,1,2,1,21,0,0,0,6.0,3.0,0
src/mpi/romio/adio/common/ad_iread_coll.c,586,546,0.932,194,143,0.737,21,21,1.0,0,6.0,52.8636363636364,3.0,5,1,187,101,22,366,5,214,581,0,581,123.9,5.9,0
src/mpi/romio/adio/common/ad_iread_fake.c,20,0,0.0,4,0,0.0,2,0,0.0,0,3.0,22.0,8.0,1,2,22,0,2,4,2,16,466,0,466,4.0,2.0,0
src/mpi/romio/adio/common/ad_iwrite.c,135,110,0.815,60,33,0.55,7,7,1.0,0,2.5,18.5,5.0,1,2,19,0,2,3,2,48,0,0,1,56.7,8.1,1
src/mpi/romio/adio/common/ad_iwrite_coll.c,722,652,0.903,242,176,0.727,24,24,1.0,0,6.48,53.6,3.04,5,1,148,120,25,428,5,200,606,0,606,156.0,6.5,0
src/mpi/romio/adio/common/ad_iwrite_fake.c,20,0,0.0,4,0,0.0,2,0,0.0,0,3.0,22.5,8.0,1,2,23,0,2,4,2,16,466,0,466,4.0,2.0,0
src/mpi/romio/adio/common/ad_open.c,165,136,0.8240000000000001,70,43,0.614,5,5,1.0,2,9.2,60.8,4.4,5,1,224,0,5,19,5,74,512,0,512,40.0,8.0,0
src/mpi/romio/adio/common/ad_opencoll.c,77,76,0.987,28,23,0.821,2,2,1.0,0,7.5,80.5,2.5,0,1,138,1,2,3,0,63,491,0,491,14.0,7.0,0
src/mpi/romio/adio/common/ad_opencoll_failsafe.c,38,0,0.0,22,0,0.0,1,0,0.0,0,11.0,75.0,4.0,0,1,75,0,1,1,0,30,464,0,464,12.0,12.0,0
src/mpi/romio/adio/common/ad_opencoll_scalable.c,16,0,0.0,8,0,0.0,1,0,0.0,0,5.0,35.0,4.0,0,1,35,0,1,1,0,19,460,0,460,5.0,5.0,0
src/mpi/romio/adio/common/ad_prealloc.c,36,0,0.0,18,0,0.0,1,0,0.0,1,8.0,69.0,3.0,0,1,69,0,1,1,0,22,468,0,468,7.0,7.0,0
src/mpi/romio/adio/common/ad_read.c,34,29,0.853,16,13,0.812,1,1,1.0,0,15.0,100.0,8.0,1,1,100,0,1,2,1,11,464,0,464,23.0,23.0,0
src/mpi/romio/adio/common/ad_read_coll.c,457,389,0.851,268,155,0.578,5,5,1.0,3,16.4,187.4,15.0,5,1,299,0,5,22,5,206,540,0,540,106.0,21.2,0
src/mpi/romio/adio/common/ad_read_str.c,213,162,0.7609999999999999,160,76,0.475,1,1,1.0,0,40.0,352.0,8.0,3,1,352,0,1,4,3,41,530,0,530,56.0,56.0,0
src/mpi/romio/adio/common/ad_read_str_naive.c,187,0,0.0,114,0,0.0,1,0,0.0,1,34.0,354.0,8.0,2,1,354,0,1,3,2,64,487,0,487,43.0,43.0,0
src/mpi/romio/adio/common/ad_resize.c,15,11,0.733,8,4,0.5,1,1,1.0,0,5.0,30.0,3.0,1,1,30,0,1,2,1,10,464,0,464,4.0,4.0,0
src/mpi/romio/adio/common/ad_seek.c,29,10,0.345,8,1,0.125,1,1,1.0,0,6.0,71.0,4.0,2,1,71,0,1,3,2,20,462,0,462,5.0,5.0,0
src/mpi/romio/adio/common/ad_set_sh_fp.c,18,15,0.833,6,4,0.667,1,1,1.0,0,3.5,16.0,3.0,1,1,31,0,2,4,1,6,464,0,464,5.0,5.0,0
src/mpi/romio/adio/common/ad_set_view.c,57,57,1.0,22,22,1.0,2,2,1.0,0,8.5,56.5,5.5,3,1,73,0,2,7,3,21,478,0,478,16.0,8.0,0
src/mpi/romio/adio/common/ad_subarray.c,53,0,0.0,16,0,0.0,1,0,0.0,1,10.0,85.0,7.0,0,1,85,0,1,1,0,9,471,0,471,9.0,9.0,0
src/mpi/romio/adio/common/ad_threaded_io.c,8,0,0.0,4,0,0.0,1,0,0.0,2,3.0,16.0,1.0,0,1,16,0,1,1,0,8,462,0,462,2.0,2.0,0
src/mpi/romio/adio/common/ad_tuning.c,28,21,0.75,14,7,0.5,1,1,1.0,2,9.0,36.0,1.0,0,1,36,6,1,7,0,65,470,0,470,8.0,8.0,0
src/mpi/romio/adio/common/ad_wait.c,2,0,0.0,0,0,,1,0,0.0,0,2.0,5.0,3.0,0,1,5,0,1,1,0,16,0,0,0,1.0,1.0,0
src/mpi/romio/adio/common/ad_wait_fake.c,3,0,0.0,0,0,,1,0,0.0,0,2.0,5.0,3.0,0,1,5,0,1,1,0,9,458,0,458,1.0,1.0,0
src/mpi/romio/adio/common/ad_write.c,33,26,0.7879999999999999,16,11,0.688,1,1,1.0,0,14.0,97.0,8.0,1,1,97,0,1,2,1,8,464,0,464,23.0,23.0,0
src/mpi/romio/adio/common/ad_write_coll.c,378,296,0.7829999999999999,250,135,0.54,4,4,1.0,0,20.0,198.25,18.75,6,1,252,0,4,20,6,174,537,0,537,103.2,25.8,0
src/mpi/romio/adio/common/ad_write_nolock.c,191,0,0.0,106,0,0.0,1,0,0.0,0,40.0,395.0,8.0,2,1,395,0,1,3,2,46,493,0,493,65.0,65.0,0
src/mpi/romio/adio/common/ad_write_str.c,225,177,0.787,224,105,0.469,1,1,1.0,0,48.0,373.0,8.0,3,1,373,0,1,4,3,52,522,0,522,62.0,62.0,0
src/mpi/romio/adio/common/ad_write_str_naive.c,182,0,0.0,100,0,0.0,1,0,0.0,1,35.0,339.0,8.0,2,1,339,0,1,3,2,65,480,0,480,43.0,43.0,0
src/mpi/romio/adio/common/adi_close.c,13,9,0.6920000000000001,6,3,0.5,1,1,1.0,0,4.0,30.0,2.0,1,1,30,0,1,2,1,4,462,0,462,8.0,8.0,0
src/mpi/romio/adio/common/byte_offset.c,25,7,0.28,6,1,0.1669999999999999,1,1,1.0,0,5.0,40.0,3.0,2,1,40,0,1,3,2,7,462,0,462,4.0,4.0,0
src/mpi/romio/adio/common/cb_config_list.c,279,236,0.846,135,102,0.7559999999999999,10,10,1.0,2,8.4,56.5,4.5,1,3,131,1,10,21,3,203,0,0,56,88.0,8.8,56
src/mpi/romio/adio/common/eof_offset.c,37,0,0.0,18,0,0.0,1,0,0.0,0,7.0,62.0,2.0,2,1,62,0,1,3,2,12,465,0,465,6.0,6.0,0
src/mpi/romio/adio/common/error.c,43,10,0.233,12,2,0.1669999999999999,1,1,1.0,5,13.0,73.0,3.0,0,1,73,0,1,1,0,11,470,0,470,12.0,12.0,0
src/mpi/romio/adio/common/flatten.c,72,72,1.0,34,28,0.8240000000000001,4,4,1.0,20,20.4,140.2,3.1,4,1,773,1,10,33,4,187,477,0,477,265.2,20.4,0
src/mpi/romio/adio/common/get_fp_posn.c,34,34,1.0,14,14,1.0,1,1,1.0,0,7.0,48.0,2.0,2,1,48,0,1,3,2,6,462,0,462,6.0,6.0,0
src/mpi/romio/adio/common/greq_fns.c,9,8,0.889,2,1,0.5,1,1,1.0,4,3.0,17.0,4.0,0,1,17,0,1,1,0,8,463,0,463,3.0,3.0,0
src/mpi/romio/adio/common/heap_sort.c,58,0,0.0,20,0,0.0,10,0,0.0,1,2.8,10.6,1.8,0,5,26,1,10,15,0,7,469,0,469,21.0,2.1,0
src/mpi/romio/adio/common/hint_fns.c,103,72,0.6990000000000001,50,33,0.66,4,4,1.0,2,7.75,40.0,6.0,1,4,48,0,4,5,4,18,505,0,505,28.8,7.2,0
src/mpi/romio/adio/common/iscontig.c,8,8,1.0,4,4,1.0,1,1,1.0,17,8.0,57.0,2.0,1,1,57,0,1,3,1,15,460,0,460,16.0,4.0,0
src/mpi/romio/adio/common/lock.c,51,14,0.275,26,4,0.154,2,1,0.5,0,6.5,57.0,6.0,1,2,76,0,2,6,2,26,0,0,2,33.0,11.0,2
src/mpi/romio/adio/common/lock_internal.c,14,0,0.0,8,0,0.0,2,0,0.0,1,6.5,20.5,1.0,0,2,28,0,2,2,0,0,6,0,6,14.0,7.0,0
src/mpi/romio/adio/common/malloc.c,29,13,0.4479999999999999,14,3,0.214,4,3,0.75,0,3.0,12.75,3.5,0,4,17,0,4,4,0,16,0,0,13,12.0,3.0,13
src/mpi/romio/adio/common/onesided_aggregation.c,1414,5,0.004,710,2,0.003,5,1,0.2,1,64.6,520.8,7.0,4,2,1373,5,5,33,8,349,618,0,618,440.0,88.0,0
src/mpi/romio/adio/common/p2p_aggregation.c,570,0,0.0,292,0,0.0,2,0,0.0,0,55.5,491.0,7.0,1,2,528,0,2,4,2,86,561,0,561,181.0,90.5,0
src/mpi/romio/adio/common/shfp_fname.c,33,23,0.6970000000000001,14,9,0.643,1,1,1.0,0,9.0,58.0,3.0,2,1,58,0,1,3,2,17,478,0,478,10.0,10.0,0
src/mpi/romio/adio/common/strfns.c,21,21,1.0,10,9,0.9,2,2,1.0,6,4.0,17.0,2.0,0,2,19,0,2,2,0,56,460,0,460,7.0,3.5,0
src/mpi/romio/adio/common/system_hints.c,81,43,0.531,48,16,0.3329999999999999,5,4,0.8,1,6.4,28.0,2.2,0,3,53,0,5,7,0,40,0,0,23,30.0,6.0,23
src/mpi/romio/adio/common/utils.c,133,106,0.797,50,40,0.8,6,5,0.833,10,5.75,35.0,3.625,0,5,115,0,8,11,0,50,479,0,479,44.0,5.5,0
src/mpi/romio/mpi-io/close.c,26,21,0.8079999999999999,14,8,0.5710000000000001,2,1,0.5,2,11.0,67.0,1.0,3,1,67,0,1,5,3,30,472,0,472,8.0,8.0,0
src/mpi/romio/mpi-io/delete.c,19,12,0.632,10,5,0.5,2,1,0.5,2,9.0,60.0,2.0,2,1,60,0,1,3,2,29,466,0,466,8.0,8.0,0
src/mpi/romio/mpi-io/file_c2f.c,2,0,0.0,0,0,,2,0,0.0,2,2.0,4.0,1.0,1,1,4,0,1,2,1,13,459,0,459,1.0,1.0,0
src/mpi/romio/mpi-io/file_f2c.c,2,0,0.0,0,0,,2,0,0.0,51,2.0,4.0,1.0,1,1,4,0,1,2,1,13,459,0,459,1.0,1.0,0
src/mpi/romio/mpi-io/fsync.c,13,9,0.6920000000000001,8,4,0.5,2,1,0.5,1,5.0,37.0,1.0,2,1,37,0,1,4,2,17,467,0,467,6.0,6.0,0
src/mpi/romio/mpi-io/get_amode.c,6,0,0.0,4,0,0.0,2,0,0.0,1,2.0,17.0,2.0,1,1,17,0,1,2,1,16,461,0,461,1.0,1.0,0
src/mpi/romio/mpi-io/get_atom.c,5,0,0.0,4,0,0.0,2,0,0.0,1,2.0,17.0,2.0,1,1,17,0,1,2,1,16,461,0,461,1.0,1.0,0
src/mpi/romio/mpi-io/get_bytoff.c,10,0,0.0,8,0,0.0,2,0,0.0,1,4.0,27.0,3.0,2,1,27,0,1,4,2,19,466,0,466,2.0,2.0,0
src/mpi/romio/mpi-io/get_extent.c,13,6,0.462,16,4,0.25,4,1,0.25,1,2.0,21.5,3.0,1,2,22,0,2,4,2,32,472,0,472,2.0,1.0,0
src/mpi/romio/mpi-io/get_group.c,7,0,0.0,4,0,0.0,2,0,0.0,1,2.0,25.0,2.0,1,1,25,0,1,2,1,21,464,0,464,1.0,1.0,0
src/mpi/romio/mpi-io/get_info.c,9,8,0.889,6,3,0.5,2,1,0.5,1,3.0,24.0,2.0,2,1,24,0,1,3,2,18,465,0,465,2.0,2.0,0
src/mpi/romio/mpi-io/get_posn.c,6,6,1.0,6,3,0.5,2,1,0.5,1,2.0,18.0,2.0,1,1,18,0,1,2,1,18,464,0,464,1.0,1.0,0
src/mpi/romio/mpi-io/get_posn_sh.c,10,9,0.9,12,6,0.5,2,1,0.5,1,3.0,25.0,2.0,2,1,25,0,1,3,2,19,469,0,469,2.0,2.0,0
src/mpi/romio/mpi-io/get_size.c,16,11,0.688,10,5,0.5,2,1,0.5,1,6.0,47.0,2.0,2,1,47,0,1,4,2,20,468,0,468,5.0,5.0,0
src/mpi/romio/mpi-io/get_view.c,25,0,0.0,10,0,0.0,2,0,0.0,1,6.0,60.0,5.0,2,1,60,0,1,4,2,19,472,0,472,7.0,7.0,0
src/mpi/romio/mpi-io/iread.c,76,39,0.513,52,24,0.462,5,2,0.4,1,3.0,25.5,5.0,1,2,26,0,2,4,2,42,462,0,462,21.9,7.3,0
src/mpi/romio/mpi-io/iread_all.c,54,28,0.519,38,18,0.474,5,2,0.4,0,3.0,26.0,5.0,1,2,26,0,2,4,2,42,462,0,462,15.9,5.3,0
src/mpi/romio/mpi-io/iread_at.c,12,5,0.417,4,1,0.25,4,1,0.25,1,3.0,27.0,6.0,1,2,27,0,2,4,2,36,462,0,462,8.0,4.0,0
src/mpi/romio/mpi-io/iread_atall.c,12,5,0.417,4,1,0.25,4,1,0.25,0,3.0,25.0,6.0,1,2,25,0,2,4,2,36,462,0,462,8.0,4.0,0
src/mpi/romio/mpi-io/iread_sh.c,65,0,0.0,44,0,0.0,5,0,0.0,1,2.0,5.0,5.0,0,2,5,0,2,2,0,42,460,0,460,15.0,5.0,0
src/mpi/romio/mpi-io/iwrite.c,75,42,0.56,52,24,0.462,5,2,0.4,1,3.0,26.0,5.0,1,2,26,0,2,4,2,42,462,0,462,21.9,7.3,0
src/mpi/romio/mpi-io/iwrite_all.c,46,29,0.63,34,17,0.5,5,2,0.4,0,2.0,20.0,5.0,0,2,20,0,2,2,0,38,460,0,460,14.1,4.7,0
src/mpi/romio/mpi-io/iwrite_at.c,14,6,0.429,4,1,0.25,4,1,0.25,1,3.0,29.0,6.0,2,2,29,0,2,6,4,36,464,0,464,8.0,4.0,0
src/mpi/romio/mpi-io/iwrite_atall.c,8,4,0.5,0,0,,4,1,0.25,0,2.0,19.0,6.0,0,2,19,0,2,2,0,32,460,0,460,6.0,3.0,0
src/mpi/romio/mpi-io/iwrite_sh.c,54,0,0.0,40,0,0.0,5,0,0.0,1,2.0,5.0,5.0,0,2,5,0,2,2,0,39,460,0,460,12.9,4.3,0
src/mpi/romio/mpi-io/mpir-mpioinit.c,15,11,0.733,4,3,0.75,1,1,1.0,3,2.0,34.0,1.0,2,1,34,1,1,5,2,15,464,0,464,3.0,3.0,0
src/mpi/romio/mpi-io/mpir_cst_filesys.c,97,0,0.0,40,0,0.0,3,0,0.0,0,9.66666666666667,77.3333333333333,4.0,3,1,146,0,3,8,3,85,510,0,510,23.1,7.7,0
src/mpi/romio/mpi-io/mpiu_external32.c,88,48,0.545,30,9,0.3,4,4,1.0,0,8.5,33.75,3.5,0,2,55,0,4,6,0,8,481,0,481,20.8,5.2,0
src/mpi/romio/mpi-io/mpiu_greq.c,11,9,0.818,0,0,,3,2,0.667,0,2.0,11.0,1.66666666666667,0,3,18,0,3,3,0,11,461,0,461,3.0,1.0,0
src/mpi/romio/mpi-io/open.c,63,38,0.603,56,30,0.536,2,1,0.5,2,29.0,151.0,5.0,2,1,151,2,1,4,2,56,488,0,488,28.0,28.0,0
src/mpi/romio/mpi-io/prealloc.c,34,0,0.0,18,0,0.0,2,0,0.0,1,11.0,71.0,2.0,2,1,71,0,1,4,2,18,476,0,476,9.0,9.0,0
src/mpi/romio/mpi-io/rd_atallb.c,8,0,0.0,0,0,,4,0,0.0,1,2.0,11.0,5.0,0,2,11,0,2,2,0,30,460,0,460,2.0,1.0,0
src/mpi/romio/mpi-io/rd_atalle.c,3,0,0.0,0,0,,2,0,0.0,1,2.0,10.0,3.0,0,1,10,0,1,1,0,16,459,0,459,1.0,1.0,0
src/mpi/romio/mpi-io/read.c,69,44,0.638,52,28,0.5379999999999999,5,2,0.4,1,2.0,19.5,5.0,0,2,20,0,2,2,0,46,460,0,460,23.1,7.7,0
src/mpi/romio/mpi-io/read_all.c,48,36,0.75,34,20,0.588,5,2,0.4,1,2.0,19.5,5.0,0,2,20,0,2,2,0,40,460,0,460,14.1,4.7,0
src/mpi/romio/mpi-io/read_allb.c,54,0,0.0,36,0,0.0,5,0,0.0,1,2.0,10.0,4.0,0,2,10,0,2,2,0,35,460,0,460,11.1,3.7,0
src/mpi/romio/mpi-io/read_alle.c,18,0,0.0,8,0,0.0,3,0,0.0,1,2.0,9.0,3.0,0,1,9,0,1,1,0,19,459,0,459,5.0,2.5,0
src/mpi/romio/mpi-io/read_at.c,8,4,0.5,0,0,,4,1,0.25,1,2.0,21.0,6.0,0,2,21,0,2,2,0,35,460,0,460,6.0,3.0,0
src/mpi/romio/mpi-io/read_atall.c,8,4,0.5,0,0,,4,1,0.25,1,2.0,20.0,6.0,0,2,20,0,2,2,0,33,460,0,460,6.0,3.0,0
src/mpi/romio/mpi-io/read_ord.c,36,31,0.861,26,15,0.5770000000000001,5,2,0.4,1,2.0,5.0,5.0,0,2,5,0,2,2,0,41,460,0,460,6.9,2.3,0
src/mpi/romio/mpi-io/read_ordb.c,59,0,0.0,38,0,0.0,5,0,0.0,1,2.0,4.0,4.0,0,2,4,0,2,2,0,37,460,0,460,12.0,4.0,0
src/mpi/romio/mpi-io/read_orde.c,14,0,0.0,8,0,0.0,2,0,0.0,1,5.0,34.0,3.0,2,1,34,0,1,4,2,17,465,0,465,4.0,4.0,0
src/mpi/romio/mpi-io/read_sh.c,60,40,0.667,48,22,0.4579999999999999,5,2,0.4,1,2.0,5.0,5.0,0,2,5,0,2,2,0,47,460,0,460,17.1,5.7,0
src/mpi/romio/mpi-io/register_datarep.c,53,0,0.0,20,0,0.0,5,0,0.0,0,2.0,10.0,5.0,0,2,10,0,2,2,0,60,460,0,460,12.9,4.3,0
src/mpi/romio/mpi-io/seek.c,35,13,0.371,20,6,0.3,2,1,0.5,1,13.0,97.0,3.0,2,1,97,0,1,4,2,31,478,0,478,10.0,10.0,0
src/mpi/romio/mpi-io/seek_sh.c,59,26,0.441,30,12,0.4,2,1,0.5,1,21.0,132.0,3.0,2,1,132,0,1,4,2,35,492,0,492,12.0,12.0,0
src/mpi/romio/mpi-io/set_atom.c,24,0,0.0,14,0,0.0,2,0,0.0,1,8.0,55.0,2.0,2,1,55,0,1,4,2,21,471,0,471,5.0,5.0,0
src/mpi/romio/mpi-io/set_info.c,11,9,0.818,12,6,0.5,2,1,0.5,1,4.0,30.0,2.0,2,1,30,0,1,3,2,18,469,0,469,2.0,2.0,0
src/mpi/romio/mpi-io/set_size.c,25,16,0.64,18,8,0.444,2,1,0.5,1,8.0,66.0,2.0,2,1,66,0,1,4,2,22,477,0,477,7.0,7.0,0
src/mpi/romio/mpi-io/set_view.c,74,44,0.595,64,39,0.609,2,1,0.5,1,28.0,145.0,6.0,3,1,145,0,1,5,3,39,507,0,507,28.0,28.0,0
src/mpi/romio/mpi-io/wr_atallb.c,8,0,0.0,0,0,,4,0,0.0,1,2.0,11.0,5.0,0,2,11,0,2,2,0,30,460,0,460,2.0,1.0,0
src/mpi/romio/mpi-io/wr_atalle.c,3,0,0.0,0,0,,2,0,0.0,1,2.0,9.0,3.0,0,1,9,0,1,1,0,15,459,0,459,1.0,1.0,0
src/mpi/romio/mpi-io/write.c,67,46,0.687,52,28,0.5379999999999999,5,2,0.4,1,2.0,20.0,5.0,0,2,20,0,2,2,0,47,460,0,460,23.1,7.7,0
src/mpi/romio/mpi-io/write_all.c,46,34,0.7390000000000001,34,20,0.588,5,2,0.4,1,2.0,20.0,5.0,0,2,20,0,2,2,0,38,460,0,460,14.1,4.7,0
src/mpi/romio/mpi-io/write_allb.c,52,0,0.0,34,0,0.0,5,0,0.0,1,2.0,10.5,4.0,0,2,11,0,2,2,0,35,460,0,460,11.1,3.7,0
src/mpi/romio/mpi-io/write_alle.c,18,0,0.0,8,0,0.0,3,0,0.0,1,2.0,9.0,3.0,0,1,9,0,1,1,0,21,459,0,459,5.0,2.5,0
src/mpi/romio/mpi-io/write_at.c,8,4,0.5,0,0,,4,1,0.25,1,2.0,21.0,6.0,0,2,21,0,2,2,0,35,460,0,460,6.0,3.0,0
src/mpi/romio/mpi-io/write_atall.c,8,4,0.5,0,0,,4,1,0.25,1,2.0,19.0,6.0,0,2,19,0,2,2,0,33,460,0,460,6.0,3.0,0
src/mpi/romio/mpi-io/write_ord.c,52,38,0.731,36,19,0.528,5,2,0.4,1,2.0,5.0,5.0,0,2,5,0,2,2,0,41,460,0,460,11.1,3.7,0
src/mpi/romio/mpi-io/write_ordb.c,56,0,0.0,36,0,0.0,5,0,0.0,1,2.0,5.0,4.0,0,2,5,0,2,2,0,38,460,0,460,11.1,3.7,0
src/mpi/romio/mpi-io/write_orde.c,13,0,0.0,8,0,0.0,2,0,0.0,1,5.0,34.0,3.0,2,1,34,0,1,4,2,17,465,0,465,4.0,4.0,0
src/mpi/romio/mpi-io/write_sh.c,58,20,0.345,46,8,0.174,5,2,0.4,1,2.0,5.0,5.0,0,2,5,0,2,2,0,46,460,0,460,17.1,5.7,0
src/mpi/romio/mpl/include/mpl_gpu.h,10,0,0.0,0,0,,4,0,0.0,0,2.0,1.40540540540541,2.0,0,37,7,11,37,39,0,0,0,0,0,4.0,1.0,0
src/mpi/romio/mpl/include/mpl_trmem.h,15,8,0.5329999999999999,6,2,0.3329999999999999,3,2,0.667,0,2.14285714285714,2.14285714285714,3.0,0,21,8,11,21,21,0,0,0,0,11,11.0,2.2,11
src/mpi/session/session_impl.c,94,87,0.926,72,37,0.514,6,6,1.0,0,5.0,30.5,2.83333333333333,1,5,62,2,6,12,5,29,0,0,28,16.799999999999997,2.8,28
src/mpi/session/session_util.c,115,105,0.913,86,48,0.5579999999999999,6,6,1.0,1,6.5,34.0,1.83333333333333,0,4,45,2,6,9,0,28,0,0,36,25.200000000000003,4.2,36
src/mpi/spawn/spawn_impl.c,144,125,0.868,98,47,0.48,14,14,1.0,0,4.35714285714286,23.0714285714286,3.5,1,7,52,1,14,31,7,43,0,0,31,43.4,3.1,31
src/mpi/stream/stream_enqueue.c,373,0,0.0,372,0,0.0,16,0,0.0,2,4.8125,35.9375,2.9375,1,2,75,36,16,169,2,33,0,0,69,56.0,3.5,69
src/mpi/stream/stream_impl.c,222,46,0.207,172,16,0.093,10,6,0.6,0,5.9,33.8,2.0,1,6,77,4,10,23,6,16,0,0,29,52.8,4.4,29
src/mpi/stream/stream_util.c,18,0,0.0,14,0,0.0,2,0,0.0,1,3.0,18.0,2.0,1,2,21,0,2,4,2,5,0,0,1,4.0,2.0,1
src/mpi/threadcomm/threadcomm_impl.c,158,151,0.956,148,82,0.5539999999999999,8,8,1.0,0,2.0,5.0,1.5,0,4,5,0,4,4,0,34,0,0,4,33.599999999999994,2.8,4
src/mpi/threadcomm/threadcomm_pt2pt.h,235,204,0.868,140,87,0.621,17,17,1.0,0,3.82352941176471,22.0588235294118,3.94117647058824,0,1,65,25,17,111,0,0,0,0,20,57.8,3.4,20
src/mpi/topo/dims_create.c,427,356,0.8340000000000001,266,202,0.759,7,7,1.0,0,18.4285714285714,98.8571428571429,3.57142857142857,0,1,255,12,7,22,0,181,0,0,36,128.1,18.3,36
src/mpi/topo/dist_graph_create.c,227,204,0.899,320,157,0.491,2,2,1.0,0,19.0,176.5,9.5,1,2,290,0,2,6,2,48,0,0,40,39.0,19.5,40
src/mpi/topo/topo_impl.c,358,255,0.7120000000000001,372,169,0.4539999999999999,18,15,0.833,1,5.66666666666667,37.3333333333333,4.05555555555556,1,14,124,0,18,39,14,66,0,0,25,86.39999999999999,4.8,25
src/mpi/topo/topoutil.c,157,133,0.847,174,72,0.414,10,10,1.0,2,4.07692307692308,23.3076923076923,3.30769230769231,1,4,72,5,13,28,4,63,0,0,31,36.0,3.0,31
src/mpi_t/events_impl.c,194,18,0.093,310,6,0.019,25,6,0.24,1,3.08,15.72,3.48,1,14,50,4,25,47,14,20,0,0,3,60.0,2.4,3
src/mpi_t/mpit.c,204,85,0.417,610,176,0.289,11,5,0.455,5,3.81818181818182,32.8181818181818,4.09090909090909,0,4,66,9,11,40,0,155,0,0,21,37.4,3.4,21
src/mpi_t/mpit_finalize.c,89,70,0.787,182,71,0.39,5,5,1.0,0,4.8,27.6,1.0,2,1,35,1,5,18,2,19,0,0,6,19.0,3.8,6
src/mpi_t/mpit_impl.c,107,60,0.561,72,23,0.319,6,5,0.833,0,7.66666666666667,30.3333333333333,2.83333333333333,1,6,46,0,6,10,6,7,0,0,4,37.8,6.3,4
src/mpi_t/mpit_initthread.c,54,33,0.611,30,8,0.267,5,5,1.0,0,4.4,17.2,1.0,2,1,40,1,5,17,2,9,0,0,8,18.0,3.6,8
src/mpi_t/pvar_impl.c,327,7,0.021,237,3,0.013,11,1,0.091,1,10.1818181818182,49.1818181818182,2.27272727272727,1,9,159,2,11,17,9,71,0,0,36,100.1,9.1,36
src/mpi_t/qmpi_register.c,12,2,0.1669999999999999,0,0,,6,1,0.1669999999999999,0,2.0,4.16666666666667,2.66666666666667,0,6,5,0,6,6,0,57,0,0,0,54.4,3.4,0
src/mpid/ch4/include/mpidpost.h,19,19,1.0,24,14,0.583,6,6,1.0,0,2,7.33333333333333,1.16666666666667,0,6,12,0,6,6,0,0,0,0,0,6.0,1.0,0
src/mpid/ch4/netmod/ofi/init_addrxchg.c,191,80,0.419,224,39,0.174,4,3,0.75,0,12.75,71.75,1.75,2,1,156,0,4,24,2,70,0,0,96,48.0,12.0,96
src/mpid/ch4/netmod/ofi/init_provider.c,116,73,0.629,81,31,0.3829999999999999,7,6,0.857,0,5.85714285714286,34.1428571428571,1.0,4,1,129,1,7,25,4,84,0,0,124,44.1,6.3,124
src/mpid/ch4/netmod/ofi/init_settings.c,186,152,0.8170000000000001,232,106,0.457,5,5,1.0,2,2.0,74.4,1.6,3,4,204,0,5,26,12,101,0,0,87,55.0,11.0,87
src/mpid/ch4/netmod/ofi/ofi_am.h,92,24,0.261,47,3,0.064,12,5,0.417,5,3.46153846153846,17.2307692307692,3.84615384615385,4,11,68,0,13,29,44,0,0,0,219,24.0,2.0,219
src/mpid/ch4/netmod/ofi/ofi_am_events.c,21,0,0.0,12,0,0.0,2,0,0.0,2,4.15384615384615,30.6923076923077,3.53846153846154,6,6,71,0,13,86,36,6,0,0,215,3.0,1.5,215
src/mpid/ch4/netmod/ofi/ofi_am_impl.h,352,85,0.241,412,41,0.1,16,6,0.375,4,4.88888888888889,40.6666666666667,5.66666666666667,4,11,99,0,18,127,44,0,0,0,177,60.8,3.8,177
src/mpid/ch4/netmod/ofi/ofi_capability_sets.h,23,15,0.652,20,12,0.6,1,1,1.0,3,12.0,26.0,1.0,0,1,26,0,1,1,0,0,0,0,9,11.0,11.0,9
src/mpid/ch4/netmod/ofi/ofi_coll.h,241,208,0.863,109,32,0.294,45,43,0.956,0,2.53333333333333,18.1111111111111,7.97777777777778,3,44,53,0,45,49,132,0,0,0,306,54.0,1.2,306
src/mpid/ch4/netmod/ofi/ofi_comm.c,109,73,0.67,84,26,0.31,6,6,1.0,0,5.16666666666667,33.6666666666667,1.16666666666667,1,2,62,0,6,25,2,36,0,0,88,34.8,5.8,88
src/mpid/ch4/netmod/ofi/ofi_datatype.c,4,4,1.0,0,0,,2,2,1.0,0,2.0,4.0,1.0,0,2,4,0,2,2,0,4,0,0,77,2.0,1.0,77
src/mpid/ch4/netmod/ofi/ofi_events.c,433,95,0.2189999999999999,271,43,0.159,17,7,0.412,4,5.22222222222222,39.8518518518519,2.92592592592593,11,3,131,0,27,171,33,57,0,0,339,102.0,6.0,339
src/mpid/ch4/netmod/ofi/ofi_huge.c,202,0,0.0,170,0,0.0,8,0,0.0,0,6.0,45.875,2.25,4,2,82,0,8,88,8,37,0,0,278,38.4,4.8,278
src/mpid/ch4/netmod/ofi/ofi_impl.h,456,125,0.2739999999999999,525,36,0.069,43,27,0.628,19,3.75,26.0588235294118,2.82352941176471,7,42,133,5,68,313,294,0,0,0,77,127.6,2.9,77
src/mpid/ch4/netmod/ofi/ofi_init.c,629,427,0.679,692,160,0.231,32,27,0.8440000000000001,5,4.11111111111111,43.4444444444444,1.73333333333333,7,12,204,0,45,295,84,615,0,0,359,128.0,4.0,359
src/mpid/ch4/netmod/ofi/ofi_nic.c,281,55,0.196,203,19,0.094,12,4,0.3329999999999999,1,6.75,33.25,1.25,2,1,66,0,4,22,2,72,0,0,91,103.2,8.6,91
src/mpid/ch4/netmod/ofi/ofi_op.c,4,4,1.0,0,0,,2,2,1.0,0,2.0,7.0,1.0,0,2,7,0,2,2,0,4,0,0,77,2.0,1.0,77
src/mpid/ch4/netmod/ofi/ofi_part.c,5,0,0.0,0,0,,2,0,0.0,0,2.0,5.5,5.0,0,6,8,0,6,6,0,4,0,0,78,2.0,1.0,78
src/mpid/ch4/netmod/ofi/ofi_probe.h,93,52,0.5589999999999999,143,23,0.161,3,2,0.667,0,7.66666666666667,56.0,8.33333333333333,2,1,113,0,3,13,2,0,0,0,101,15.9,5.3,101
src/mpid/ch4/netmod/ofi/ofi_proc.h,9,6,0.667,4,1,0.25,1,1,1.0,0,3.0,13.0,3.0,0,2,15,0,2,2,0,0,0,0,83,4.0,2.0,83
src/mpid/ch4/netmod/ofi/ofi_progress.c,2,2,1.0,0,0,,1,1,1.0,6,6.0,28.75,1.75,5,1,51,0,4,37,5,4,0,0,240,1.0,1.0,240
src/mpid/ch4/netmod/ofi/ofi_recv.h,249,91,0.365,330,69,0.209,6,3,0.5,2,9.0,76.3333333333333,9.0,3,2,240,0,6,42,6,0,0,0,124,57.0,9.5,124
src/mpid/ch4/netmod/ofi/ofi_rma.c,302,0,0.0,346,0,0.0,8,0,0.0,1,8.04,69.6,8.76,3,3,163,0,25,207,9,24,0,0,136,33.6,4.2,136
src/mpid/ch4/netmod/ofi/ofi_rndv.c,95,0,0.0,70,0,0.0,5,0,0.0,3,4.0,37.4,3.6,5,1,49,6,5,37,5,29,0,0,262,11.0,2.2,262
src/mpid/ch4/netmod/ofi/ofi_send.h,422,120,0.284,535,75,0.14,12,5,0.417,2,7.16666666666667,63.0833333333333,10.75,5,2,240,0,12,96,10,0,0,0,175,80.4,6.7,175
src/mpid/ch4/netmod/ofi/ofi_spawn.c,164,147,0.8959999999999999,330,139,0.421,4,4,1.0,0,2.0,67.25,4.0,4,4,92,0,4,32,16,11,0,0,125,32.8,8.2,125
src/mpid/ch4/netmod/ofi/ofi_types.h,28,5,0.179,10,2,0.2,7,1,0.143,26,2.875,6.875,1.5,0,7,14,304,8,12,0,0,0,0,15,16.0,2.0,15
src/mpid/ch4/netmod/ofi/ofi_win.c,520,197,0.379,418,82,0.196,27,12,0.444,2,4.06,27.62,2.06,4,30,153,3,50,155,120,131,0,0,185,135.0,5.0,185
src/mpid/ch4/netmod/ofi/util.c,250,175,0.7,314,142,0.452,10,8,0.8,9,2.7,39.4,2.1,4,4,133,6,10,43,16,39,0,0,261,92.0,9.2,261
src/mpid/ch4/shm/ipc/src/ipc_control.c,31,0,0.0,43,0,0.0,3,0,0.0,0,3.0,19.3333333333333,2.66666666666667,2,3,25,0,3,7,6,4,0,0,1,5.1,1.7,1
src/mpid/ch4/shm/ipc/src/ipc_fd.c,181,0,0.0,160,0,0.0,9,0,0.0,1,3.0,44.1111111111111,1.77777777777778,0,1,133,2,9,24,0,28,0,0,37,36.9,4.1,37
src/mpid/ch4/shm/ipc/src/ipc_init.c,21,15,0.7140000000000001,14,3,0.214,3,3,1.0,0,2.0,31.0,1.0,2,3,33,0,3,9,6,6,0,0,4,14.1,4.7,4
src/mpid/ch4/shm/ipc/src/ipc_p2p.h,77,0,0.0,96,0,0.0,2,0,0.0,4,5.42857142857143,43.7142857142857,4.57142857142857,1,4,107,0,7,26,4,0,0,0,16,32.0,8.0,16
src/mpid/ch4/shm/ipc/src/ipc_send.h,40,24,0.6,81,35,0.432,2,2,1.0,0,7.66666666666667,40.6666666666667,6.66666666666667,2,2,78,0,3,6,4,0,0,0,28,18.9,6.3,28
src/mpid/ch4/shm/ipc/src/ipc_win.c,95,51,0.537,82,22,0.268,3,2,0.667,1,3.0,92.6666666666667,1.66666666666667,1,2,209,4,3,14,2,35,0,0,13,36.900000000000006,12.3,13
src/mpid/ch4/shm/posix/eager/include/posix_eager_impl.h,18,18,1.0,0,0,,7,7,1.0,0,2,5.25,2.75,1,8,9,0,8,24,8,0,0,0,5,8.0,1.0,5
src/mpid/ch4/shm/posix/eager/iqueue/iqueue_init.c,78,64,0.821,60,24,0.4,4,4,1.0,0,2.5,34.25,1.5,1,2,48,1,4,18,2,32,0,0,20,12.8,3.2,20
src/mpid/ch4/shm/posix/eager/iqueue/iqueue_recv.h,35,32,0.914,8,7,0.875,5,4,0.8,0,2.6,12.8,1.8,1,5,39,0,5,11,5,0,0,0,0,8.0,1.6,0
src/mpid/ch4/shm/posix/eager/iqueue/iqueue_send.h,50,46,0.92,12,9,0.75,3,3,1.0,0,4.33333333333333,34.6666666666667,4.33333333333333,1,3,96,0,3,10,3,0,0,0,0,9.0,3.0,0
src/mpid/ch4/shm/posix/eager/iqueue/iqueue_types.h,2,2,1.0,0,0,,1,1,1.0,4,2.0,4.0,2.0,0,1,4,12,1,2,0,0,0,0,0,1.0,1.0,0
src/mpid/ch4/shm/posix/eager/src/posix_eager_impl.c,6,6,1.0,0,0,,3,3,1.0,0,2,4,1.33333333333333,0,3,4,0,3,3,0,4,0,0,0,3.0,1.0,0
src/mpid/ch4/shm/posix/release_gather/nb_release_gather.c,203,7,0.034,150,2,0.013,2,1,0.5,0,2.0,155.0,1.5,2,2,262,2,2,14,4,48,0,0,41,42.0,21.0,41
src/mpid/ch4/shm/posix/release_gather/release_gather.c,246,203,0.825,150,81,0.54,3,3,1.0,2,7.16666666666667,113.833333333333,3.5,1,4,290,2,6,34,4,197,0,0,36,44.1,14.7,36
src/mpid/common/bc/mpidu_bc.c,105,97,0.924,68,35,0.515,3,3,1.0,0,2,52.6666666666667,5.66666666666667,0,1,97,2,3,8,0,16,0,0,21,17.1,5.7,21
src/mpid/common/genq/mpidu_genq_private_pool.c,144,124,0.861,78,46,0.59,10,9,0.9,0,4.0,23.2,2.3,0,1,45,18,10,71,0,15,0,0,26,30.0,3.0,26
src/mpid/common/genq/mpidu_genq_shmem_pool.c,88,71,0.807,36,13,0.361,4,3,0.75,0,3.33333333333333,30.6666666666667,3.0,1,4,58,0,6,40,4,39,0,0,71,8.0,2.0,71
src/mpid/common/genq/mpidu_genq_shmem_queue.c,15,10,0.667,8,3,0.375,1,1,1.0,0,4.125,20.5,2.375,1,7,54,0,16,90,7,4,0,0,55,5.0,5.0,55
src/mpid/common/sched/mpidu_sched.c,705,524,0.743,943,417,0.442,29,24,0.828,0,5.325,32.7,3.425,0,9,186,62,40,387,0,124,0,0,105,162.39999999999998,5.6,105
src/mpid/common/shm/mpidu_init_shm.c,115,112,0.974,122,60,0.492,8,8,1.0,1,2.36363636363636,34.1818181818182,1.45454545454545,2,3,104,11,11,65,6,14,0,0,41,26.6,1.9,41
src/mpid/common/shm/mpidu_init_shm_alloc.c,113,94,0.8320000000000001,94,46,0.489,4,3,0.75,1,5.25,48.0,1.25,2,1,100,5,4,32,2,19,0,0,39,16.0,4.0,39
src/mpid/common/shm/mpidu_shm_alloc.c,123,95,0.772,98,44,0.449,5,5,1.0,1,6.0,50.6,2.4,1,2,96,5,5,30,2,104,0,0,32,68.60000000000001,4.9,32
src/mpid/common/stream_workq/stream_workq.c,112,11,0.098,134,3,0.022,11,2,0.182,0,3.72727272727273,16.3636363636364,1.18181818181818,0,1,36,19,11,49,0,14,0,0,32,27.5,2.5,32
src/mpl/include/mpl_atomic_c11.h,9,9,1.0,4,2,0.5,19,18,0.947,0,2.0,4.25,1.0,0,4,5,0,4,4,0,0,10,0,10,4.0,1.0,0
src/mpl/include/mpl_gavl.h,43,0,0.0,20,0,0.0,4,0,0.0,0,3.0,8.55555555555556,2.66666666666667,0,6,23,21,9,19,0,0,0,0,0,14.0,3.5,0
src/mpl/include/mpl_gpu.h,10,4,0.4,0,0,,4,2,0.5,0,2.0,1.40540540540541,2.0,0,37,7,11,37,39,0,0,0,0,0,4.0,1.0,0
src/mpl/include/mpl_initlock.h,8,8,1.0,4,2,0.5,2,2,1.0,0,2.0,5.0,1.0,1,3,5,0,3,5,3,0,0,0,9,7.800000000000001,1.3,9
src/mpl/include/mpl_math.h,50,48,0.96,18,15,0.833,8,8,1.0,1,3.44444444444444,10.5555555555556,1.77777777777778,0,6,25,3,9,16,0,0,0,0,4,20.8,2.6,4
src/mpl/include/mpl_proc_mutex_posix.h,5,5,1.0,0,0,,1,1,1.0,0,2.0,4.0,1.0,0,1,4,0,1,1,0,0,6,0,6,2.0,1.0,0
src/mpl/include/mpl_shm.h,32,29,0.906,18,11,0.611,4,4,1.0,0,2.33333333333333,3.0,2.33333333333333,0,18,12,0,18,24,0,0,0,0,4,10.0,2.5,4
src/mpl/include/mpl_trmem.h,20,12,0.6,6,3,0.5,5,3,0.6,0,2.14285714285714,2.14285714285714,3.0,0,21,8,11,21,21,0,0,0,0,11,11.0,2.2,11
src/mpl/include/utarray.h,9,0,0.0,4,0,0.0,2,0,0.0,0,2.5,5.5,1.5,0,2,6,9,2,2,0,0,18,0,18,4.0,2.0,0
src/mpl/src/mpl_rankmap.c,177,97,0.5479999999999999,174,69,0.397,4,3,0.75,0,12.0,62.0,3.5,0,2,114,0,4,6,0,53,516,0,516,52.0,13.0,0
src/nameserv/pmi/pmi_nameserv.c,18,18,1.0,4,3,0.75,5,5,1.0,0,2.4,8.8,2.8,0,5,14,1,5,5,0,12,0,0,12,7.0,1.4,12
src/pm/hydra/lib/pmiserv_common.c,60,26,0.433,92,12,0.13,4,2,0.5,0,2.0,23.25,1.75,1,3,46,17,4,13,3,14,0,0,79,20.0,5.0,79
src/pm/hydra/mpiexec/debugger.c,57,55,0.965,50,29,0.58,3,3,1.0,1,7.0,30.0,1.0,1,2,68,11,3,14,2,14,0,0,10,21.0,7.0,10
src/pm/hydra/mpiexec/get_parameters.c,211,142,0.6729999999999999,402,92,0.2289999999999999,7,6,0.857,1,6.28571428571429,47.5714285714286,1.42857142857143,4,1,133,0,7,53,4,43,0,0,50,60.89999999999999,8.7,50
src/pm/hydra/mpiexec/mpiexec.c,260,134,0.515,488,105,0.215,7,4,0.5710000000000001,11,10.875,70.125,1.25,4,1,287,15,8,67,4,53,0,0,36,63.0,9.0,36
src/pm/hydra/mpiexec/options.c,930,36,0.039,954,17,0.018,96,4,0.042,1,3.33333333333333,15.7291666666667,1.5,2,84,108,1,96,252,168,53,0,0,386,182.4,1.9,386
src/pm/hydra/mpiexec/pg.c,37,35,0.946,38,23,0.605,6,6,1.0,1,2.83333333333333,9.16666666666667,1.0,1,1,17,1,6,24,1,4,0,0,14,12.0,2.0,14
src/pm/hydra/mpiexec/pmiserv_cb.c,332,226,0.6809999999999999,808,155,0.192,11,8,0.727,1,8.0,53.0909090909091,2.54545454545455,5,1,202,0,11,76,5,50,0,0,45,73.7,6.7,45
src/pm/hydra/mpiexec/pmiserv_kvs.c,200,56,0.28,314,39,0.124,9,4,0.444,6,3.77777777777778,38.2222222222222,3.0,2,4,72,9,9,69,8,24,0,0,34,46.8,5.2,34
src/pm/hydra/mpiexec/pmiserv_misc.c,25,16,0.64,30,6,0.2,2,1,0.5,0,4.0,28.0,4.0,2,2,31,0,2,8,4,6,0,0,9,4.0,2.0,9
src/pm/hydra/mpiexec/pmiserv_pmci.c,124,93,0.75,324,74,0.228,4,4,1.0,0,8.0,50.75,1.5,6,3,61,0,4,30,18,13,0,0,15,24.0,6.0,15
src/pm/hydra/mpiexec/pmiserv_pmi.c,64,57,0.8909999999999999,176,75,0.426,4,4,1.0,9,3.375,36.75,3.25,2,3,96,15,16,77,6,4,0,0,17,15.2,3.8,17
src/pm/hydra/mpiexec/pmiserv_publish.c,271,129,0.476,680,47,0.069,13,10,0.769,0,5.0,34.6923076923077,2.61538461538462,3,1,63,9,13,60,3,15,0,0,76,42.9,3.3,76
src/pm/hydra/mpiexec/pmiserv_spawn.c,190,154,0.8109999999999999,374,80,0.214,7,6,0.857,0,5.42857142857143,43.4285714285714,2.85714285714286,6,1,96,3,7,45,6,15,0,0,32,25.9,3.7,32
src/pm/hydra/mpiexec/pmiserv_utils.c,297,233,0.785,2180,201,0.092,6,6,1.0,3,3.33333333333333,76.5,1.83333333333333,4,4,201,0,6,45,16,14,0,0,30,52.8,8.8,30
src/pm/hydra/mpiexec/uiu.c,212,62,0.292,299,12,0.04,7,5,0.7140000000000001,2,6.71428571428571,44.8571428571429,3.42857142857143,2,2,92,4,7,66,4,7,0,0,29,42.7,6.1,29
src/pm/hydra/nameserver/hydra_nameserver.c,195,0,0.0,670,0,0.0,12,0,0.0,0,4.58333333333333,24.6666666666667,1.75,0,4,137,12,12,30,0,11,0,0,29,43.2,3.6,29
src/pm/hydra/persist_server/persist_server.c,152,0,0.0,84,0,0.0,8,0,0.0,0,4.625,32.5,1.875,0,3,81,17,8,32,0,25,0,0,22,28.8,3.6,22
src/pm/hydra/proxy/pmip.c,127,99,0.78,280,70,0.25,5,4,0.8,4,3.72413793103448,20.0689655172414,1.31034482758621,3,12,146,68,29,135,36,19,0,0,27,22.0,4.4,27
src/pm/hydra/proxy/pmip_cb.c,618,413,0.6679999999999999,1507,281,0.186,18,16,0.889,2,7.44444444444444,59.1666666666667,2.5,3,1,317,3,18,167,3,123,0,0,88,122.4,6.8,88
src/pm/hydra/proxy/pmip_pg.c,133,111,0.835,154,78,0.506,19,15,0.789,3,2.0,10.4210526315789,1.15789473684211,1,9,25,1,19,74,9,14,0,0,23,39.9,2.1,23
src/pm/hydra/proxy/pmip_pmi.c,405,217,0.536,1038,178,0.171,21,16,0.762,1,3.28571428571429,33.4285714285714,1.95238095238095,3,2,66,9,21,148,6,28,0,0,113,71.39999999999999,3.4,113
src/pm/hydra/proxy/pmip_utils.c,355,269,0.758,422,70,0.166,45,33,0.733,1,2.84444444444444,13.9555555555556,1.93333333333333,1,30,67,3,45,146,30,21,0,0,42,78.2,1.7,42
src/pmi/include/pmix_abi_support.h,85,0,0.0,34,0,0.0,8,0,0.0,0,4.76470588235294,21.1176470588235,1.64705882352941,1,10,74,0,17,26,10,0,0,0,35,63.0,4.2,35
src/pmi/include/pmix_abi_support_bottom.h,66,0,0.0,120,0,0.0,2,0,0.0,0,11.5,35.0,1.0,1,1,44,0,2,6,1,0,0,0,8,24.0,12.0,8
src/pmi/mpl/include/mpl_gpu.h,10,0,0.0,0,0,,4,0,0.0,0,2,'1.40540540540541',2,0,37,'7',11,37,39,0,0,0,0,0,4.0,1.0,0
src/pmi/mpl/include/mpl_trmem.h,10,4,0.4,4,1,0.25,2,1,0.5,0,'2.14285714285714','2.14285714285714',3,0,21,'8',11,21,21,0,0,0,0,11,11.0,2.2,11
src/pmi/src/pmi_msg.c,510,235,0.461,346,116,0.335,57,29,0.509,3,3.29824561403509,14.140350877193,3.84210526315789,1,57,59,0,57,141,57,5,757,0,757,176.70000000000002,3.1,0
src/pmi/src/pmi_util.c,321,84,0.262,213,31,0.146,15,6,0.4,4,6.52941176470588,29.5294117647059,1.88235294117647,1,5,124,14,17,49,5,80,0,0,84,106.5,7.1,84
src/pmi/src/pmi_v1.c,435,241,0.5539999999999999,130,58,0.446,26,20,0.769,0,4.44,24.08,1.84,4,6,113,9,25,150,24,161,0,0,131,89.1,3.3,131
src/pmi/src/pmi_v2.c,299,0,0.0,128,0,0.0,22,0,0.0,0,4.22727272727273,26.5909090909091,3.18181818181818,4,3,96,4,22,143,12,90,0,0,123,61.6,2.8,123
src/pmi/src/pmi_wire.c,792,492,0.621,718,318,0.4429999999999999,39,31,0.795,4,2.95238095238095,30.3333333333333,3.02380952380952,1,2,99,13,42,193,2,79,838,0,838,218.4,5.6,0
src/pmi/src/pmix.c,272,0,0.0,128,0,0.0,19,0,0.0,0,5.10526315789474,25.9473684210526,2.68421052631579,4,7,96,5,19,94,28,29,659,0,659,74.1,3.9,0
src/util/mpir_assert.c,19,0,0.0,0,0,,2,0,0.0,0,2.0,20.0,4.0,0,2,27,0,2,2,0,11,0,0,6,2.0,1.0,6
src/util/mpir_async_things.c,62,20,0.3229999999999999,92,11,0.12,4,2,0.5,0,2.28571428571429,15.0,2.14285714285714,1,3,26,9,7,33,3,5,0,0,9,14.0,3.5,9
src/util/mpir_cvars.c,9141,7391,0.809,8726,2745,0.315,3,2,0.667,3,394.0,4888.33333333333,1.0,0,2,14572,461,3,491,0,31,0,0,2455,1526.1,508.7,2455
src/util/mpir_handlemem.c,31,12,0.387,20,2,0.1,3,2,0.667,0,2.0,14.3333333333333,1.33333333333333,0,2,24,1,3,5,0,77,0,0,5,20.8,5.2,5
src/util/mpir_hwtopo.c,372,32,0.086,210,5,0.024,30,6,0.2,0,4.08695652173913,21.7391304347826,1.60869565217391,0,7,87,1,23,52,0,44,0,0,6,159.0,5.3,6
src/util/mpir_localproc.c,94,88,0.936,134,59,0.44,4,4,1.0,0,6.5,51.25,3.5,0,4,99,0,4,4,0,70,0,0,20,22.0,5.5,20
src/util/mpir_nettopo.c,63,15,0.238,8,0,0.0,15,5,0.3329999999999999,0,2.73333333333333,13.2666666666667,1.33333333333333,1,15,21,0,15,16,15,18,0,0,0,44.8,2.8,0
src/util/mpir_nodemap.c,222,124,0.5589999999999999,256,74,0.289,13,9,0.6920000000000001,1,5.30769230769231,27.1538461538462,2.07692307692308,3,3,65,2,13,39,9,103,0,0,43,54.6,4.2,43
src/util/mpir_pmi.c,509,370,0.727,384,134,0.349,40,31,0.775,1,4.26315789473684,20.9210526315789,2.44736842105263,2,16,80,10,38,84,32,93,0,0,171,132.0,3.3,171
src/util/mpir_progress_hook.c,55,47,0.855,44,24,0.545,5,5,1.0,1,4.0,19.8,1.6,0,1,33,4,5,16,0,20,0,0,9,12.0,2.4,9
src/util/mpir_strerror.c,3,0,0.0,0,0,,1,0,0.0,1,2.0,9.0,3.0,0,1,9,0,1,1,0,5,0,0,1,2.0,2.0,1
test/mpi/attr/attr2type.c,51,41,0.804,14,7,0.5,5,5,1.0,0,'3.4','16.6','2.8',0,1,'42',5,5,22,0,6,0,0,17,12.0,2.4,17
test/mpi/attr/attrdelete.c,28,28,1.0,0,0,,3,3,1.0,0,2,'12.6666666666667','2.33333333333333',0,1,'24',3,3,10,0,7,39,0,39,3.0,1.0,0
test/mpi/attr/attrdeleteget.c,27,20,0.741,4,2,0.5,2,2,1.0,7,3,18,3,0,1,'22',2,2,6,0,7,32,0,32,4.0,2.0,0
test/mpi/attr/attrend2.c,67,44,0.657,30,21,0.7,2,2,1.0,0,'9.5',49,3,0,1,'62',3,2,8,0,24,0,0,11,19.0,9.5,11
test/mpi/attr/attrend.c,35,25,0.7140000000000001,10,6,0.6,2,2,1.0,0,'4.5','25.5',3,0,1,'41',3,2,8,0,17,0,0,11,7.0,3.5,11
test/mpi/attr/attrerr.c,61,41,0.672,16,9,0.562,5,4,0.8,0,'3.6','18.2',3,0,1,'63',1,5,11,0,25,0,0,13,15.0,3.0,13
test/mpi/attr/attrerrcomm.c,70,42,0.6,20,10,0.5,5,4,0.8,0,4,'20.2',3,0,1,'73',1,5,11,0,25,0,0,16,17.0,3.4,16
test/mpi/attr/attrerrtype.c,68,44,0.647,20,11,0.55,5,4,0.8,0,4,'19.8',3,0,1,'70',2,5,13,0,25,0,0,14,17.0,3.4,14
test/mpi/attr/attric.c,76,58,0.763,12,8,0.667,4,4,1.0,0,'3.75','30.25','3.25',0,1,'91',0,4,7,0,27,0,0,20,12.8,3.2,20
test/mpi/attr/attrorder.c,68,60,0.882,14,11,0.7859999999999999,3,3,1.0,0,'4.33333333333333','32.3333333333333',3,1,1,'64',0,3,8,1,11,0,0,10,9.9,3.3,10
test/mpi/attr/attrordercomm.c,68,60,0.882,14,11,0.7859999999999999,3,3,1.0,0,'4.33333333333333','32.3333333333333',3,1,1,'64',0,3,8,1,11,0,0,10,9.9,3.3,10
test/mpi/attr/attrordertype.c,68,60,0.882,14,11,0.7859999999999999,3,3,1.0,0,'4.33333333333333','32.6666666666667',3,1,1,'65',0,3,8,1,11,0,0,10,9.9,3.3,10
test/mpi/attr/attrt.c,155,102,0.6579999999999999,38,22,0.579,4,4,1.0,0,'7.75',71,'3.25',1,1,'255',0,4,8,1,38,0,0,24,40.8,10.2,24
test/mpi/attr/baseattr2.c,116,51,0.44,50,24,0.48,2,1,0.5,0,'12.5','74.5',2,0,1,'139',0,2,3,0,10,0,0,25,29.0,14.5,25
test/mpi/attr/baseattrcomm.c,77,41,0.532,36,17,0.472,1,1,1.0,0,16,103,2,0,1,'103',0,1,1,0,15,0,0,14,21.0,21.0,14
test/mpi/attr/fkeyval.c,49,40,0.816,18,15,0.833,3,3,1.0,0,'4.66666666666667','26.3333333333333',4,1,1,'62',0,3,6,1,27,40,0,40,12.0,4.0,0
test/mpi/attr/fkeyvalcomm.c,49,40,0.816,18,15,0.833,3,3,1.0,0,'4.66666666666667','26.3333333333333',4,1,1,'62',0,3,6,1,27,40,0,40,12.0,4.0,0
test/mpi/attr/fkeyvaltype.c,84,60,0.7140000000000001,20,14,0.7,3,3,1.0,0,'5.33333333333333','39.3333333333333',4,1,1,'101',0,3,6,1,22,0,0,10,12.9,4.3,10
test/mpi/attr/keyval_double_free.c,20,20,1.0,0,0,,2,2,1.0,0,2,'13.5',3,0,1,'22',0,2,3,0,5,32,0,32,2.0,1.0,0
test/mpi/attr/keyval_double_free_comm.c,20,20,1.0,0,0,,2,2,1.0,0,2,'13.5',3,0,1,'22',0,2,3,0,5,32,0,32,2.0,1.0,0
test/mpi/attr/keyval_double_free_type.c,23,23,1.0,0,0,,2,2,1.0,0,2,'14.5',3,0,1,'24',0,2,3,0,5,34,0,34,2.0,1.0,0
test/mpi/attr/keyval_double_free_win.c,27,27,1.0,0,0,,2,2,1.0,0,2,17,3,0,1,'29',0,2,3,0,5,38,0,38,2.0,1.0,0
test/mpi/coll/allgather2.c,32,27,0.8440000000000001,14,11,0.7859999999999999,1,1,1.0,0,9.0,41.0,2.0,2,1,41,0,1,4,2,6,0,0,9,8.0,8.0,9
test/mpi/coll/allgather3.c,35,30,0.857,14,11,0.7859999999999999,1,1,1.0,0,9.0,46.0,2.0,2,1,46,0,1,4,2,8,0,0,11,8.0,8.0,11
test/mpi/coll/allgather_struct.c,39,38,0.974,12,10,0.833,1,1,1.0,0,7.0,56.0,2.0,2,1,56,2,1,5,2,10,37,0,37,7.0,7.0,0
test/mpi/coll/allgatherv2.c,42,37,0.8809999999999999,16,13,0.812,1,1,1.0,0,10.0,52.0,2.0,3,1,52,0,1,6,3,8,0,0,13,9.0,9.0,13
test/mpi/coll/allgatherv3.c,43,38,0.884,16,13,0.812,1,1,1.0,0,10.0,52.0,2.0,3,1,52,0,1,6,3,8,0,0,15,9.0,9.0,15
test/mpi/coll/allgatherv4.c,154,133,0.8640000000000001,80,62,0.775,3,3,1.0,41,13.6666666666667,66.3333333333333,2.33333333333333,1,1,83,5,3,18,1,17,0,0,79,44.1,14.7,79
test/mpi/coll/allred2.c,58,53,0.914,18,15,0.833,4,4,1.0,0,4.25,18.75,2.75,4,1,39,0,4,18,4,7,0,0,12,12.8,3.2,12
test/mpi/coll/allred3.c,134,118,0.8809999999999999,66,49,0.742,4,4,1.0,0,8.0,41.75,2.5,2,1,58,3,4,21,2,29,61,0,61,28.0,7.0,0
test/mpi/coll/allred4.c,136,121,0.89,46,38,0.826,4,4,1.0,0,8.0,46.25,3.25,3,1,80,0,4,13,3,44,0,0,26,28.0,7.0,26
test/mpi/coll/allred5.c,34,28,0.8240000000000001,14,11,0.7859999999999999,1,1,1.0,95,8.0,42.0,2.0,1,1,42,1,1,3,1,11,0,0,12,8.0,8.0,12
test/mpi/coll/allred6.c,42,37,0.8809999999999999,16,13,0.812,2,2,1.0,0,6.0,26.0,3.0,3,1,44,0,2,7,3,13,0,0,9,10.0,5.0,9
test/mpi/coll/allred.c,407,356,0.875,165,101,0.612,44,42,0.955,0,3.38636363636364,12.0681818181818,3.11363636363636,2,1,108,23,44,245,2,24,0,0,122,123.2,2.8,122
test/mpi/coll/allred_derived.c,83,73,0.88,26,21,0.8079999999999999,4,4,1.0,0,5.25,26.0,3.0,2,1,58,3,4,23,2,12,47,0,47,16.8,4.2,0
test/mpi/coll/allred_float.c,53,44,0.83,26,22,0.846,2,2,1.0,22,8.5,35.0,2.5,2,1,53,1,2,8,2,19,38,0,38,15.0,7.5,0
test/mpi/coll/allredmany.c,12,12,1.0,2,2,1.0,1,1,1.0,0,3.0,17.0,2.0,0,1,17,0,1,1,0,8,26,0,26,2.0,2.0,0
test/mpi/coll/alltoall1.c,81,61,0.753,36,28,0.778,1,1,1.0,0,19.0,106.0,2.0,3,1,106,0,1,5,3,16,0,0,14,20.0,20.0,14
test/mpi/coll/alltoallv0.c,86,67,0.779,36,23,0.639,1,1,1.0,0,16.0,111.0,2.0,5,1,111,0,1,12,5,19,0,0,22,19.0,19.0,22
test/mpi/coll/alltoallv.c,87,70,0.805,40,31,0.775,1,1,1.0,0,18.0,110.0,2.0,4,1,110,0,1,10,4,20,0,0,21,22.0,22.0,21
test/mpi/coll/alltoallw1.c,147,133,0.905,42,34,0.81,4,4,1.0,0,7.25,56.5,3.75,4,1,88,0,4,17,4,59,0,0,30,24.8,6.2,30
test/mpi/coll/alltoallw2.c,130,110,0.846,56,42,0.75,3,3,1.0,0,5.0,30.6666666666667,1.66666666666667,4,1,69,0,3,18,4,24,0,0,25,32.099999999999994,10.7,25
test/mpi/coll/alltoallw_zeros.c,66,64,0.97,30,18,0.6,1,1,1.0,0,13.0,97.0,2.0,4,1,97,0,1,9,4,14,49,0,49,18.0,18.0,0
test/mpi/coll/bcast.c,66,60,0.909,22,20,0.909,2,2,1.0,0,7.5,52.5,4.0,4,1,87,0,2,9,4,14,0,0,22,14.0,7.0,22
test/mpi/coll/bcasttest.c,50,31,0.62,28,14,0.5,1,1,1.0,0,16.0,71.0,2.0,3,1,71,0,1,4,3,4,0,0,16,18.0,18.0,16
test/mpi/coll/bcastzerotype.c,26,26,1.0,10,7,0.7,1,1,1.0,0,4.0,41.0,2.0,1,1,41,0,1,2,1,9,35,0,35,3.0,3.0,0
test/mpi/coll/coll2.c,37,32,0.865,18,14,0.778,1,1,1.0,0,10.0,55.0,2.0,1,1,55,0,1,2,1,12,0,0,5,10.0,10.0,5
test/mpi/coll/coll4.c,33,29,0.879,14,11,0.7859999999999999,1,1,1.0,0,9.0,47.0,2.0,1,1,47,0,1,3,1,8,30,0,30,8.0,8.0,0
test/mpi/coll/coll5.c,32,30,0.938,14,11,0.7859999999999999,1,1,1.0,0,9.0,45.0,2.0,2,1,45,0,1,3,2,9,27,0,27,8.0,8.0,0
test/mpi/coll/coll6.c,56,42,0.75,30,19,0.633,1,1,1.0,0,16.0,80.0,2.0,2,1,80,0,1,3,2,15,0,0,8,16.0,16.0,8
test/mpi/coll/coll7.c,34,29,0.853,14,10,0.7140000000000001,1,1,1.0,0,9.0,51.0,2.0,1,1,51,0,1,2,1,12,0,0,5,8.0,8.0,5
test/mpi/coll/coll8.c,28,25,0.893,8,5,0.625,1,1,1.0,0,6.0,35.0,2.0,1,1,35,0,1,2,1,4,32,0,32,5.0,5.0,0
test/mpi/coll/coll9.c,28,27,0.964,6,5,0.833,2,2,1.0,0,3.5,16.5,3.0,1,1,27,0,2,4,1,4,30,0,30,5.0,2.5,0
test/mpi/coll/coll10.c,31,25,0.8059999999999999,6,4,0.667,2,2,1.0,0,3.5,18.5,3.0,1,1,24,0,2,5,1,10,0,0,5,5.0,2.5,5
test/mpi/coll/coll12.c,43,37,0.86,24,22,0.917,1,1,1.0,0,14.0,67.0,2.0,1,1,67,0,1,2,1,14,31,0,31,13.0,13.0,0
test/mpi/coll/coll13.c,41,25,0.61,12,5,0.417,1,1,1.0,0,8.0,58.0,2.0,1,1,58,0,1,2,1,11,0,0,15,7.0,7.0,15
test/mpi/coll/coll_large.c,484,438,0.905,198,163,0.823,21,21,1.0,109,6.0,28.8571428571429,3.76190476190476,3,1,81,5,21,156,3,9,210,0,210,102.9,4.9,0
test/mpi/coll/exscan2.c,25,19,0.76,6,4,0.667,1,1,1.0,0,5.0,39.0,2.0,3,1,39,0,1,5,3,14,0,0,8,4.0,4.0,8
test/mpi/coll/exscan.c,58,46,0.7929999999999999,26,20,0.769,1,1,1.0,0,15.0,82.0,2.0,3,1,82,0,1,5,3,14,0,0,11,15.0,15.0,11
test/mpi/coll/gather2.c,57,52,0.912,26,23,0.885,1,1,1.0,0,15.0,71.0,2.0,2,1,71,0,1,4,2,7,0,0,11,14.0,14.0,11
test/mpi/coll/gather.c,46,41,0.8909999999999999,20,17,0.85,1,1,1.0,0,12.0,59.0,2.0,2,1,59,0,1,4,2,7,0,0,11,11.0,11.0,11
test/mpi/coll/gatherv.c,55,42,0.764,32,22,0.688,1,1,1.0,0,17.0,79.0,2.0,2,1,79,0,1,3,2,17,0,0,8,17.0,17.0,8
test/mpi/coll/iallred.c,16,16,1.0,6,3,0.5,1,1,1.0,0,2.0,20.0,2.0,1,1,20,0,1,2,1,4,31,0,31,1.0,1.0,0
test/mpi/coll/ibarrier.c,13,13,1.0,2,2,1.0,1,1,1.0,0,3.0,17.0,2.0,1,1,17,0,1,2,1,7,27,0,27,2.0,2.0,0
test/mpi/coll/icallgather.c,73,56,0.767,42,35,0.833,1,1,1.0,0,23.0,90.0,2.0,4,1,90,0,1,7,4,13,56,0,56,22.0,22.0,0
test/mpi/coll/icallgatherv.c,89,72,0.809,46,39,0.848,1,1,1.0,0,25.0,106.0,2.0,4,1,106,0,1,8,4,13,60,0,60,24.0,24.0,0
test/mpi/coll/icallreduce.c,55,42,0.764,30,23,0.767,1,1,1.0,0,17.0,70.0,2.0,4,1,70,0,1,6,4,13,0,0,13,16.0,16.0,13
test/mpi/coll/icalltoall.c,57,47,0.825,26,21,0.8079999999999999,1,1,1.0,0,15.0,67.0,2.0,4,1,67,0,1,6,4,10,0,0,13,14.0,14.0,13
test/mpi/coll/icalltoallv.c,62,52,0.8390000000000001,28,21,0.75,1,1,1.0,0,11.0,76.0,2.0,4,1,76,0,1,10,4,17,0,0,21,15.0,15.0,21
test/mpi/coll/icalltoallw.c,69,59,0.855,32,23,0.7190000000000001,1,1,1.0,0,11.0,85.0,2.0,4,1,85,0,1,12,4,19,0,0,21,17.0,17.0,21
test/mpi/coll/icbarrier.c,25,19,0.76,10,8,0.8,1,1,1.0,0,7.0,36.0,2.0,3,1,36,0,1,4,3,15,48,0,48,6.0,6.0,0
test/mpi/coll/icbcast.c,54,44,0.815,30,26,0.867,1,1,1.0,0,17.0,71.0,2.0,4,1,71,0,1,6,4,14,51,0,51,17.0,17.0,0
test/mpi/coll/icgather.c,54,44,0.815,26,22,0.846,1,1,1.0,0,15.0,69.0,2.0,4,1,69,0,1,6,4,14,54,0,54,15.0,15.0,0
test/mpi/coll/icgatherv.c,64,54,0.8440000000000001,28,24,0.857,1,1,1.0,0,16.0,83.0,2.0,5,1,83,0,1,7,5,16,58,0,58,16.0,16.0,0
test/mpi/coll/icreduce.c,60,48,0.8,30,25,0.833,1,1,1.0,0,17.0,77.0,2.0,4,1,77,0,1,6,4,14,54,0,54,17.0,17.0,0
test/mpi/coll/icscatter.c,64,49,0.7659999999999999,34,26,0.765,1,1,1.0,0,19.0,80.0,2.0,4,1,80,0,1,6,4,14,0,0,13,19.0,19.0,13
test/mpi/coll/icscatterv.c,74,59,0.797,36,28,0.778,1,1,1.0,0,20.0,90.0,2.0,5,1,90,0,1,7,5,14,0,0,17,20.0,20.0,17
test/mpi/coll/longuser.c,43,36,0.8370000000000001,16,11,0.688,2,2,1.0,0,5.5,26.0,3.0,1,1,45,0,2,4,1,10,0,0,12,12.0,6.0,12
test/mpi/coll/neighb_allgather.c,23,23,1.0,20,8,0.4,1,1,1.0,0,4.0,39.0,2.0,2,1,39,0,1,3,2,8,0,0,6,4.0,4.0,6
test/mpi/coll/neighb_allgatherv.c,25,25,1.0,20,8,0.4,1,1,1.0,0,4.0,42.0,2.0,3,1,42,0,1,5,3,8,0,0,6,4.0,4.0,6
test/mpi/coll/neighb_alltoall.c,24,24,1.0,20,8,0.4,1,1,1.0,0,4.0,41.0,2.0,2,1,41,0,1,3,2,8,0,0,6,4.0,4.0,6
test/mpi/coll/neighb_alltoallv.c,29,29,1.0,20,8,0.4,1,1,1.0,0,4.0,46.0,2.0,4,1,46,0,1,7,4,8,0,0,6,4.0,4.0,6
test/mpi/coll/neighb_alltoallw2.c,25,19,0.76,4,2,0.5,1,1,1.0,0,5.0,60.0,2.0,4,1,60,0,1,9,4,9,31,0,31,3.0,3.0,0
test/mpi/coll/neighb_alltoallw.c,31,31,1.0,20,8,0.4,1,1,1.0,0,4.0,48.0,2.0,4,1,48,0,1,9,4,8,0,0,6,4.0,4.0,6
test/mpi/coll/nonblocking2.c,364,364,1.0,284,202,0.711,3,3,1.0,20,31.0,147.666666666667,4.0,2,1,374,10,3,28,2,37,0,0,48,90.0,30.0,48
test/mpi/coll/nonblocking3.c,578,555,0.96,437,323,0.7390000000000001,7,7,1.0,0,27.8571428571429,112.428571428571,2.57142857142857,5,1,281,11,7,58,5,66,0,0,78,193.2,27.6,78
test/mpi/coll/nonblocking.c,134,134,1.0,40,26,0.65,1,1,1.0,0,15.0,184.0,2.0,5,1,184,0,1,9,5,10,0,0,25,14.0,14.0,25
test/mpi/coll/op_coll.c,221,213,0.964,126,106,0.841,3,3,1.0,54,17.6666666666667,87.3333333333333,2.33333333333333,2,1,218,7,3,21,2,21,0,0,76,50.1,16.7,76
test/mpi/coll/op_commutative.c,44,28,0.636,34,14,0.412,2,1,0.5,0,4.0,36.0,3.0,0,1,56,1,2,5,0,24,43,0,43,7.0,3.5,0
test/mpi/coll/opband.c,284,164,0.5770000000000001,120,60,0.5,1,1,1.0,0,53.0,339.0,2.0,2,1,339,0,1,4,2,24,0,0,49,73.0,73.0,49
test/mpi/coll/opbor.c,311,179,0.5760000000000001,132,66,0.5,1,1,1.0,0,58.0,370.0,2.0,2,1,370,0,1,4,2,25,0,0,54,80.0,80.0,54
test/mpi/coll/opbxor.c,311,179,0.5760000000000001,110,66,0.6,1,1,1.0,0,58.0,370.0,2.0,2,1,370,0,1,4,2,25,0,0,54,91.0,91.0,54
test/mpi/coll/opland.c,123,75,0.61,48,24,0.5,1,1,1.0,0,23.0,153.0,2.0,2,1,153,0,1,4,2,18,0,0,19,27.0,27.0,19
test/mpi/coll/oplor.c,122,74,0.607,48,24,0.5,1,1,1.0,0,23.0,156.0,2.0,3,1,156,0,1,5,3,21,0,0,19,27.0,27.0,19
test/mpi/coll/oplxor.c,125,77,0.616,48,24,0.5,1,1,1.0,0,23.0,155.0,2.0,2,1,155,0,1,4,2,18,0,0,19,27.0,27.0,19
test/mpi/coll/opmax.c,129,84,0.6509999999999999,46,28,0.609,1,1,1.0,0,24.0,160.0,2.0,2,1,160,0,1,4,2,17,0,0,16,28.0,28.0,16
test/mpi/coll/opmaxloc.c,235,141,0.6,84,48,0.5710000000000001,1,1,1.0,0,35.0,304.0,2.0,2,1,304,0,1,4,2,22,0,0,25,45.0,45.0,25
test/mpi/coll/opmin.c,129,84,0.6509999999999999,40,25,0.625,1,1,1.0,0,24.0,160.0,2.0,2,1,160,0,1,4,2,17,0,0,16,25.0,25.0,16
test/mpi/coll/opminloc.c,186,132,0.71,84,42,0.5,1,1,1.0,0,27.0,243.0,2.0,2,1,243,0,1,4,2,21,0,0,19,45.0,45.0,19
test/mpi/coll/opprod.c,133,86,0.647,72,52,0.722,1,1,1.0,1,44.0,293.0,2.0,2,1,293,2,1,6,2,27,0,0,19,72.0,72.0,19
test/mpi/coll/opsum.c,130,85,0.654,58,34,0.586,1,1,1.0,0,35.0,241.0,2.0,3,1,241,0,1,6,3,22,0,0,20,53.0,53.0,20
test/mpi/coll/p_allgather.c,46,41,0.8909999999999999,16,11,0.688,1,1,1.0,0,8.0,61.0,2.0,3,1,61,0,1,6,3,9,0,0,13,7.0,7.0,13
test/mpi/coll/p_allgatherv.c,59,54,0.915,22,15,0.682,1,1,1.0,0,9.0,75.0,2.0,4,1,75,0,1,8,4,14,0,0,19,8.0,8.0,19
test/mpi/coll/p_allred.c,44,39,0.8859999999999999,14,9,0.643,1,1,1.0,0,7.0,58.0,2.0,4,1,58,0,1,7,4,8,0,0,13,6.0,6.0,13
test/mpi/coll/p_alltoall.c,48,43,0.8959999999999999,16,11,0.688,1,1,1.0,0,8.0,62.0,2.0,4,1,62,0,1,7,4,14,0,0,13,7.0,7.0,13
test/mpi/coll/p_alltoallv.c,95,76,0.8,38,25,0.6579999999999999,1,1,1.0,0,17.0,123.0,2.0,6,1,123,0,1,13,6,19,0,0,22,20.0,20.0,22
test/mpi/coll/p_alltoallw.c,156,142,0.91,44,36,0.818,4,4,1.0,0,7.5,58.5,3.75,5,1,88,0,4,18,5,57,0,0,30,26.0,6.5,30
test/mpi/coll/p_barrier.c,17,17,1.0,2,2,1.0,1,1,1.0,0,3.0,20.0,2.0,2,1,20,0,1,3,2,4,30,0,30,2.0,2.0,0
test/mpi/coll/p_bcast2.c,56,50,0.893,26,19,0.731,1,1,1.0,0,12.0,69.0,2.0,5,1,69,0,1,6,5,9,0,0,13,11.0,11.0,13
test/mpi/coll/p_bcast.c,47,42,0.894,18,14,0.778,1,1,1.0,0,10.0,60.0,2.0,4,1,60,0,1,6,4,9,0,0,10,9.0,9.0,10
test/mpi/coll/p_exscan.c,35,28,0.8,8,6,0.75,1,1,1.0,0,6.0,52.0,2.0,3,1,52,0,1,6,3,14,0,0,8,5.0,5.0,8
test/mpi/coll/p_gather.c,60,55,0.917,24,21,0.875,1,1,1.0,0,14.0,76.0,2.0,3,1,76,0,1,5,3,7,0,0,11,13.0,13.0,11
test/mpi/coll/p_gatherv.c,74,58,0.784,40,29,0.725,1,1,1.0,0,21.0,103.0,2.0,2,1,103,0,1,3,2,17,0,0,9,21.0,21.0,9
test/mpi/coll/p_inactive.c,47,37,0.787,10,5,0.5,3,3,1.0,0,3.66666666666667,21.0,1.33333333333333,2,1,30,0,3,8,2,8,36,0,36,8.100000000000001,2.7,0
test/mpi/coll/p_neighb_allgather.c,32,32,1.0,22,10,0.455,1,1,1.0,0,5.0,49.0,2.0,2,1,49,0,1,4,2,8,0,0,6,5.0,5.0,6
test/mpi/coll/p_neighb_allgatherv.c,35,35,1.0,22,10,0.455,1,1,1.0,0,5.0,52.0,2.0,3,1,52,0,1,6,3,8,0,0,6,5.0,5.0,6
test/mpi/coll/p_neighb_alltoall.c,33,33,1.0,22,10,0.455,1,1,1.0,0,5.0,50.0,2.0,2,1,50,0,1,4,2,8,0,0,6,5.0,5.0,6
test/mpi/coll/p_neighb_alltoallv.c,38,38,1.0,22,10,0.455,1,1,1.0,0,5.0,55.0,2.0,4,1,55,0,1,8,4,8,0,0,6,5.0,5.0,6
test/mpi/coll/p_neighb_alltoallw.c,40,40,1.0,22,10,0.455,1,1,1.0,0,5.0,57.0,2.0,4,1,57,0,1,10,4,8,0,0,6,5.0,5.0,6
test/mpi/coll/p_order.c,30,25,0.833,6,4,0.667,1,1,1.0,0,5.0,41.0,2.0,2,1,41,0,1,3,2,7,0,0,3,4.0,4.0,3
test/mpi/coll/p_red.c,47,42,0.894,16,11,0.688,1,1,1.0,0,8.0,59.0,2.0,4,1,59,0,1,7,4,15,0,0,13,7.0,7.0,13
test/mpi/coll/p_red_scat_block.c,54,42,0.778,16,12,0.75,1,1,1.0,0,9.0,73.0,2.0,3,1,73,0,1,6,3,14,0,0,6,10.0,10.0,6
test/mpi/coll/p_redscat.c,36,32,0.889,8,7,0.875,1,1,1.0,0,6.0,49.0,2.0,4,1,49,0,1,7,4,13,0,0,12,5.0,5.0,12
test/mpi/coll/p_scan.c,97,77,0.794,28,22,0.7859999999999999,3,3,1.0,0,6.66666666666667,38.6666666666667,3.33333333333333,2,1,97,0,3,9,2,11,0,0,9,17.1,5.7,9
test/mpi/coll/p_scatter.c,49,46,0.939,14,13,0.929,1,1,1.0,0,9.0,60.0,2.0,2,1,60,0,1,3,2,5,42,0,42,8.0,8.0,0
test/mpi/coll/p_scatterv.c,131,115,0.878,50,41,0.82,3,3,1.0,0,9.33333333333333,56.3333333333333,5.66666666666667,4,1,114,0,3,12,4,27,0,0,23,27.9,9.3,23
test/mpi/coll/red3.c,102,96,0.941,46,42,0.913,4,4,1.0,1,7.75,34.0,2.5,3,1,68,1,4,18,3,31,50,0,50,33.0,6.6,0
test/mpi/coll/red4.c,136,113,0.831,64,54,0.8440000000000001,4,4,1.0,0,10.0,43.75,2.5,3,1,71,1,4,18,3,66,58,0,58,36.0,9.0,0
test/mpi/coll/red_scat_block2.c,72,67,0.931,28,23,0.821,4,4,1.0,20,5.5,23.75,3.5,2,1,61,1,4,13,2,17,38,0,38,19.2,4.8,0
test/mpi/coll/red_scat_block.c,40,28,0.7,12,8,0.667,1,1,1.0,0,7.0,55.0,2.0,3,1,55,0,1,5,3,14,0,0,6,8.0,8.0,6
test/mpi/coll/redscat2.c,76,71,0.934,30,25,0.833,4,4,1.0,0,5.75,23.75,3.5,3,1,61,1,4,14,3,16,40,0,40,19.2,4.8,0
test/mpi/coll/redscat3.c,65,43,0.662,26,17,0.654,1,1,1.0,0,15.0,81.0,2.0,4,1,81,0,1,6,4,16,0,0,17,15.0,15.0,17
test/mpi/coll/redscat.c,27,23,0.852,6,5,0.833,1,1,1.0,0,5.0,36.0,2.0,4,1,36,0,1,6,4,13,0,0,12,4.0,4.0,12
test/mpi/coll/redscatbkinter.c,54,41,0.759,18,13,0.722,1,1,1.0,0,12.0,79.0,2.0,3,1,79,0,1,5,3,15,0,0,15,13.0,13.0,15
test/mpi/coll/redscatblk3.c,53,35,0.66,20,12,0.6,1,1,1.0,0,12.0,68.0,2.0,3,1,68,0,1,5,3,15,0,0,16,11.0,11.0,16
test/mpi/coll/redscatinter.c,63,47,0.746,22,16,0.727,1,1,1.0,0,14.0,89.0,2.0,4,1,89,0,1,6,4,15,0,0,18,15.0,15.0,18
test/mpi/coll/reduce.c,87,79,0.908,30,26,0.867,5,5,1.0,0,5.0,22.0,2.6,4,1,68,0,5,20,4,10,0,0,19,20.0,4.0,19
test/mpi/coll/reduce_local.c,56,45,0.804,30,22,0.733,2,2,1.0,0,8.0,35.5,3.0,2,1,55,1,2,7,2,10,33,0,33,17.0,8.5,0
test/mpi/coll/ring_neighbor_alltoall.c,26,20,0.769,6,3,0.5,1,1,1.0,0,4.0,34.0,2.0,2,1,34,0,1,4,2,7,0,0,6,4.0,4.0,6
test/mpi/coll/scantst.c,68,48,0.706,18,12,0.667,3,3,1.0,0,5.0,28.0,3.33333333333333,1,1,65,0,3,8,1,11,0,0,9,12.0,4.0,9
test/mpi/coll/scatter2.c,46,38,0.826,14,12,0.857,1,1,1.0,0,9.0,57.0,2.0,2,1,57,0,1,3,2,9,38,0,38,8.0,8.0,0
test/mpi/coll/scatter3.c,53,41,0.774,18,15,0.833,1,1,1.0,0,11.0,68.0,2.0,2,1,68,0,1,3,2,16,39,0,39,10.0,10.0,0
test/mpi/coll/scattern.c,35,32,0.914,10,9,0.9,1,1,1.0,0,7.0,41.0,2.0,2,1,41,0,1,3,2,5,35,0,35,6.0,6.0,0
test/mpi/coll/scatterv.c,116,100,0.862,46,37,0.804,3,3,1.0,0,8.66666666666667,49.6666666666667,5.66666666666667,4,1,94,0,3,12,4,27,0,0,23,26.1,8.7,23
test/mpi/coll/uoplong.c,72,54,0.75,32,19,0.594,2,2,1.0,0,8.5,40.5,3.0,1,1,67,0,2,4,1,14,0,0,15,18.0,9.0,15
test/mpi/comm/cmfree2.c,28,23,0.821,6,4,0.667,1,1,1.0,0,5.0,36.0,2.0,0,1,36,0,1,1,0,8,0,0,5,4.0,4.0,5
test/mpi/comm/cmfree.c,72,61,0.847,32,27,0.8440000000000001,1,1,1.0,0,18.0,98.0,2.0,0,1,98,0,1,1,0,16,0,0,13,17.0,17.0,13
test/mpi/comm/cmsplit2.c,76,62,0.816,40,23,0.575,1,1,1.0,0,17.0,102.0,2.0,0,1,102,0,1,1,0,21,53,0,53,19.0,19.0,0
test/mpi/comm/cmsplit.c,30,23,0.767,10,7,0.7,1,1,1.0,0,7.0,39.0,2.0,0,1,39,0,1,1,0,8,0,0,7,6.0,6.0,7
test/mpi/comm/cmsplit_type.c,160,87,0.544,66,37,0.561,1,1,1.0,0,37.0,260.0,2.0,0,1,260,2,1,3,0,29,97,0,97,48.0,48.0,0
test/mpi/comm/comm_create_group.c,29,26,0.897,8,6,0.75,1,1,1.0,0,5.0,42.0,2.0,0,1,42,0,1,1,0,7,0,0,10,4.0,4.0,10
test/mpi/comm/comm_create_group_idup.c,28,25,0.893,4,3,0.75,1,1,1.0,0,4.0,39.0,2.0,0,1,39,0,1,1,0,6,0,0,6,3.0,3.0,6
test/mpi/comm/comm_group_half.c,23,23,1.0,2,2,1.0,1,1,1.0,0,3.0,30.0,2.0,0,1,30,0,1,1,0,4,32,0,32,2.0,2.0,0
test/mpi/comm/comm_group_rand.c,35,35,1.0,8,8,1.0,1,1,1.0,0,6.0,46.0,2.0,0,1,46,0,1,1,0,4,38,0,38,5.0,5.0,0
test/mpi/comm/comm_idup.c,69,66,0.957,22,15,0.682,1,1,1.0,0,9.0,102.0,2.0,0,1,102,0,1,1,0,19,0,0,9,9.0,9.0,9
test/mpi/comm/comm_idup_comm2.c,74,71,0.959,14,13,0.929,1,1,1.0,0,9.0,104.0,2.0,0,1,104,0,1,1,0,13,62,0,62,8.0,8.0,0
test/mpi/comm/comm_idup_comm.c,72,69,0.958,14,13,0.929,1,1,1.0,0,9.0,102.0,2.0,0,1,102,0,1,1,0,13,60,0,60,8.0,8.0,0
test/mpi/comm/comm_idup_iallreduce.c,129,119,0.922,32,24,0.75,1,1,1.0,0,18.0,179.0,2.0,0,1,179,0,1,1,0,34,102,0,102,18.0,18.0,0
test/mpi/comm/comm_idup_isend.c,79,74,0.937,30,27,0.9,1,1,1.0,0,17.0,92.0,2.0,0,1,92,0,1,1,0,4,53,0,53,16.0,16.0,0
test/mpi/comm/comm_idup_mul.c,14,14,1.0,4,4,1.0,1,1,1.0,0,4.0,21.0,2.0,0,1,21,0,1,1,0,7,27,0,27,3.0,3.0,0
test/mpi/comm/comm_idup_nb.c,139,130,0.935,62,55,0.887,1,1,1.0,0,33.0,167.0,2.0,0,1,167,0,1,1,0,13,77,0,77,32.0,32.0,0
test/mpi/comm/comm_idup_overlap.c,26,24,0.923,8,7,0.875,1,1,1.0,0,6.0,39.0,2.0,0,1,39,0,1,1,0,8,35,0,35,5.0,5.0,0
test/mpi/comm/comm_info2.c,60,60,1.0,10,5,0.5,1,1,1.0,0,7.0,88.0,2.0,0,1,88,0,1,1,0,20,59,0,59,6.0,6.0,0
test/mpi/comm/comm_info.c,27,24,0.889,2,1,0.5,1,1,1.0,0,3.0,43.0,2.0,0,1,43,0,1,1,0,7,36,0,36,2.0,2.0,0
test/mpi/comm/commcreate1.c,97,70,0.722,30,20,0.667,3,2,0.667,0,5.33333333333333,39.6666666666667,2.33333333333333,0,1,73,0,3,5,0,12,0,0,22,18.9,6.3,22
test/mpi/comm/commname.c,41,29,0.7070000000000001,12,8,0.667,1,1,1.0,0,8.0,53.0,2.0,0,1,53,0,1,1,0,6,40,0,40,8.0,8.0,0
test/mpi/comm/ctxalloc.c,38,22,0.579,16,9,0.562,1,1,1.0,0,10.0,47.0,2.0,0,1,47,0,1,1,0,10,0,0,10,9.0,9.0,10
test/mpi/comm/ctxsplit.c,41,32,0.78,16,12,0.75,1,1,1.0,0,9.0,56.0,2.0,0,1,56,0,1,1,0,12,0,0,15,9.0,9.0,15
test/mpi/comm/dup.c,52,32,0.615,16,9,0.562,1,1,1.0,0,9.0,65.0,2.0,0,1,65,0,1,1,0,7,0,0,14,9.0,9.0,14
test/mpi/comm/dup_with_info.c,75,55,0.733,16,10,0.625,2,2,1.0,0,5.5,47.5,1.5,0,1,57,0,2,3,0,9,0,0,18,10.0,5.0,18
test/mpi/comm/dupic.c,57,37,0.649,22,10,0.455,1,1,1.0,0,11.0,79.0,2.0,0,1,79,0,1,1,0,18,45,0,45,12.0,12.0,0
test/mpi/comm/ic1.c,39,30,0.769,8,5,0.625,1,1,1.0,0,6.0,64.0,2.0,0,1,64,0,1,1,0,13,42,0,42,6.0,6.0,0
test/mpi/comm/ic2.c,59,56,0.949,26,25,0.962,1,1,1.0,0,11.0,86.0,2.0,0,1,86,0,1,1,0,12,44,0,44,15.0,15.0,0
test/mpi/comm/iccreate.c,92,59,0.6409999999999999,36,21,0.583,1,1,1.0,0,20.0,126.0,2.0,0,1,126,0,1,1,0,17,0,0,18,19.0,19.0,18
test/mpi/comm/icgroup.c,28,22,0.7859999999999999,8,6,0.75,1,1,1.0,0,6.0,38.0,2.0,0,1,38,0,1,1,0,12,0,0,6,5.0,5.0,6
test/mpi/comm/icm.c,58,32,0.552,20,6,0.3,1,1,1.0,0,12.0,84.0,2.0,0,1,84,0,1,1,0,19,47,0,47,11.0,11.0,0
test/mpi/comm/icsplit.c,65,45,0.6920000000000001,25,17,0.68,1,1,1.0,0,13.0,99.0,2.0,0,1,99,0,1,1,0,32,47,0,47,12.0,12.0,0
test/mpi/comm/idup_with_info.c,99,79,0.7979999999999999,20,14,0.7,2,2,1.0,0,6.5,63.5,1.5,0,1,70,0,2,3,0,9,0,0,18,12.0,6.0,18
test/mpi/comm/inactive_reqs.c,28,28,1.0,2,1,0.5,1,1,1.0,0,2.0,48.0,2.0,0,1,48,0,1,1,0,7,40,0,40,2.0,2.0,0
test/mpi/comm/probe_intercomm.c,42,32,0.762,14,10,0.7140000000000001,1,1,1.0,0,9.0,53.0,2.0,0,1,53,0,1,1,0,8,0,0,14,8.0,8.0,14
test/mpi/datatype/blockindexed_misc.c,190,96,0.505,94,28,0.298,5,5,1.0,0,10.8,54.2,2.0,0,1,84,1,5,15,0,51,0,0,35,52.0,10.4,35
test/mpi/datatype/blockindexed_zero_count.c,58,31,0.534,28,7,0.25,3,3,1.0,0,6.0,30.0,1.66666666666667,0,1,52,1,3,8,0,27,0,0,15,17.1,5.7,15
test/mpi/datatype/concurrent_irecv.c,31,28,0.903,14,11,0.7859999999999999,1,1,1.0,0,9.0,42.0,2.0,0,1,42,2,1,3,0,4,33,0,33,8.0,8.0,0
test/mpi/datatype/contents.c,475,215,0.4529999999999999,350,99,0.283,8,7,0.875,0,24.1111111111111,82.4444444444444,1.22222222222222,1,1,188,1,9,28,1,70,0,0,107,231.3,25.7,107
test/mpi/datatype/contig_zero_count.c,58,31,0.534,28,7,0.25,3,3,1.0,0,6.0,30.0,1.66666666666667,0,1,52,1,3,8,0,27,0,0,15,17.1,5.7,15
test/mpi/datatype/contigstruct.c,21,21,1.0,2,2,1.0,1,1,1.0,0,3.0,27.0,2.0,0,1,27,0,1,1,0,10,30,0,30,2.0,2.0,0
test/mpi/datatype/cxx_types.c,14,14,1.0,4,1,0.25,1,1,1.0,0,2.0,31.0,2.0,0,1,31,0,1,1,0,10,0,0,10,1.0,1.0,10
test/mpi/datatype/darray_cyclic.c,174,131,0.753,52,36,0.6920000000000001,3,3,1.0,0,10.3333333333333,74.6666666666667,3.33333333333333,0,1,186,0,3,5,0,28,0,0,34,29.1,9.7,34
test/mpi/datatype/darray_pack.c,184,103,0.56,92,38,0.413,5,5,1.0,0,10.2,53.4,2.0,1,1,86,1,5,17,1,69,0,0,37,51.0,10.2,37
test/mpi/datatype/dataalign2.c,31,31,1.0,36,18,0.5,1,1,1.0,0,2.0,38.0,2.0,0,1,38,36,1,1,0,6,132,0,132,1.0,1.0,0
test/mpi/datatype/dataalign.c,68,53,0.779,12,7,0.583,1,1,1.0,0,8.0,91.0,2.0,1,1,91,0,1,2,1,9,0,0,32,7.0,7.0,32
test/mpi/datatype/gaddress.c,14,11,0.7859999999999999,2,1,0.5,1,1,1.0,0,3.0,19.0,2.0,0,1,19,0,1,1,0,7,27,0,27,2.0,2.0,0
test/mpi/datatype/get_elements.c,45,42,0.933,8,4,0.5,1,1,1.0,1,3.0,63.0,2.0,1,1,63,3,1,5,1,15,37,0,37,2.0,2.0,0
test/mpi/datatype/get_elements_pairtype.c,50,36,0.72,20,5,0.25,3,3,1.0,0,4.66666666666667,28.0,1.66666666666667,3,1,58,1,3,13,3,14,0,0,13,12.9,4.3,13
test/mpi/datatype/getpartelm.c,78,68,0.872,12,8,0.667,1,1,1.0,0,8.0,103.0,2.0,0,1,103,0,1,1,0,18,48,0,48,7.0,7.0,0
test/mpi/datatype/hindexed_block.c,198,104,0.525,96,30,0.312,5,5,1.0,0,2.6,10.0,2.0,0,2,29,1,5,9,0,39,0,0,6,54.0,10.8,6
test/mpi/datatype/hindexed_block_contents.c,33,33,1.0,32,10,0.312,1,1,1.0,0,4.0,42.0,2.0,1,1,42,0,1,2,1,8,0,0,13,3.0,3.0,13
test/mpi/datatype/hindexed_zeros.c,165,77,0.467,84,24,0.286,4,4,1.0,0,11.75,54.5,1.5,0,1,97,6,4,11,0,27,0,0,50,46.0,11.5,50
test/mpi/datatype/hvecblklen.c,61,49,0.8029999999999999,18,12,0.667,1,1,1.0,0,11.0,80.0,2.0,0,1,80,0,1,1,0,16,0,0,14,10.0,10.0,14
test/mpi/datatype/indexed_misc.c,433,326,0.753,309,126,0.408,9,9,1.0,0,10.1111111111111,65.1111111111111,1.55555555555556,0,1,172,1,9,26,0,71,0,0,94,99.9,11.1,94
test/mpi/datatype/indexed_misc_oldapi.c,433,326,0.753,309,126,0.408,9,9,1.0,0,10.1111111111111,65.1111111111111,1.55555555555556,0,1,172,1,9,26,0,73,0,0,94,99.9,11.1,94
test/mpi/datatype/large_count.c,159,159,1.0,242,67,0.2769999999999999,2,2,1.0,0,9.0,115.0,2.5,0,1,184,1,2,4,0,35,0,0,73,15.0,7.5,73
test/mpi/datatype/large_type.c,87,74,0.851,16,11,0.688,4,4,1.0,0,5.0,35.5,1.5,0,1,39,0,4,7,0,19,50,0,50,15.2,3.8,0
test/mpi/datatype/lbub.c,875,312,0.357,592,119,0.201,12,12,1.0,0,25.75,92.9166666666667,1.16666666666667,0,1,113,1,12,35,0,64,0,0,154,308.4,25.7,154
test/mpi/datatype/lbub_oldapi.c,1206,397,0.3289999999999999,836,169,0.2019999999999999,12,12,1.0,0,35.8333333333333,123.25,1.16666666666667,0,1,152,1,12,34,0,57,0,0,196,429.6,35.8,196
test/mpi/datatype/localpack.c,45,32,0.711,16,4,0.25,2,2,1.0,0,5.5,34.0,2.0,1,1,50,1,2,6,1,20,0,0,33,10.0,5.0,33
test/mpi/datatype/longdouble.c,27,17,0.63,8,4,0.5,1,1,1.0,0,8.0,41.0,2.0,0,1,41,0,1,1,0,14,32,0,32,9.0,9.0,0
test/mpi/datatype/lots_of_types.c,111,63,0.568,61,26,0.426,3,3,1.0,0,11.3333333333333,53.3333333333333,1.66666666666667,0,1,120,1,3,7,0,35,0,0,40,32.099999999999994,10.7,40
test/mpi/datatype/pack_external.c,128,71,0.555,65,47,0.723,7,5,0.7140000000000001,0,6.57142857142857,26.2857142857143,1.57142857142857,0,1,97,15,7,32,0,17,58,0,58,44.1,6.3,0
test/mpi/datatype/pairtype_size_extent.c,72,57,0.792,37,19,0.514,3,3,1.0,3,6.33333333333333,37.6666666666667,2.0,2,1,58,8,3,12,2,10,0,0,7,20.1,6.7,7
test/mpi/datatype/sendrecvt2.c,74,51,0.6890000000000001,30,20,0.667,1,1,1.0,0,17.0,91.0,2.0,0,1,91,0,1,1,0,13,0,0,13,16.0,16.0,13
test/mpi/datatype/sendrecvt4.c,104,69,0.6629999999999999,34,21,0.618,1,1,1.0,0,19.0,129.0,2.0,0,1,129,0,1,1,0,20,0,0,10,18.0,18.0,10
test/mpi/datatype/simple_commit.c,29,18,0.621,12,3,0.25,2,2,1.0,0,4.5,25.5,2.0,0,1,33,1,2,5,0,19,0,0,8,8.0,4.0,8
test/mpi/datatype/simple_pack.c,146,95,0.6509999999999999,71,25,0.352,5,5,1.0,0,8.6,43.8,1.4,1,1,91,1,5,15,1,45,0,0,31,42.0,8.4,31
test/mpi/datatype/simple_pack_external2.c,20,20,1.0,0,0,,1,1,1.0,0,2.0,30.0,1.0,0,1,30,1,1,2,0,4,33,0,33,1.0,1.0,0
test/mpi/datatype/simple_pack_external.c,220,140,0.636,99,35,0.354,6,6,1.0,0,7.83333333333333,51.3333333333333,1.33333333333333,1,1,96,1,6,19,1,43,0,0,33,57.0,9.5,33
test/mpi/datatype/simple_resized.c,61,33,0.541,28,7,0.25,3,3,1.0,0,6.0,32.3333333333333,1.66666666666667,0,1,59,1,3,8,0,27,0,0,14,17.1,5.7,14
test/mpi/datatype/simple_size_extent.c,87,30,0.345,44,11,0.25,2,2,1.0,0,12.5,60.0,2.0,2,1,102,1,2,7,2,19,0,0,12,24.0,12.0,12
test/mpi/datatype/simple_size_extent_oldapi.c,115,36,0.313,60,15,0.25,2,2,1.0,0,16.5,74.5,2.0,2,1,131,1,2,7,2,20,0,0,14,32.0,16.0,14
test/mpi/datatype/slice_pack.c,51,44,0.863,20,14,0.7,2,2,1.0,0,6.5,46.5,2.0,0,1,75,3,2,7,0,32,40,0,40,12.0,6.0,0
test/mpi/datatype/struct_derived_zeros.c,37,37,1.0,8,8,1.0,1,1,1.0,0,6.0,48.0,2.0,0,1,48,0,1,1,0,6,36,0,36,5.0,5.0,0
test/mpi/datatype/struct_empty_el.c,141,59,0.418,72,18,0.25,3,3,1.0,0,13.3333333333333,60.0,1.66666666666667,1,1,142,1,3,13,1,22,0,0,48,39.0,13.0,48
test/mpi/datatype/struct_ezhov.c,29,26,0.897,2,1,0.5,1,1,1.0,0,3.0,39.0,2.0,0,1,39,2,1,3,0,4,0,0,11,2.0,2.0,11
test/mpi/datatype/struct_no_real_types.c,66,34,0.515,28,7,0.25,3,3,1.0,0,6.0,33.0,1.66666666666667,0,1,61,1,3,8,0,33,0,0,18,17.1,5.7,18
test/mpi/datatype/struct_pack.c,282,150,0.532,132,45,0.341,5,5,1.0,0,14.2,72.4,1.4,1,1,134,1,5,26,1,25,0,0,69,71.0,14.2,69
test/mpi/datatype/struct_pack_mpi_bottom.c,85,68,0.8,32,18,0.562,5,4,0.8,0,4.8,30.0,3.2,0,1,58,5,5,14,0,12,0,0,21,22.0,4.4,21
test/mpi/datatype/struct_unpack_mpi_bottom.c,76,62,0.816,24,15,0.625,5,4,0.8,0,4.4,26.8,3.0,0,1,58,5,5,15,0,12,0,0,18,20.0,4.0,18
test/mpi/datatype/struct_verydeep.c,100,100,1.0,4,4,1.0,4,4,1.0,0,2.5,36.0,1.25,0,1,52,0,4,11,0,13,82,0,82,6.0,1.5,0
test/mpi/datatype/struct_zero_count.c,58,31,0.534,28,7,0.25,3,3,1.0,0,6.0,30.0,1.66666666666667,0,1,52,1,3,8,0,27,0,0,15,17.1,5.7,15
test/mpi/datatype/structpack2.c,62,49,0.79,12,7,0.583,1,1,1.0,0,8.0,100.0,2.0,1,1,100,0,1,2,1,8,69,0,69,11.0,11.0,0
test/mpi/datatype/subarray.c,36,35,0.972,18,17,0.944,1,1,1.0,6,11.0,48.0,2.0,0,1,48,1,1,2,0,4,30,0,30,10.0,10.0,0
test/mpi/datatype/subarray_pack.c,424,283,0.667,187,82,0.439,10,10,1.0,0,11.5,61.0,1.5,1,1,85,1,10,42,1,72,0,0,54,113.0,11.3,54
test/mpi/datatype/tfree.c,59,51,0.8640000000000001,22,17,0.773,1,1,1.0,0,13.0,84.0,2.0,0,1,84,0,1,1,0,18,0,0,12,12.0,12.0,12
test/mpi/datatype/tmatchsize.c,83,38,0.4579999999999999,30,15,0.5,1,1,1.0,0,23.0,140.0,2.0,0,1,140,0,1,1,0,19,62,0,62,25.0,25.0,0
test/mpi/datatype/transpose_pack.c,45,40,0.889,16,10,0.625,2,2,1.0,0,5.5,40.5,2.0,1,1,63,1,2,6,1,24,0,0,33,10.0,5.0,33
test/mpi/datatype/transpose_pack_oldapi.c,45,40,0.889,16,10,0.625,2,2,1.0,0,5.5,40.5,2.0,1,1,63,1,2,6,1,26,0,0,33,10.0,5.0,33
test/mpi/datatype/tresized2.c,56,44,0.7859999999999999,26,18,0.6920000000000001,1,1,1.0,0,15.0,67.0,2.0,0,1,67,0,1,1,0,12,38,0,38,14.0,14.0,0
test/mpi/datatype/tresized.c,56,44,0.7859999999999999,26,18,0.6920000000000001,1,1,1.0,0,15.0,64.0,2.0,0,1,64,0,1,1,0,8,38,0,38,14.0,14.0,0
test/mpi/datatype/type_large.c,80,66,0.825,18,12,0.667,5,5,1.0,0,4.2,24.0,1.4,0,1,38,0,5,9,0,6,43,0,43,16.0,3.2,0
test/mpi/datatype/typecommit.c,26,26,1.0,0,0,,2,2,1.0,4,2.5,19.5,3.0,0,1,22,0,2,3,0,5,35,0,35,4.0,2.0,0
test/mpi/datatype/typefree.c,9,9,1.0,0,0,,1,1,1.0,0,2.0,11.0,2.0,0,1,11,0,1,1,0,15,26,0,26,1.0,1.0,0
test/mpi/datatype/typelb.c,30,26,0.867,8,4,0.5,1,1,1.0,0,4.0,44.0,2.0,0,1,44,0,1,1,0,6,32,0,32,6.0,6.0,0
test/mpi/datatype/typename.c,50,34,0.68,26,21,0.8079999999999999,1,1,1.0,0,10.0,82.0,2.0,1,1,82,3,1,5,1,38,0,0,13,16.0,16.0,13
test/mpi/datatype/typename_oldapi.c,35,22,0.629,10,6,0.6,1,1,1.0,0,7.0,52.0,2.0,1,1,52,1,1,4,1,13,0,0,11,6.0,6.0,11
test/mpi/datatype/unpack.c,42,35,0.833,8,5,0.625,1,1,1.0,0,6.0,67.0,2.0,0,1,67,1,1,2,0,29,0,0,15,5.0,5.0,15
test/mpi/datatype/unusual_noncontigs.c,433,246,0.568,260,77,0.296,9,9,1.0,0,11.3333333333333,63.1111111111111,2.11111111111111,2,1,102,1,9,29,2,86,0,0,122,99.0,11.0,122
test/mpi/datatype/vecblklen.c,61,49,0.8029999999999999,18,12,0.667,1,1,1.0,0,11.0,80.0,2.0,0,1,80,0,1,1,0,16,0,0,14,10.0,10.0,14
test/mpi/datatype/zeroblks.c,41,35,0.8540000000000001,10,8,0.8,1,1,1.0,0,7.0,54.0,2.0,0,1,54,0,1,1,0,8,0,0,6,6.0,6.0,6
test/mpi/datatype/zeroparms.c,14,14,1.0,0,0,,1,1,1.0,0,2.0,25.0,2.0,0,1,25,0,1,1,0,7,30,0,30,1.0,1.0,0
test/mpi/dtpools/src/dtpools.c,203,134,0.66,93,39,0.419,10,8,0.8,0,4.7,31.6,2.7,5,9,86,0,10,21,45,53,0,0,49,26.0,2.6,49
test/mpi/dtpools/src/dtpools_attr.c,1042,972,0.933,725,547,0.754,14,14,1.0,1,22.1428571428571,104.571428571429,4.42857142857143,1,2,189,0,14,77,2,61,0,0,135,271.6,19.4,135
test/mpi/dtpools/src/dtpools_custom.c,479,0,0.0,562,0,0.0,13,0,0.0,1,6.46153846153846,48.6923076923077,6.69230769230769,1,2,86,0,13,36,2,4,0,0,289,57.2,4.4,289
test/mpi/dtpools/src/dtpools_desc.c,199,182,0.915,779,312,0.401,2,2,1.0,1,37.5,142.0,2.0,0,1,240,0,2,3,0,4,0,0,6,83.0,41.5,6
test/mpi/dtpools/src/dtpools_init_verify.c,307,162,0.528,492,116,0.236,4,4,1.0,1,20.5,95.75,7.75,1,1,174,1,4,9,1,10,0,0,45,74.0,18.5,45
test/mpi/dtpools/src/dtpools_misc.c,137,130,0.949,92,64,0.696,5,5,1.0,4,7.4,38.6,1.6,0,4,125,6,5,8,0,8,0,0,34,33.0,6.6,34
test/mpi/errhan/adderr.c,54,45,0.833,24,21,0.875,1,1,1.0,0,14,65.0,2.0,0,1,65,0,1,1,0,8,43,0,43,14.0,14.0,0
test/mpi/errhan/commcall.c,59,44,0.746,16,11,0.688,2,2,1.0,0,6,37.0,2.5,0,1,61,3,2,9,0,10,43,0,43,10.0,5.0,0
test/mpi/errhan/commcall_oldapi.c,59,44,0.746,16,11,0.688,2,2,1.0,0,6,37.5,2.5,0,1,62,3,2,9,0,13,43,0,43,10.0,5.0,0
test/mpi/errhan/dynamic_errcode_predefined_errclass.c,12,9,0.75,2,1,0.5,1,1,1.0,0,3,17.0,2.0,0,1,17,0,1,1,0,4,27,0,27,2.0,2.0,0
test/mpi/errhan/errfatal.c,22,18,0.818,8,4,0.5,1,1,1.0,0,6,34.0,2.0,0,1,34,1,1,2,0,10,18,0,18,5.0,5.0,0
test/mpi/errhan/errstring2.c,15,12,0.8,2,1,0.5,1,1,1.0,0,3,17.0,2.0,0,1,17,0,1,1,0,4,0,0,8,2.0,2.0,8
test/mpi/errhan/predef_eh.c,14,12,0.857,0,0,,2,1,0.5,0,2,8.5,2.0,0,1,13,0,2,3,0,8,28,0,28,2.0,1.0,0
test/mpi/errhan/sessioncall.c,31,21,0.677,8,4,0.5,2,2,1.0,0,4,21.0,2.5,0,1,29,3,2,9,0,5,0,0,7,6.0,3.0,7
test/mpi/errors/attr/keyvalmis.c,117,66,0.564,46,23,0.5,1,1,1.0,0,25,130,2,0,1,130,0,1,1,0,9,0,0,30,24.0,24.0,30
test/mpi/errors/coll/noalias2.c,97,82,0.845,70,41,0.586,1,1,1.0,0,25,123,2,0,1,123,0,1,1,0,6,0,0,25,29.0,29.0,25
test/mpi/errors/coll/noalias3.c,100,85,0.85,70,41,0.586,1,1,1.0,0,25,127,2,0,1,127,0,1,1,0,10,0,0,25,29.0,29.0,25
test/mpi/errors/coll/noalias.c,83,54,0.6509999999999999,38,26,0.684,1,1,1.0,0,19,124,2,0,1,124,0,1,1,0,28,70,0,70,20.0,20.0,0
test/mpi/errors/coll/reduce_local.c,34,34,1.0,16,9,0.562,1,1,1.0,0,3,48,2,0,1,48,0,1,1,0,11,45,0,45,2.0,2.0,0
test/mpi/errors/coll/rerr.c,19,13,0.684,4,2,0.5,1,1,1.0,0,4,26,2,0,1,26,1,1,2,0,6,47,0,47,3.0,3.0,0
test/mpi/errors/comm/ccreate1.c,94,65,0.691,30,19,0.633,2,1,0.5,0,9.5,59.5,2.0,0,1,109,0,2,3,0,15,0,0,17,17.0,8.5,17
test/mpi/errors/comm/cfree.c,25,19,0.76,4,2,0.5,1,1,1.0,0,4.0,32.0,2.0,0,1,32,0,1,1,0,5,31,0,31,3.0,3.0,0
test/mpi/errors/comm/comm_create_group_nullarg.c,19,18,0.947,2,1,0.5,1,1,1.0,0,3.0,26.0,2.0,0,1,26,0,1,1,0,5,32,0,32,2.0,2.0,0
test/mpi/errors/comm/comm_create_nullarg.c,20,19,0.95,2,1,0.5,1,1,1.0,0,3.0,26.0,2.0,0,1,26,0,1,1,0,5,32,0,32,2.0,2.0,0
test/mpi/errors/comm/comm_get_info_nullarg.c,17,16,0.941,2,1,0.5,1,1,1.0,0,3.0,24.0,2.0,0,1,24,0,1,1,0,5,30,0,30,2.0,2.0,0
test/mpi/errors/comm/comm_group_nullarg.c,21,20,0.952,2,1,0.5,1,1,1.0,0,3.0,28.0,2.0,0,1,28,0,1,1,0,5,33,0,33,2.0,2.0,0
test/mpi/errors/comm/comm_size_nullarg.c,13,12,0.923,2,1,0.5,1,1,1.0,0,3.0,19.0,2.0,0,1,19,0,1,1,0,5,27,0,27,2.0,2.0,0
test/mpi/errors/comm/comm_split_nullarg.c,18,17,0.944,2,1,0.5,1,1,1.0,0,3.0,25.0,2.0,0,1,25,0,1,1,0,5,30,0,30,2.0,2.0,0
test/mpi/errors/comm/comm_split_type_nullarg.c,27,26,0.963,2,1,0.5,1,1,1.0,0,3.0,34.0,2.0,0,1,34,0,1,1,0,5,36,0,36,2.0,2.0,0
test/mpi/errors/comm/intercomm_abort.c,33,33,1.0,12,11,0.917,1,1,1.0,0,7.0,46.0,2.0,0,1,46,0,1,1,0,4,0,0,7,6.0,6.0,7
test/mpi/errors/comm/intercomm_create_nullarg.c,25,24,0.96,2,1,0.5,1,1,1.0,0,3.0,32.0,2.0,0,1,32,0,1,1,0,5,36,0,36,2.0,2.0,0
test/mpi/errors/comm/manysplit.c,21,20,0.952,6,5,0.833,1,1,1.0,0,7.0,37.0,2.0,0,1,37,0,1,1,0,10,28,0,28,7.0,7.0,0
test/mpi/errors/comm/subcomm_abort2.c,32,32,1.0,10,9,0.9,1,1,1.0,0,6.0,46.0,2.0,0,1,46,0,1,1,0,6,0,0,7,5.0,5.0,7
test/mpi/errors/comm/subcomm_abort.c,29,27,0.931,8,6,0.75,1,1,1.0,0,5.0,40.0,2.0,0,1,40,0,1,1,0,4,0,0,7,4.0,4.0,7
test/mpi/errors/comm/too_many_comms2.c,37,37,1.0,11,9,0.818,1,1,1.0,0,7.0,56.0,2.0,0,1,56,1,1,2,0,13,39,0,39,6.0,6.0,0
test/mpi/errors/comm/too_many_comms3.c,35,35,1.0,9,7,0.778,1,1,1.0,0,7.0,55.0,2.0,0,1,55,1,1,2,0,16,40,0,40,6.0,6.0,0
test/mpi/errors/comm/too_many_comms.c,25,25,1.0,6,5,0.833,1,1,1.0,0,6.0,38.0,2.0,0,1,38,1,1,2,0,12,32,0,32,5.0,5.0,0
test/mpi/errors/comm/too_many_icomms2.c,50,42,0.84,20,15,0.75,1,1,1.0,0,15.0,68.0,2.0,0,1,68,1,1,2,0,12,37,0,37,14.0,14.0,0
test/mpi/errors/comm/too_many_icomms.c,27,27,1.0,6,5,0.833,1,1,1.0,0,6.0,40.0,2.0,0,1,40,1,1,2,0,12,33,0,33,5.0,5.0,0
test/mpi/errors/comm/unmatched.c,24,21,0.875,8,6,0.75,1,1,1.0,0,6.0,46.0,1.0,0,1,46,0,1,1,0,12,33,0,33,5.0,5.0,0
test/mpi/errors/comm/userdup.c,89,48,0.539,20,11,0.55,3,2,0.667,0,5.33333333333333,38.0,3.33333333333333,0,1,89,3,3,10,0,16,0,0,27,12.9,4.3,27
test/mpi/errors/datatype/getcnterr.c,24,21,0.875,6,4,0.667,1,1,1.0,0,4,41,2,0,1,41,0,1,1,0,13,33,0,33,4.0,4.0,0
test/mpi/errors/datatype/type_contiguous_nullarg.c,14,13,0.929,2,1,0.5,1,1,1.0,0,3,20,2,0,1,20,0,1,1,0,5,28,0,28,2.0,2.0,0
test/mpi/errors/datatype/type_extent_nullarg.c,16,15,0.938,2,1,0.5,1,1,1.0,0,3,22,2,0,1,22,0,1,1,0,5,28,0,28,2.0,2.0,0
test/mpi/errors/datatype/type_get_extent_nullarg.c,19,18,0.947,2,1,0.5,1,1,1.0,0,3,25,2,0,1,25,0,1,1,0,5,30,0,30,2.0,2.0,0
test/mpi/errors/datatype/type_get_true_extent_nullarg.c,19,18,0.947,2,1,0.5,1,1,1.0,0,3,25,2,0,1,25,0,1,1,0,5,30,0,30,2.0,2.0,0
test/mpi/errors/datatype/type_get_true_extent_x_nullarg.c,19,18,0.947,2,1,0.5,1,1,1.0,0,3,25,2,0,1,25,0,1,1,0,5,30,0,30,2.0,2.0,0
test/mpi/errors/datatype/type_lb_nullarg.c,18,17,0.944,2,1,0.5,1,1,1.0,0,3,24,2,0,1,24,0,1,1,0,5,30,0,30,2.0,2.0,0
test/mpi/errors/datatype/type_size_x_nullarg.c,17,16,0.941,2,1,0.5,1,1,1.0,0,3,23,2,0,1,23,0,1,1,0,5,29,0,29,2.0,2.0,0
test/mpi/errors/datatype/type_ub_nullarg.c,18,17,0.944,2,1,0.5,1,1,1.0,0,3,24,2,0,1,24,0,1,1,0,5,30,0,30,2.0,2.0,0
test/mpi/errors/datatype/type_vector_nullarg.c,14,13,0.929,2,1,0.5,1,1,1.0,0,3,20,2,0,1,20,0,1,1,0,5,28,0,28,2.0,2.0,0
test/mpi/errors/group/gerr.c,22,16,0.727,4,2,0.5,1,1,1.0,0,4,29,2,0,1,29,1,1,2,0,9,29,0,29,3.0,3.0,0
test/mpi/errors/group/group_difference_nullarg.c,30,29,0.967,2,1,0.5,1,1,1.0,0,3,36,2,0,1,36,0,1,1,0,5,39,0,39,2.0,2.0,0
test/mpi/errors/group/group_intersection_nullarg.c,26,25,0.962,2,1,0.5,1,1,1.0,0,3,32,2,0,1,32,0,1,1,0,5,35,0,35,2.0,2.0,0
test/mpi/errors/group/group_range_excl_nullarg.c,29,28,0.966,2,1,0.5,1,1,1.0,0,3,35,2,0,1,35,0,1,1,0,5,35,0,35,2.0,2.0,0
test/mpi/errors/group/group_range_incl_nullarg.c,29,28,0.966,2,1,0.5,1,1,1.0,0,3,35,2,0,1,35,0,1,1,0,5,35,0,35,2.0,2.0,0
test/mpi/errors/group/group_rank_nullarg.c,19,18,0.947,2,1,0.5,1,1,1.0,0,3,24,2,0,1,24,0,1,1,0,5,30,0,30,2.0,2.0,0
test/mpi/errors/group/group_size_nullarg.c,21,20,0.952,2,1,0.5,1,1,1.0,0,3,26,2,0,1,26,0,1,1,0,5,31,0,31,2.0,2.0,0
test/mpi/errors/group/group_translate_ranks_nullarg.c,31,30,0.968,4,3,0.75,1,1,1.0,0,4,37,2,0,1,37,0,1,1,0,5,37,0,37,3.0,3.0,0
test/mpi/errors/group/group_union_nullarg.c,29,28,0.966,2,1,0.5,1,1,1.0,0,3,35,2,0,1,35,0,1,1,0,5,39,0,39,2.0,2.0,0
test/mpi/errors/io/file_errhdl.c,11,11,1.0,0,0,,1,1,1.0,0,2.0,16.0,2.0,0,1,16,0,1,1,0,5,28,0,28,1.0,1.0,0
test/mpi/errors/io/fileerrret.c,31,22,0.71,6,3,0.5,2,2,1.0,0,3.5,22.5,2.5,0,1,40,1,2,5,0,8,33,0,33,5.0,2.5,0
test/mpi/errors/io/openerr.c,84,45,0.536,28,11,0.3929999999999999,1,1,1.0,0,13.0,124.0,2.0,0,1,124,0,1,1,0,25,58,0,58,15.0,15.0,0
test/mpi/errors/pt2pt/errinstatta.c,71,45,0.634,28,19,0.679,1,1,1.0,0,14.0,99.0,2.0,0,1,99,0,1,1,0,23,51,0,51,15.0,15.0,0
test/mpi/errors/pt2pt/errinstatts.c,82,56,0.6829999999999999,34,23,0.6759999999999999,1,1,1.0,0,17.0,114.0,2.0,0,1,114,0,1,1,0,24,51,0,51,18.0,18.0,0
test/mpi/errors/pt2pt/errinstatwa.c,71,42,0.5920000000000001,28,18,0.643,1,1,1.0,0,13.0,94.0,2.0,0,1,94,0,1,1,0,19,50,0,50,15.0,15.0,0
test/mpi/errors/pt2pt/errinstatws.c,73,47,0.644,28,19,0.679,1,1,1.0,0,14.0,103.0,2.0,0,1,103,0,1,1,0,24,51,0,51,15.0,15.0,0
test/mpi/errors/pt2pt/proberank.c,15,12,0.8,2,1,0.5,1,1,1.0,0,3.0,22.0,2.0,0,1,22,0,1,1,0,6,28,0,28,2.0,2.0,0
test/mpi/errors/pt2pt/truncmsg1.c,96,79,0.823,34,22,0.647,3,3,1.0,0,7.66666666666667,37.3333333333333,2.0,0,1,79,6,3,11,0,9,0,0,29,20.1,6.7,29
test/mpi/errors/pt2pt/truncmsg2.c,72,59,0.8190000000000001,16,9,0.562,2,2,1.0,0,6.0,52.5,2.5,0,1,93,0,2,3,0,11,56,0,56,10.0,5.0,0
test/mpi/errors/pt2pt/truncmsg_mrecv.c,82,65,0.7929999999999999,26,16,0.615,3,3,1.0,0,6.33333333333333,31.6666666666667,2.0,0,1,62,6,3,11,0,7,0,0,18,17.1,5.7,18
test/mpi/errors/rma/cas_type_check.c,31,31,1.0,80,60,0.75,1,1,1.0,0,3,53,2,0,1,'53',0,1,1,0,11,187,0,187,3.0,3.0,0
test/mpi/errors/rma/win_sync_complete.c,12,12,1.0,4,2,0.5,1,1,1.0,0,2,21,2,0,1,'21',0,1,1,0,5,33,0,33,1.0,1.0,0
test/mpi/errors/rma/win_sync_free_at.c,26,26,1.0,6,4,0.667,1,1,1.0,0,3,40,2,0,1,'40',0,1,1,0,5,43,0,43,2.0,2.0,0
test/mpi/errors/rma/win_sync_free_pt.c,14,14,1.0,4,2,0.5,1,1,1.0,0,2,24,2,0,1,'24',0,1,1,0,5,35,0,35,1.0,1.0,0
test/mpi/errors/rma/win_sync_lock_at.c,26,26,1.0,6,4,0.667,1,1,1.0,0,3,40,2,0,1,'40',0,1,1,0,5,43,0,43,2.0,2.0,0
test/mpi/errors/rma/win_sync_lock_fence.c,19,19,1.0,4,2,0.5,1,1,1.0,0,2,30,2,0,1,'30',0,1,1,0,5,39,0,39,1.0,1.0,0
test/mpi/errors/rma/win_sync_lock_pt.c,14,14,1.0,4,2,0.5,1,1,1.0,0,2,24,2,0,1,'24',0,1,1,0,5,35,0,35,1.0,1.0,0
test/mpi/errors/rma/win_sync_nested.c,27,27,1.0,10,6,0.6,1,1,1.0,0,3,43,2,0,1,'43',0,1,1,0,6,49,0,49,2.0,2.0,0
test/mpi/errors/rma/win_sync_op.c,14,14,1.0,4,2,0.5,1,1,1.0,0,2,23,2,0,1,'23',0,1,1,0,5,34,0,34,1.0,1.0,0
test/mpi/errors/rma/win_sync_unlock.c,12,12,1.0,4,2,0.5,1,1,1.0,0,2,21,2,0,1,'21',0,1,1,0,5,33,0,33,1.0,1.0,0
test/mpi/errors/rma/winerr2.c,87,52,0.598,26,13,0.5,3,3,1.0,0,'5.66666666666667','35.6666666666667','2.66666666666667',0,1,'75',6,3,21,0,11,51,0,51,15.9,5.3,0
test/mpi/errors/rma/winerr.c,48,32,0.667,10,5,0.5,2,2,1.0,0,'4.5','29.5','2.5',0,1,'44',4,2,11,0,7,39,0,39,7.0,3.5,0
test/mpi/errors/session/comm_create_from_group.c,53,38,0.7170000000000001,18,9,0.5,2,2,1.0,3,8,40,2.5,0,1,75,2,2,6,0,15,0,0,7,11.0,5.5,7
test/mpi/errors/session/getnthpset.c,62,35,0.565,18,9,0.5,1,1,1.0,0,12,84,2.0,1,1,84,0,1,2,1,8,0,0,16,10.0,10.0,16
test/mpi/errors/session/getpsetinfo.c,38,21,0.5529999999999999,12,6,0.5,1,1,1.0,0,9,52,2.0,1,1,52,0,1,2,1,7,0,0,9,7.0,7.0,9
test/mpi/errors/session/sessioninit.c,37,26,0.703,10,5,0.5,1,1,1.0,0,9,49,2.0,1,1,49,0,1,2,1,5,0,0,7,6.0,6.0,7
test/mpi/errors/spawn/badport.c,25,13,0.52,6,3,0.5,1,1,1.0,0,5,32.0,2.0,0,1,32,1,1,2,0,6,0,0,9,4.0,4.0,9
test/mpi/errors/spawn/connect_timeout.c,124,105,0.847,80,37,0.462,5,5,1.0,0,5,35.6,2.2,0,1,61,3,5,13,0,26,0,0,46,24.0,4.8,46
test/mpi/errors/spawn/lookup_name.c,11,11,1.0,2,2,1.0,1,1,1.0,0,3,17.0,2.0,0,1,17,0,1,1,0,7,27,0,27,2.0,2.0,0
test/mpi/errors/spawn/unpub.c,14,13,0.929,2,1,0.5,1,1,1.0,0,3,20.0,2.0,0,1,20,0,1,1,0,7,29,0,29,2.0,2.0,0
test/mpi/errors/topo/cartsmall.c,25,20,0.8,4,2,0.5,1,1,1.0,0,4,33,2,0,1,33,0,1,1,0,4,30,0,30,3.0,3.0,0
test/mpi/group/groupcreate.c,56,38,0.679,16,12,0.75,1,1,1.0,0,10,76,2,0,1,76,0,1,1,0,8,0,0,16,9.0,9.0,16
test/mpi/group/groupnullincl.c,48,25,0.521,18,9,0.5,1,1,1.0,0,11,61,2,0,1,61,0,1,1,0,8,41,0,41,10.0,10.0,0
test/mpi/group/grouptest2.c,139,94,0.6759999999999999,30,18,0.6,1,1,1.0,0,17,180,2,0,1,180,0,1,1,0,37,0,0,26,16.0,16.0,26
test/mpi/group/grouptest.c,115,83,0.722,36,26,0.722,1,1,1.0,0,18,160,2,0,1,160,0,1,1,0,25,0,0,18,19.0,19.0,18
test/mpi/group/gtranks.c,117,76,0.65,54,41,0.759,1,1,1.0,0,26,145,2,0,1,145,0,1,1,0,11,0,0,17,28.0,28.0,17
test/mpi/impls/mpich/coll/allreduce_equal.c,21,15,0.7140000000000001,4,2,0.5,1,1,1.0,0,4,28,2,0,1,28,0,1,1,0,4,30,0,30,3.0,3.0,0
test/mpi/impls/mpich/coll/reduce_equal.c,22,16,0.727,8,6,0.75,1,1,1.0,0,4,29,2,0,1,29,0,1,1,0,4,30,0,30,5.0,5.0,0
test/mpi/impls/mpich/comm/comm_dup.c,35,27,0.7709999999999999,8,4,0.5,1,1,1.0,0,5.0,45.0,2.0,0,1,45,0,1,1,0,4,0,0,7,6.0,6.0,7
test/mpi/impls/mpich/comm/comm_info_hint.c,92,84,0.913,22,14,0.636,2,2,1.0,0,7.5,63.5,3.5,1,1,108,0,2,4,1,24,0,0,16,14.0,7.0,16
test/mpi/impls/mpich/comm/stream.c,21,13,0.619,11,1,0.091,1,1,1.0,0,5.0,31.0,2.0,0,1,31,0,1,1,0,5,33,0,33,3.0,3.0,0
test/mpi/impls/mpich/comm/stream_comm.c,59,15,0.254,29,2,0.069,2,1,0.5,0,6.5,44.5,1.5,0,1,48,2,2,6,0,8,48,0,48,9.0,4.5,0
test/mpi/impls/mpich/comm/stream_comm_dup.c,67,15,0.2239999999999999,30,2,0.067,3,1,0.3329999999999999,0,4.33333333333333,33.0,1.33333333333333,0,1,35,2,3,7,0,4,56,0,56,8.100000000000001,2.7,0
test/mpi/impls/mpich/comm/stream_multiplex.c,71,16,0.225,44,4,0.091,2,1,0.5,1,5.66666666666667,34.6666666666667,2.66666666666667,0,1,54,2,3,7,0,7,52,0,52,11.0,5.5,0
test/mpi/impls/mpich/info/memory_alloc_kinds.c,55,44,0.8,10,5,0.5,2,2,1.0,0,4.5,39,2,0,1,68,0,2,3,0,14,50,0,50,7.0,3.5,0
test/mpi/impls/mpich/misc/gpu_query.c,25,16,0.64,8,4,0.5,1,1,1.0,0,9.0,49,2.0,0,1,49,0,1,1,0,4,18,0,18,11.0,11.0,0
test/mpi/impls/mpich/misc/type_iov.c,106,100,0.943,111,42,0.3779999999999999,2,2,1.0,0,6.5,75,1.5,0,1,100,0,2,3,0,11,123,0,123,13.0,6.5,0
test/mpi/impls/mpich/mpi_t/collparmt.c,88,55,0.625,34,14,0.412,1,1,1.0,0,16.0,124,2.0,0,1,124,0,1,1,0,22,0,0,17,18.0,18.0,17
test/mpi/impls/mpich/mpi_t/recvq_events.c,98,26,0.265,24,1,0.042,4,1,0.25,0,4.5,34,3.25,0,1,111,1,4,10,0,16,63,0,63,16.0,4.0,0
test/mpi/impls/mpich/session/session_strict_finalize.c,72,46,0.639,26,15,0.5770000000000001,1,1,1.0,0,18,99,2,0,1,99,0,1,1,0,6,0,0,11,14.0,14.0,11
test/mpi/impls/mpich/threads/pt2pt/multinic_infohints.c,174,94,0.54,72,19,0.264,2,1,0.5,0,2.0,5.0,1.0,0,1,5,0,1,1,0,25,0,0,4,33.0,11.0,4
test/mpi/impls/mpich/threads/pt2pt/sendrecv_vci_hint.c,136,120,0.882,38,33,0.868,3,3,1.0,0,7.66666666666667,70.6666666666667,2.66666666666667,0,1,107,6,3,17,0,56,0,0,25,23.1,7.7,25
test/mpi/impls/mpich/threads/threadcomm/threadcomm.c,102,94,0.922,46,40,0.87,3,3,1.0,0,9.33333333333333,41.3333333333333,3.33333333333333,1,1,63,2,3,12,1,4,55,0,55,24.9,8.3,0
test/mpi/impls/mpich/threads/threadcomm/threadcomm_attr.c,54,39,0.722,14,9,0.643,3,3,1.0,2,4.33333333333333,22.0,2.33333333333333,0,1,34,5,3,14,0,4,39,0,39,9.9,3.3,0
test/mpi/impls/mpich/threads/threadcomm/threadcomm_coll.c,572,504,0.8809999999999999,170,138,0.812,35,35,1.0,0,4.42857142857143,20.4,1.02857142857143,1,1,43,0,35,105,1,8,191,0,191,119.0,3.4,0
test/mpi/include/mpicolltest.h,168,157,0.935,28,17,0.607,14,14,1.0,0,2.0,5.76470588235294,6.88235294117647,0,17,8,0,17,17,0,0,23,0,23,51.0,1.5,0
test/mpi/include/mpitest.h,26,11,0.423,18,7,0.389,1,1,1.0,0,2.25,2.10714285714286,1.71428571428571,0,27,32,0,28,29,0,0,21,0,21,10.0,10.0,0
test/mpi/include/mtest_dtp.h,268,117,0.437,128,38,0.297,14,9,0.643,0,5.6,22.0666666666667,2.4,1,2,108,49,15,135,2,0,0,0,92,84.0,5.6,92
test/mpi/info/info_no_init.c,74,65,0.878,42,34,0.81,2,2,1.0,0,11.5,56.5,3.5,0,1,67,0,2,3,0,23,0,0,14,24.0,12.0,14
test/mpi/info/infocreateenv.c,46,41,0.8909999999999999,25,12,0.48,2,2,1.0,0,5.0,34.5,2.0,0,1,40,1,2,4,0,12,44,0,44,14.0,7.0,0
test/mpi/info/infodel.c,51,32,0.627,18,12,0.667,1,1,1.0,0,11.0,65.0,2.0,0,1,65,0,1,1,0,8,40,0,40,10.0,10.0,0
test/mpi/info/infodup.c,48,34,0.708,14,8,0.5710000000000001,1,1,1.0,0,8.0,63.0,2.0,0,1,63,0,1,1,0,9,46,0,46,8.0,8.0,0
test/mpi/info/infoenv.c,13,12,0.923,6,5,0.833,1,1,1.0,0,4.0,19.0,2.0,0,1,19,1,1,2,0,4,25,0,25,4.0,4.0,0
test/mpi/info/infoget.c,21,16,0.762,4,2,0.5,1,1,1.0,0,4.0,27.0,2.0,0,1,27,0,1,1,0,5,31,0,31,3.0,3.0,0
test/mpi/info/infogetstring.c,83,44,0.53,32,20,0.625,1,1,1.0,0,18.0,103.0,2.0,0,1,103,0,1,1,0,12,50,0,50,17.0,17.0,0
test/mpi/info/infomany2.c,69,48,0.696,35,21,0.6,1,1,1.0,0,19.0,103.0,2.0,0,1,103,0,1,1,0,18,45,0,45,19.0,19.0,0
test/mpi/info/infomany.c,58,37,0.638,29,15,0.517,1,1,1.0,0,16.0,82.0,2.0,0,1,82,0,1,1,0,8,40,0,40,18.0,18.0,0
test/mpi/info/infoorder.c,107,71,0.664,40,28,0.7,1,1,1.0,0,22.0,149.0,2.0,0,1,149,0,1,1,0,28,74,0,74,21.0,21.0,0
test/mpi/info/infotest.c,28,20,0.7140000000000001,6,3,0.5,1,1,1.0,0,5.0,34.0,2.0,0,1,34,0,1,1,0,5,36,0,36,4.0,4.0,0
test/mpi/info/infovallen.c,36,24,0.667,12,8,0.667,1,1,1.0,0,8.0,47.0,2.0,0,1,47,0,1,1,0,7,36,0,36,7.0,7.0,0
test/mpi/init/attrself.c,65,49,0.754,20,13,0.65,3,3,1.0,0,5.66666666666667,30.6666666666667,3.33333333333333,0,1,55,5,3,15,0,35,0,0,13,15.9,5.3,13
test/mpi/init/exitst1.c,4,4,1.0,0,0,,1,1,1.0,0,2.0,6.0,2.0,0,1,6,0,1,1,0,8,8,0,8,1.0,1.0,0
test/mpi/init/exitst2.c,7,7,1.0,0,0,,1,1,1.0,0,2.0,8.0,2.0,0,1,8,0,1,1,0,9,9,0,9,1.0,1.0,0
test/mpi/init/finalized.c,70,31,0.4429999999999999,22,11,0.5,1,1,1.0,0,13.0,88.0,2.0,0,1,88,0,1,1,0,11,0,0,32,12.0,12.0,32
test/mpi/init/initstat.c,17,11,0.647,4,2,0.5,1,1,1.0,0,4.0,21.0,2.0,0,1,21,0,1,1,0,4,28,0,28,3.0,3.0,0
test/mpi/init/library_version.c,14,10,0.7140000000000001,4,2,0.5,1,1,1.0,0,4.0,19.0,2.0,0,1,19,1,1,2,0,4,27,0,27,3.0,3.0,0
test/mpi/init/timeout.c,9,0,0.0,2,0,0.0,1,0,0.0,0,3.0,11.0,2.0,0,1,11,0,1,1,0,6,10,0,10,2.0,2.0,0
test/mpi/init/version.c,16,10,0.625,4,2,0.5,1,1,1.0,0,4.0,20.0,2.0,0,1,20,0,1,1,0,4,27,0,27,3.0,3.0,0
test/mpi/io/async.c,103,62,0.602,38,17,0.447,2,1,0.5,0,11.5,72.5,2.0,0,1,137,0,2,3,0,18,0,0,41,24.0,12.0,41
test/mpi/io/async_any.c,68,57,0.838,20,16,0.8,1,1,1.0,0,11.0,93.0,2.0,0,1,93,0,1,1,0,20,0,0,29,11.0,11.0,29
test/mpi/io/external32_derived_dtype.c,52,52,1.0,18,9,0.5,3,3,1.0,0,2.0,30.0,2.66666666666667,0,1,35,0,3,5,0,19,0,0,23,3.0,1.0,23
test/mpi/io/getextent.c,18,15,0.833,2,1,0.5,1,1,1.0,0,3.0,25.0,2.0,0,1,25,0,1,1,0,7,0,0,5,2.0,2.0,5
test/mpi/io/hindexed_io.c,59,44,0.746,24,16,0.667,2,1,0.5,0,5.5,41.5,2.0,0,2,75,0,2,2,0,8,0,0,23,9.0,4.5,23
test/mpi/io/i_aggregation1.c,186,112,0.602,74,33,0.446,9,6,0.667,2,5.33333333333333,25.7777777777778,2.66666666666667,0,1,67,6,9,27,0,30,0,0,56,38.7,4.3,56
test/mpi/io/i_aggregation2.c,54,40,0.741,20,12,0.6,2,1,0.5,0,6.5,32.5,2.0,0,1,57,0,2,3,0,7,0,0,18,12.0,6.0,18
test/mpi/io/i_coll_test.c,136,104,0.765,50,32,0.64,2,1,0.5,0,14.5,88.0,2.0,0,1,168,0,2,3,0,19,0,0,32,27.0,13.5,32
test/mpi/io/i_darray_read.c,67,56,0.836,38,24,0.632,2,1,0.5,0,6.5,56.5,2.0,0,2,105,0,2,2,0,10,0,0,25,13.0,6.5,25
test/mpi/io/i_hindexed.c,107,97,0.907,48,32,0.667,1,1,1.0,0,22.0,199.0,2.0,0,1,199,1,1,2,0,72,0,0,38,25.0,25.0,38
test/mpi/io/i_hindexed_io.c,64,49,0.7659999999999999,26,17,0.654,2,1,0.5,0,5.5,44.0,2.0,0,2,80,0,2,2,0,8,0,0,23,9.0,4.5,23
test/mpi/io/i_noncontig.c,178,136,0.764,116,82,0.7070000000000001,1,1,1.0,0,31.0,242.0,2.0,0,1,242,0,1,1,0,14,0,0,69,42.0,42.0,69
test/mpi/io/i_noncontig_coll2.c,341,273,0.8009999999999999,152,112,0.737,8,7,0.875,0,11.125,59.25,3.5,1,1,217,3,8,30,1,70,0,0,77,88.0,11.0,77
test/mpi/io/i_noncontig_coll.c,166,130,0.7829999999999999,112,81,0.723,1,1,1.0,0,30.0,222.0,2.0,0,1,222,0,1,1,0,6,0,0,63,40.0,40.0,63
test/mpi/io/i_rdwrord.c,46,34,0.7390000000000001,12,8,0.667,1,1,1.0,0,8.0,58.0,2.0,0,1,58,0,1,1,0,9,0,0,12,7.0,7.0,12
test/mpi/io/i_setviewcur.c,93,49,0.527,30,16,0.5329999999999999,1,1,1.0,0,17.0,113.0,2.0,0,1,113,0,1,1,0,14,0,0,24,16.0,16.0,24
test/mpi/io/i_types_with_zeros.c,112,85,0.759,52,35,0.6729999999999999,3,2,0.667,0,10.6666666666667,46.0,2.0,0,1,107,1,3,5,0,9,0,0,29,30.0,10.0,29
test/mpi/io/rd_end.c,48,40,0.833,16,13,0.812,1,1,1.0,0,11.0,66.0,2.0,0,1,66,1,1,2,0,9,0,0,7,9.0,9.0,7
test/mpi/io/rdwrord.c,84,46,0.5479999999999999,24,9,0.375,1,1,1.0,0,14.0,107.0,2.0,0,1,107,0,1,1,0,9,0,0,12,17.0,17.0,12
test/mpi/io/rdwrzero.c,69,45,0.652,18,10,0.556,1,1,1.0,0,12.0,97.0,2.0,0,1,97,0,1,1,0,15,0,0,16,10.0,10.0,16
test/mpi/io/resized2.c,81,59,0.728,36,21,0.583,1,1,1.0,0,13.0,121.0,2.0,0,1,121,0,1,1,0,16,0,0,18,19.0,19.0,18
test/mpi/io/resized.c,78,56,0.718,36,21,0.583,1,1,1.0,0,13.0,118.0,2.0,0,1,118,0,1,1,0,16,0,0,18,19.0,19.0,18
test/mpi/io/setinfo.c,79,47,0.595,26,12,0.462,1,1,1.0,0,14.0,89.0,2.0,0,1,89,0,1,1,0,15,54,0,54,14.0,14.0,0
test/mpi/io/setview_zero.c,66,63,0.955,18,17,0.944,1,1,1.0,0,11.0,91.0,2.0,0,1,91,0,1,1,0,9,46,0,46,10.0,10.0,0
test/mpi/io/setviewcur.c,87,46,0.529,28,15,0.536,1,1,1.0,0,16.0,106.0,2.0,0,1,106,0,1,1,0,14,0,0,23,15.0,15.0,23
test/mpi/io/simple_collective.c,79,56,0.7090000000000001,23,7,0.304,4,3,0.75,0,4.75,27.75,2.5,2,1,49,1,4,12,2,19,0,0,33,15.2,3.8,33
test/mpi/io/striped_hints.c,43,36,0.8370000000000001,12,7,0.583,2,1,0.5,0,3.0,31.0,2.0,0,2,54,0,2,2,0,0,0,0,10,4.0,2.0,10
test/mpi/io/tst_fileview.c,186,177,0.952,114,57,0.5,1,1,1.0,0,6.0,260.0,2.0,0,1,260,0,1,1,0,17,0,0,130,6.0,6.0,130
test/mpi/io/userioerr.c,49,29,0.5920000000000001,16,8,0.5,2,2,1.0,4,6.0,32.5,2.5,0,1,56,2,2,6,0,8,38,0,38,10.0,5.0,0
test/mpi/io/zero_count.c,24,21,0.875,4,3,0.75,1,1,1.0,0,4.0,35.0,2.0,0,1,35,0,1,1,0,8,31,0,31,3.0,3.0,0
test/mpi/mpi_t/cvarwrite.c,82,54,0.659,34,18,0.529,1,1,1.0,0,16.0,94.0,2.0,0,1,94,0,1,1,0,5,54,0,54,18.0,18.0,0
test/mpi/mpi_t/getindex.c,84,56,0.667,52,22,0.423,1,1,1.0,0,24.0,103.0,2.0,0,1,103,1,1,2,0,11,0,0,22,28.0,28.0,22
test/mpi/mpi_t/mpi_t_str.c,124,86,0.6940000000000001,150,41,0.273,1,1,1.0,0,12.0,185.0,2.0,0,1,185,0,1,1,0,38,0,0,72,12.0,12.0,72
test/mpi/mpi_t/mpit_isendirecv.c,280,94,0.336,142,17,0.12,3,2,0.667,0,17.3333333333333,119.666666666667,2.33333333333333,0,1,202,17,3,32,0,26,0,0,55,63.0,21.0,55
test/mpi/mpi_t/mpit_vars.c,482,117,0.243,192,36,0.188,15,6,0.4,0,9.53333333333333,42.4,1.46666666666667,0,2,93,1,15,40,0,34,0,0,57,142.5,9.5,57
test/mpi/mpi_t/qmpi_test.c,79,23,0.291,10,6,0.6,7,2,0.286,0,2.57142857142857,17.5714285714286,4.14285714285714,0,2,35,9,7,28,0,6,0,0,16,11.9,1.7,16
test/mpi/part/multipart.c,195,175,0.897,48,36,0.75,10,10,1.0,0,4.1,25.7,1.9,0,1,57,3,10,40,0,19,0,0,43,34.0,3.4,43
test/mpi/part/no_start.c,25,22,0.88,8,5,0.625,1,1,1.0,0,6.0,30.0,2.0,0,1,30,0,1,1,0,7,0,0,5,5.0,5.0,5
test/mpi/part/nonblocking_pready.c,31,28,0.903,8,5,0.625,1,1,1.0,0,6.0,36.0,2.0,0,1,36,0,1,1,0,7,0,0,5,5.0,5.0,5
test/mpi/part/parrived.c,139,117,0.8420000000000001,50,40,0.8,4,4,1.0,0,7.0,50.25,1.75,0,1,168,8,4,22,0,24,0,0,17,36.8,9.2,17
test/mpi/part/pingping.c,113,110,0.973,34,29,0.853,4,4,1.0,0,5.0,41.5,4.5,0,1,130,0,4,7,0,32,0,0,14,16.8,4.2,14
test/mpi/part/start_pready.c,145,131,0.903,48,39,0.812,7,7,1.0,0,5.5,31.5,1.5,0,1,95,10,4,24,0,28,0,0,14,35.7,5.1,14
test/mpi/perf/commcreatep.c,52,48,0.923,20,18,0.9,1,1,1.0,0,12.0,67.0,2.0,0,1,67,0,1,1,0,8,0,0,11,11.0,11.0,11
test/mpi/perf/gtranksperf.c,83,62,0.747,28,17,0.607,1,1,1.0,0,15.0,112.0,2.0,0,1,112,0,1,1,0,22,0,0,47,16.0,16.0,47
test/mpi/perf/non_zero_root.c,47,43,0.915,18,16,0.889,1,1,1.0,0,11.0,63.0,2.0,0,1,63,1,1,2,0,9,428,0,428,10.0,10.0,0
test/mpi/perf/sendrecvl.c,173,134,0.775,90,61,0.6779999999999999,1,1,1.0,0,43.0,226.0,2.0,0,1,226,1,1,2,0,31,0,0,39,46.0,46.0,39
test/mpi/perf/timer.c,39,32,0.821,20,16,0.8,1,1,1.0,0,12.0,52.0,2.0,0,1,52,1,1,2,0,12,0,0,10,11.0,11.0,10
test/mpi/pt2pt/anyall.c,52,45,0.865,24,21,0.875,1,1,1.0,0,14.0,67.0,2.0,2,1,67,0,1,4,2,12,34,0,34,13.0,13.0,0
test/mpi/pt2pt/big_count_status.c,32,25,0.7809999999999999,4,2,0.5,2,2,1.0,0,3.0,21.0,1.5,1,1,24,0,2,4,1,9,0,0,9,4.0,2.0,9
test/mpi/pt2pt/bottom.c,50,35,0.7,12,7,0.583,1,1,1.0,0,8.0,64.0,2.0,2,1,64,0,1,5,2,9,0,0,10,7.0,7.0,10
test/mpi/pt2pt/bsend1.c,51,41,0.804,12,6,0.5,1,1,1.0,0,7.0,67.0,2.0,2,1,67,0,1,6,2,13,0,0,17,7.0,7.0,17
test/mpi/pt2pt/bsend2.c,43,34,0.7909999999999999,18,14,0.778,1,1,1.0,0,11.0,49.0,2.0,2,1,49,0,1,4,2,4,33,0,33,10.0,10.0,0
test/mpi/pt2pt/bsend3.c,47,38,0.809,18,14,0.778,1,1,1.0,0,11.0,53.0,2.0,2,1,53,0,1,4,2,4,36,0,36,10.0,10.0,0
test/mpi/pt2pt/bsend4.c,44,35,0.795,18,14,0.778,1,1,1.0,0,11.0,50.0,2.0,2,1,50,0,1,4,2,4,34,0,34,10.0,10.0,0
test/mpi/pt2pt/bsend5.c,49,40,0.816,18,15,0.833,1,1,1.0,0,11.0,57.0,2.0,2,1,57,0,1,5,2,4,38,0,38,10.0,10.0,0
test/mpi/pt2pt/bsendalign.c,53,39,0.736,22,18,0.818,1,1,1.0,0,13.0,60.0,2.0,2,1,60,0,1,4,2,5,34,0,34,12.0,12.0,0
test/mpi/pt2pt/bsendfrag.c,80,56,0.7,36,21,0.583,1,1,1.0,0,20.0,99.0,2.0,2,1,99,4,1,10,2,18,0,0,16,19.0,19.0,16
test/mpi/pt2pt/bsendpending.c,89,65,0.73,34,21,0.618,1,1,1.0,0,19.0,125.0,2.0,2,1,125,0,1,6,2,25,0,0,20,18.0,18.0,20
test/mpi/pt2pt/cancelanysrc.c,28,25,0.893,8,5,0.625,1,1,1.0,0,4.0,36.0,2.0,1,1,36,0,1,2,1,5,0,0,10,3.0,3.0,10
test/mpi/pt2pt/dtype_send.c,61,58,0.951,26,25,0.962,1,1,1.0,0,15.0,85.0,2.0,1,1,85,0,1,2,1,7,0,0,8,14.0,14.0,8
test/mpi/pt2pt/eagerdt.c,50,47,0.94,16,14,0.875,1,1,1.0,0,10.0,62.0,2.0,2,1,62,0,1,6,2,11,0,0,10,9.0,9.0,10
test/mpi/pt2pt/greq1.c,39,31,0.795,6,4,0.667,4,3,0.75,0,2.75,14.0,1.75,1,1,34,0,4,8,1,21,0,0,7,7.2,1.8,7
test/mpi/pt2pt/huge_anysrc.c,26,26,1.0,8,7,0.875,1,1,1.0,0,6.0,35.0,2.0,1,1,35,0,1,4,1,8,32,0,32,5.0,5.0,0
test/mpi/pt2pt/huge_dupcomm.c,30,27,0.9,10,9,0.9,1,1,1.0,0,7.0,42.0,2.0,1,1,42,0,1,3,1,8,0,0,8,6.0,6.0,8
test/mpi/pt2pt/huge_ssend.c,18,15,0.833,4,3,0.75,1,1,1.0,0,4.0,28.0,2.0,1,1,28,0,1,2,1,8,0,0,8,3.0,3.0,8
test/mpi/pt2pt/huge_underflow.c,20,20,1.0,4,3,0.75,1,1,1.0,0,4.0,32.0,2.0,1,1,32,0,1,3,1,11,30,0,30,3.0,3.0,0
test/mpi/pt2pt/icprobe.c,56,49,0.875,22,19,0.8640000000000001,1,1,1.0,0,13.0,66.0,2.0,2,1,66,0,1,5,2,8,0,0,5,12.0,12.0,5
test/mpi/pt2pt/icsend.c,54,47,0.87,22,19,0.8640000000000001,1,1,1.0,0,13.0,64.0,2.0,2,1,64,0,1,5,2,8,0,0,7,12.0,12.0,7
test/mpi/pt2pt/inactivereq.c,148,104,0.703,36,19,0.528,4,4,1.0,0,6.75,45.75,1.5,2,1,106,0,4,16,2,12,84,0,84,23.2,5.8,0
test/mpi/pt2pt/isendirecv.c,28,28,1.0,4,4,1.0,1,1,1.0,0,4.0,36.0,2.0,3,1,36,0,1,9,3,4,36,0,36,3.0,3.0,0
test/mpi/pt2pt/isendrecv.c,37,35,0.946,14,13,0.929,2,2,1.0,1,5.5,23.5,1.5,0,1,25,9,2,19,0,7,35,0,35,9.0,4.5,0
test/mpi/pt2pt/isendrecv_replace.c,37,31,0.838,16,13,0.812,2,2,1.0,52,6.0,23.5,1.5,0,1,27,8,2,17,0,7,0,0,13,10.0,5.0,13
test/mpi/pt2pt/isendself.c,32,24,0.75,18,10,0.556,1,1,1.0,0,5.0,41.0,2.0,2,1,41,0,1,3,2,5,35,0,35,10.0,10.0,0
test/mpi/pt2pt/isendselfprobe.c,28,24,0.857,8,5,0.625,1,1,1.0,0,6.0,33.0,2.0,2,1,33,0,1,3,2,4,30,0,30,5.0,5.0,0
test/mpi/pt2pt/large_tag.c,39,29,0.7440000000000001,18,13,0.722,1,1,1.0,2,12.0,57.0,2.0,2,1,57,2,1,5,2,11,0,0,10,10.0,10.0,10
test/mpi/pt2pt/many_isend.c,38,33,0.868,14,11,0.7859999999999999,1,1,1.0,1,9.0,56.0,2.0,1,1,56,4,1,6,1,7,0,0,5,8.0,8.0,5
test/mpi/pt2pt/manylmt.c,25,25,1.0,8,7,0.875,1,1,1.0,0,6.0,34.0,2.0,1,1,34,0,1,4,1,8,32,0,32,5.0,5.0,0
test/mpi/pt2pt/mprobe.c,501,494,0.986,816,235,0.288,1,1,1.0,0,26.0,644.0,2.0,3,1,644,0,1,5,3,53,0,0,212,25.0,25.0,212
test/mpi/pt2pt/mprobe_self_free.c,17,15,0.882,2,1,0.5,1,1,1.0,0,3.0,26.0,1.0,1,1,26,0,1,2,1,7,28,0,28,2.0,2.0,0
test/mpi/pt2pt/multi_psend_derived.c,61,51,0.836,22,19,0.8640000000000001,1,1,1.0,0,13.0,72.0,2.0,2,1,72,0,1,3,2,8,0,0,11,12.0,12.0,11
test/mpi/pt2pt/pingping.c,101,88,0.871,42,31,0.738,2,2,1.0,0,10.0,72.5,4.5,2,1,126,2,2,11,2,23,0,0,28,19.0,9.5,28
test/mpi/pt2pt/precv_anysrc.c,32,32,1.0,10,9,0.9,1,1,1.0,0,7.0,43.0,2.0,2,1,43,1,1,5,2,4,37,0,37,6.0,6.0,0
test/mpi/pt2pt/precv_anysrc_exp.c,31,31,1.0,10,9,0.9,1,1,1.0,0,7.0,42.0,2.0,2,1,42,1,1,5,2,4,36,0,36,6.0,6.0,0
test/mpi/pt2pt/probe_unexp.c,92,57,0.62,68,26,0.382,1,1,1.0,0,22.0,131.0,2.0,2,1,131,1,1,4,2,19,52,0,52,36.0,36.0,0
test/mpi/pt2pt/probenull.c,32,17,0.531,12,6,0.5,1,1,1.0,0,8.0,39.0,2.0,1,1,39,0,1,2,1,10,31,0,31,7.0,7.0,0
test/mpi/pt2pt/pssend.c,31,25,0.8059999999999999,10,7,0.7,1,1,1.0,0,7.0,42.0,2.0,2,1,42,0,1,3,2,8,0,0,2,6.0,6.0,2
test/mpi/pt2pt/pt2pt_large.c,78,54,0.6920000000000001,26,14,0.5379999999999999,3,3,1.0,48,7.0,33.6666666666667,3.33333333333333,2,1,78,1,3,14,2,8,42,0,42,17.1,5.7,0
test/mpi/pt2pt/rcancel.c,62,46,0.742,16,11,0.688,1,1,1.0,0,10.0,73.0,2.0,2,1,73,0,1,5,2,11,0,0,19,9.0,9.0,19
test/mpi/pt2pt/recv_any.c,37,33,0.892,14,11,0.7859999999999999,1,1,1.0,0,9.0,52.0,2.0,2,1,52,0,1,3,2,8,0,0,8,10.0,10.0,8
test/mpi/pt2pt/recvnull.c,30,18,0.6,10,5,0.5,1,1,1.0,0,7.0,37.0,2.0,1,1,37,0,1,2,1,10,31,0,31,6.0,6.0,0
test/mpi/pt2pt/rqfree.c,90,69,0.767,30,20,0.667,1,1,1.0,0,15.0,116.0,2.0,2,1,116,1,1,7,2,15,0,0,21,16.0,16.0,21
test/mpi/pt2pt/rqstatus.c,77,47,0.61,30,18,0.6,1,1,1.0,0,15.0,97.0,2.0,2,1,97,0,1,6,2,16,0,0,7,17.0,17.0,7
test/mpi/pt2pt/send_tests.c,69,61,0.884,40,37,0.925,2,2,1.0,0,10.0,42.5,3.5,2,1,55,2,2,12,2,4,46,0,46,17.0,8.5,0
test/mpi/pt2pt/sendall.c,42,39,0.929,20,19,0.95,1,1,1.0,0,12.0,54.0,2.0,0,1,54,1,1,2,0,11,0,0,9,11.0,11.0,9
test/mpi/pt2pt/sendflood.c,102,58,0.569,52,27,0.519,1,1,1.0,0,25.0,117.0,2.0,1,1,117,2,1,5,1,17,0,0,47,27.0,27.0,47
test/mpi/pt2pt/sendrecv1.c,93,77,0.828,38,27,0.711,2,2,1.0,0,9.5,66.5,5.0,2,1,104,2,2,11,2,18,0,0,29,17.0,8.5,29
test/mpi/pt2pt/sendrecv2.c,72,50,0.6940000000000001,46,26,0.565,2,2,1.0,0,13.0,55.0,2.0,2,1,92,1,2,8,2,20,0,0,16,25.0,12.5,16
test/mpi/pt2pt/sendrecv3.c,85,73,0.8590000000000001,38,32,0.8420000000000001,1,1,1.0,0,18.0,113.0,2.0,2,1,113,0,1,6,2,11,0,0,19,22.0,22.0,19
test/mpi/pt2pt/sendself.c,116,83,0.716,32,13,0.406,2,2,1.0,0,10.0,77.5,4.5,2,1,137,0,2,7,2,9,0,0,33,18.0,9.0,33
test/mpi/pt2pt/waitany_null.c,29,22,0.759,10,5,0.5,2,2,1.0,0,4.0,28.5,2.0,2,1,39,1,2,6,2,20,0,0,10,7.0,3.5,10
test/mpi/pt2pt/waittestnull.c,53,25,0.472,16,8,0.5,1,1,1.0,0,10.0,63.0,2.0,2,1,63,0,1,3,2,9,45,0,45,9.0,9.0,0
test/mpi/rma/acc_loc.c,81,65,0.802,36,28,0.778,1,1,1.0,1,12.0,125.0,2.0,1,1,125,3,1,5,1,18,52,0,52,20.0,20.0,0
test/mpi/rma/acc_ordering.c,180,168,0.933,74,67,0.905,3,3,1.0,0,13.3333333333333,80.0,3.33333333333333,2,1,214,1,3,13,2,34,89,0,89,41.1,13.7,0
test/mpi/rma/acc_pairtype.c,58,54,0.931,22,18,0.818,1,1,1.0,0,11.0,81.0,2.0,3,1,81,2,1,6,3,8,41,0,41,13.0,13.0,0
test/mpi/rma/accfence1.c,94,82,0.872,34,25,0.735,2,2,1.0,0,9.0,72.5,4.0,3,1,124,2,2,10,3,24,0,0,26,15.0,7.5,26
test/mpi/rma/accfence2.c,48,41,0.8540000000000001,20,16,0.8,1,1,1.0,0,12.0,71.0,2.0,4,1,71,0,1,6,4,23,0,0,11,11.0,11.0,11
test/mpi/rma/accfence2_am.c,48,21,0.4379999999999999,20,6,0.3,1,1,1.0,0,12.0,75.0,2.0,4,1,75,0,1,6,4,24,0,0,9,11.0,11.0,9
test/mpi/rma/accpscw1.c,106,90,0.8490000000000001,36,26,0.722,2,2,1.0,0,9.5,78.0,4.0,3,1,135,2,2,10,3,23,0,0,27,16.0,8.0,27
test/mpi/rma/adlb_mimic1.c,70,57,0.8140000000000001,22,17,0.773,1,1,1.0,0,13.0,116.0,2.0,2,1,116,0,1,3,2,53,0,0,16,12.0,12.0,16
test/mpi/rma/aint.c,50,45,0.9,14,10,0.7140000000000001,1,1,1.0,0,8.0,72.0,2.0,2,1,72,0,1,3,2,13,40,0,40,10.0,10.0,0
test/mpi/rma/allocmem.c,35,32,0.914,12,10,0.833,1,1,1.0,0,8.0,47.0,2.0,0,1,47,0,1,1,0,8,34,0,34,7.0,7.0,0
test/mpi/rma/at_complete.c,90,82,0.911,36,32,0.889,1,1,1.0,0,20.0,119.0,2.0,2,1,119,3,1,6,2,12,60,0,60,19.0,19.0,0
test/mpi/rma/atomic_get.c,104,98,0.942,50,46,0.92,1,1,1.0,0,27.0,143.0,2.0,3,1,143,2,1,7,3,26,46,0,46,26.0,26.0,0
test/mpi/rma/atomic_rmw_cas.c,71,70,0.986,28,25,0.893,1,1,1.0,0,12.0,104.0,2.0,3,1,104,0,1,11,3,21,51,0,51,16.0,16.0,0
test/mpi/rma/atomic_rmw_fop.c,81,72,0.889,38,34,0.895,1,1,1.0,0,21.0,111.0,2.0,3,1,111,0,1,10,3,16,48,0,48,20.0,20.0,0
test/mpi/rma/atomic_rmw_gacc.c,175,164,0.937,72,68,0.944,3,3,1.0,34,13.6666666666667,79.6666666666667,1.66666666666667,0,1,185,10,3,22,0,25,85,0,85,39.0,13.0,0
test/mpi/rma/attrorderwin.c,72,64,0.889,14,11,0.7859999999999999,3,3,1.0,0,4.33333333333333,34.3333333333333,3.0,1,1,70,0,3,8,1,11,0,0,10,9.9,3.3,10
test/mpi/rma/badrma.c,99,87,0.879,42,30,0.7140000000000001,2,2,1.0,97,11.5,67.5,4.0,1,1,80,4,2,10,1,9,69,0,69,23.0,11.5,0
test/mpi/rma/baseattrwin.c,51,32,0.627,12,6,0.5,1,1,1.0,0,8.0,64.0,2.0,3,1,64,0,1,4,3,8,0,0,9,7.0,7.0,9
test/mpi/rma/compare_and_swap.c,61,52,0.852,30,14,0.467,1,1,1.0,0,10.0,88.0,2.0,3,1,88,0,1,4,3,7,51,0,51,10.0,10.0,0
test/mpi/rma/contention_put.c,52,45,0.865,18,16,0.889,2,2,1.0,0,6.5,39.0,1.5,1,1,56,3,2,10,1,12,0,0,14,12.0,6.0,14
test/mpi/rma/contention_putget.c,49,43,0.878,18,16,0.889,2,2,1.0,0,6.5,38.0,1.5,1,1,50,3,2,10,1,9,0,0,15,13.0,6.5,15
test/mpi/rma/contig_displ.c,53,38,0.7170000000000001,18,9,0.5,1,1,1.0,0,18.0,82.0,2.0,2,1,82,0,1,4,2,22,42,0,42,10.0,10.0,0
test/mpi/rma/derived_acc_flush_local.c,75,62,0.8270000000000001,30,23,0.767,1,1,1.0,0,17.0,107.0,2.0,3,1,107,0,1,4,3,13,0,0,11,16.0,16.0,11
test/mpi/rma/epochtest.c,147,113,0.769,72,42,0.583,3,2,0.667,0,12.6666666666667,69.3333333333333,3.66666666666667,3,2,180,2,3,11,6,42,0,0,36,35.099999999999994,11.7,36
test/mpi/rma/fence.c,116,101,0.871,38,28,0.737,3,3,1.0,0,7.66666666666667,65.6666666666667,5.0,3,1,93,3,3,15,3,28,0,0,30,27.9,9.3,30
test/mpi/rma/fence_shm.c,62,50,0.8059999999999999,18,13,0.722,1,1,1.0,0,11.0,89.0,2.0,2,1,89,1,1,6,2,9,51,0,51,10.0,10.0,0
test/mpi/rma/fetch_and_op.c,202,165,0.8170000000000001,122,59,0.484,2,2,1.0,0,19.5,149.0,2.5,3,1,282,0,2,9,3,12,114,0,114,41.0,20.5,0
test/mpi/rma/fetchandadd.c,57,56,0.982,12,11,0.917,3,3,1.0,0,4.0,30.6666666666667,3.33333333333333,2,1,71,1,3,12,2,16,49,0,49,9.0,3.0,0
test/mpi/rma/fetchandadd_am.c,63,59,0.937,16,14,0.875,3,3,1.0,0,4.66666666666667,34.0,3.33333333333333,2,1,81,1,3,12,2,18,51,0,51,11.1,3.7,0
test/mpi/rma/fetchandadd_tree.c,87,86,0.989,22,21,0.955,3,3,1.0,0,5.66666666666667,47.0,3.33333333333333,2,1,115,1,3,10,2,27,58,0,58,14.1,4.7,0
test/mpi/rma/fetchandadd_tree_am.c,93,89,0.957,26,24,0.923,3,3,1.0,0,6.33333333333333,51.0,3.33333333333333,2,1,127,1,3,10,2,30,60,0,60,15.9,5.3,0
test/mpi/rma/fkeyvalwin.c,35,26,0.743,10,8,0.8,3,2,0.667,0,3.66666666666667,19.0,4.0,1,1,42,0,3,6,1,20,33,0,33,8.100000000000001,2.7,0
test/mpi/rma/flush.c,49,42,0.857,16,12,0.75,1,1,1.0,0,10.0,75.0,2.0,1,1,75,0,1,2,1,10,44,0,44,9.0,9.0,0
test/mpi/rma/get_acc_local.c,22,19,0.8640000000000001,4,3,0.75,1,1,1.0,0,4.0,32.0,2.0,2,1,32,3,1,6,2,4,32,0,32,3.0,3.0,0
test/mpi/rma/get_accumulate.c,271,226,0.8340000000000001,168,92,0.5479999999999999,2,2,1.0,0,28.5,200.0,4.0,2,1,379,1,2,9,2,18,134,0,134,59.0,29.5,0
test/mpi/rma/get_flushlocal.c,39,35,0.897,13,10,0.769,1,1,1.0,0,7.0,61.0,2.0,2,1,61,2,1,6,2,9,41,0,41,7.0,7.0,0
test/mpi/rma/get_struct.c,109,89,0.8170000000000001,30,14,0.467,1,1,1.0,0,15.0,132.0,2.0,0,1,132,9,1,10,0,18,61,0,61,16.0,16.0,0
test/mpi/rma/getgroup.c,27,24,0.889,6,5,0.833,1,1,1.0,0,5.0,37.0,2.0,2,1,37,0,1,3,2,11,0,0,5,4.0,4.0,5
test/mpi/rma/large_acc_flush_local.c,32,0,0.0,8,0,0.0,1,0,0.0,0,6.0,47.0,2.0,3,1,47,0,1,4,3,10,426,0,426,5.0,5.0,0
test/mpi/rma/large_small_acc.c,47,41,0.872,22,19,0.8640000000000001,1,1,1.0,0,12.0,65.0,2.0,3,1,65,0,1,5,3,11,33,0,33,12.0,12.0,0
test/mpi/rma/linked_list.c,105,101,0.962,36,31,0.861,2,2,1.0,0,10.5,90.0,2.0,1,1,158,9,2,18,1,38,59,0,59,22.0,11.0,0
test/mpi/rma/linked_list_bench_lock_all.c,114,108,0.947,42,36,0.857,2,2,1.0,0,13.5,106.0,2.0,1,1,190,6,2,19,1,33,64,0,64,29.0,14.5,0
test/mpi/rma/linked_list_bench_lock_excl.c,113,107,0.947,42,36,0.857,2,2,1.0,0,13.5,107.5,2.0,1,1,193,6,2,19,1,32,64,0,64,30.0,15.0,0
test/mpi/rma/linked_list_bench_lock_shr.c,116,110,0.948,42,36,0.857,2,2,1.0,0,13.5,106.0,2.0,1,1,190,6,2,19,1,32,64,0,64,30.0,15.0,0
test/mpi/rma/linked_list_fop.c,106,102,0.962,36,31,0.861,2,2,1.0,0,10.5,94.5,2.0,2,1,167,5,2,19,2,45,59,0,59,22.0,11.0,0
test/mpi/rma/linked_list_lockall.c,106,102,0.962,36,31,0.861,2,2,1.0,0,10.5,90.0,2.0,1,1,158,5,2,18,1,39,59,0,59,22.0,11.0,0
test/mpi/rma/lock_nested.c,22,22,1.0,6,6,1.0,1,1,1.0,0,5.0,31.0,2.0,2,1,31,0,1,5,2,8,31,0,31,4.0,4.0,0
test/mpi/rma/lock_x_dt.c,175,170,0.971,60,55,0.917,3,3,1.0,8,10.3333333333333,92.6666666666667,4.33333333333333,3,1,172,4,3,20,3,23,0,0,50,38.1,12.7,50
test/mpi/rma/lockcontention2.c,194,166,0.856,88,70,0.795,2,2,1.0,0,23.5,116.0,3.5,2,1,217,1,2,7,2,51,0,0,26,46.0,23.0,26
test/mpi/rma/lockcontention3.c,299,233,0.779,157,131,0.8340000000000001,5,5,1.0,2,22.8,79.4,3.8,1,1,113,6,5,30,1,46,0,0,37,109.0,21.8,37
test/mpi/rma/lockcontention.c,63,54,0.857,34,28,0.8240000000000001,1,1,1.0,0,19.0,78.0,2.0,2,1,78,0,1,4,2,9,0,0,9,18.0,18.0,9
test/mpi/rma/locknull.c,27,27,1.0,4,4,1.0,1,1,1.0,0,4.0,48.0,2.0,3,1,48,0,1,5,3,15,35,0,35,3.0,3.0,0
test/mpi/rma/lockopts.c,149,105,0.705,60,43,0.7170000000000001,1,1,1.0,0,31.0,176.0,2.0,3,1,176,0,1,4,3,16,86,0,86,31.0,31.0,0
test/mpi/rma/manyget.c,31,26,0.8390000000000001,10,8,0.8,1,1,1.0,0,7.0,43.0,2.0,3,1,43,0,1,4,3,4,37,0,37,6.0,6.0,0
test/mpi/rma/manyrma2.c,254,69,0.272,148,30,0.203,7,2,0.286,0,10.8571428571429,43.4285714285714,4.28571428571429,1,1,182,3,7,23,1,15,0,0,64,81.89999999999999,11.7,64
test/mpi/rma/manyrma3.c,14,14,1.0,2,2,1.0,1,1,1.0,0,3.0,21.0,2.0,2,1,21,0,1,4,2,4,29,0,29,2.0,2.0,0
test/mpi/rma/mcs_mutex.c,98,98,1.0,19,15,0.789,5,5,1.0,5,3.2,34.2,1.6,1,1,53,5,5,28,1,50,57,0,57,15.0,3.0,0
test/mpi/rma/mixedsync.c,155,131,0.845,66,52,0.7879999999999999,2,2,1.0,0,17.0,103.5,1.5,4,1,201,0,2,7,4,36,0,0,38,35.0,17.5,38
test/mpi/rma/mutex_bench.c,33,33,1.0,12,12,1.0,1,1,1.0,0,9.0,59.0,2.0,2,1,59,2,1,8,2,6,36,0,36,0.0,0.0,0
test/mpi/rma/nullpscw.c,18,18,1.0,0,0,,1,1,1.0,0,2.0,29.0,2.0,1,1,29,0,1,2,1,4,32,0,32,2.0,2.0,0
test/mpi/rma/overlap_wins_rma.c,109,100,0.917,26,22,0.846,6,6,1.0,99,4.57142857142857,25.2857142857143,1.14285714285714,1,1,71,15,7,46,1,29,0,0,42,33.599999999999994,2.8,42
test/mpi/rma/pscw_ordering.c,73,66,0.904,30,22,0.733,1,1,1.0,0,15.0,122.0,2.0,2,1,122,0,1,4,2,19,61,0,61,16.0,16.0,0
test/mpi/rma/put_base.c,85,63,0.741,36,15,0.417,1,1,1.0,0,14.0,115.0,2.0,2,1,115,0,1,3,2,22,0,0,15,13.0,13.0,15
test/mpi/rma/put_bottom.c,81,59,0.728,36,15,0.417,1,1,1.0,0,14.0,107.0,2.0,2,1,107,0,1,3,2,19,0,0,15,13.0,13.0,15
test/mpi/rma/putfidx.c,75,64,0.853,20,14,0.7,2,2,1.0,0,6.5,49.5,1.5,4,1,90,0,2,8,4,16,0,0,13,12.0,6.0,13
test/mpi/rma/putpscw1.c,106,90,0.8490000000000001,36,26,0.722,2,2,1.0,1,9.0,77.5,4.0,4,1,134,2,2,11,4,24,0,0,26,16.0,8.0,26
test/mpi/rma/racc_local_comp.c,81,61,0.753,26,17,0.654,1,1,1.0,0,15.0,113.0,2.0,1,1,113,0,1,3,1,13,54,0,54,14.0,14.0,0
test/mpi/rma/req_example.c,41,41,1.0,6,6,1.0,2,2,1.0,0,3.5,33.0,2.0,2,1,59,1,2,7,2,15,40,0,40,6.0,3.0,0
test/mpi/rma/reqops.c,188,175,0.931,82,53,0.6459999999999999,1,1,1.0,0,20.0,284.0,2.0,1,1,284,0,1,3,1,24,125,0,125,19.0,19.0,0
test/mpi/rma/rget_testall.c,41,32,0.78,8,4,0.5,1,1,1.0,0,5.0,60.0,2.0,3,1,60,0,1,4,3,14,0,0,7,5.0,5.0,7
test/mpi/rma/rget_unlock.c,40,37,0.925,10,9,0.9,1,1,1.0,0,7.0,52.0,2.0,3,1,52,0,1,4,3,18,40,0,40,6.0,6.0,0
test/mpi/rma/rma_contig.c,87,69,0.7929999999999999,42,31,0.738,2,2,1.0,0,10.0,58.5,2.0,1,1,101,3,2,9,1,6,65,0,65,23.0,11.5,0
test/mpi/rma/rmanull.c,60,51,0.85,194,53,0.273,1,1,1.0,0,7.0,122.0,2.0,4,1,122,0,1,5,4,20,0,0,61,6.0,6.0,61
test/mpi/rma/rmazero.c,65,56,0.862,193,54,0.28,1,1,1.0,0,7.0,128.0,2.0,4,1,128,0,1,5,4,20,0,0,60,6.0,6.0,60
test/mpi/rma/rput_local_comp.c,79,61,0.772,26,17,0.654,1,1,1.0,0,15.0,110.0,2.0,1,1,110,0,1,3,1,13,54,0,54,14.0,14.0,0
test/mpi/rma/selfrma.c,69,57,0.826,16,12,0.75,1,1,1.0,0,10.0,92.0,2.0,4,1,92,0,1,6,4,16,0,0,19,9.0,9.0,19
test/mpi/rma/strided_acc_indexed.c,79,67,0.848,36,21,0.583,1,1,1.0,0,14.0,113.0,2.0,2,1,113,0,1,3,2,16,0,0,39,15.0,15.0,39
test/mpi/rma/strided_acc_onelock.c,45,41,0.911,16,11,0.688,1,1,1.0,0,8.0,61.0,2.0,1,1,61,0,1,2,1,11,0,0,33,7.0,7.0,33
test/mpi/rma/strided_acc_subarray.c,78,66,0.846,34,19,0.5589999999999999,1,1,1.0,0,13.0,106.0,2.0,2,1,106,0,1,3,2,16,0,0,39,12.0,12.0,39
test/mpi/rma/strided_get_indexed.c,73,55,0.753,34,15,0.441,1,1,1.0,0,13.0,104.0,2.0,2,1,104,0,1,3,2,19,0,0,39,12.0,12.0,39
test/mpi/rma/strided_getacc_indexed.c,84,72,0.857,36,21,0.583,1,1,1.0,0,14.0,111.0,2.0,2,1,111,0,1,3,2,18,0,0,40,13.0,13.0,40
test/mpi/rma/strided_getacc_indexed_shared.c,90,78,0.867,36,21,0.583,1,1,1.0,0,14.0,121.0,2.0,2,1,121,0,1,3,2,18,0,0,39,13.0,13.0,39
test/mpi/rma/strided_putget_indexed.c,82,64,0.78,36,17,0.472,1,1,1.0,0,14.0,107.0,2.0,2,1,107,0,1,3,2,16,0,0,40,13.0,13.0,40
test/mpi/rma/strided_putget_indexed_shared.c,88,70,0.795,36,17,0.472,1,1,1.0,0,14.0,117.0,2.0,2,1,117,0,1,3,2,16,0,0,39,13.0,13.0,39
test/mpi/rma/test1.c,50,41,0.82,32,20,0.625,1,1,1.0,0,14.0,65.0,2.0,2,1,65,0,1,4,2,5,39,0,39,13.0,13.0,0
test/mpi/rma/test1_am.c,63,48,0.762,36,22,0.611,1,1,1.0,0,16.0,82.0,2.0,2,1,82,0,1,4,2,6,47,0,47,15.0,15.0,0
test/mpi/rma/test1_dt.c,54,45,0.833,32,20,0.625,1,1,1.0,0,14.0,72.0,2.0,2,1,72,0,1,4,2,6,42,0,42,13.0,13.0,0
test/mpi/rma/test2.c,64,55,0.8590000000000001,32,19,0.594,1,1,1.0,0,14.0,82.0,2.0,2,1,82,0,1,4,2,5,48,0,48,15.0,15.0,0
test/mpi/rma/test2_am.c,79,61,0.772,38,23,0.605,1,1,1.0,0,17.0,104.0,2.0,2,1,104,0,1,4,2,6,60,0,60,18.0,18.0,0
test/mpi/rma/test3.c,80,62,0.775,32,17,0.531,1,1,1.0,0,14.0,103.0,2.0,2,1,103,0,1,4,2,10,61,0,61,15.0,15.0,0
test/mpi/rma/test3_am.c,78,60,0.769,30,15,0.5,1,1,1.0,0,13.0,102.0,2.0,2,1,102,0,1,4,2,11,61,0,61,14.0,14.0,0
test/mpi/rma/test4.c,52,43,0.8270000000000001,32,20,0.625,1,1,1.0,0,14.0,66.0,2.0,2,1,66,0,1,4,2,6,42,0,42,15.0,15.0,0
test/mpi/rma/test4_am.c,62,47,0.758,34,20,0.588,1,1,1.0,0,15.0,78.0,2.0,2,1,78,0,1,4,2,7,50,0,50,14.0,14.0,0
test/mpi/rma/test5.c,52,43,0.8270000000000001,32,20,0.625,1,1,1.0,0,14.0,59.0,2.0,2,1,59,0,1,4,2,5,41,0,41,13.0,13.0,0
test/mpi/rma/test5_am.c,64,49,0.7659999999999999,36,22,0.611,1,1,1.0,0,16.0,74.0,2.0,2,1,74,0,1,4,2,6,49,0,49,15.0,15.0,0
test/mpi/rma/transpose1.c,64,53,0.828,28,21,0.75,1,1,1.0,0,16.0,83.0,2.0,2,1,83,0,1,4,2,9,49,0,49,15.0,15.0,0
test/mpi/rma/transpose2.c,55,44,0.8,24,18,0.75,1,1,1.0,0,14.0,75.0,2.0,2,1,75,0,1,4,2,11,45,0,45,13.0,13.0,0
test/mpi/rma/transpose3.c,72,62,0.861,28,18,0.643,1,1,1.0,0,14.0,101.0,2.0,2,1,101,0,1,4,2,9,54,0,54,15.0,15.0,0
test/mpi/rma/transpose4.c,46,41,0.8909999999999999,20,17,0.85,1,1,1.0,0,12.0,64.0,2.0,2,1,64,0,1,4,2,9,43,0,43,11.0,11.0,0
test/mpi/rma/transpose5.c,63,52,0.825,26,20,0.769,1,1,1.0,0,15.0,84.0,2.0,2,1,84,0,1,4,2,9,49,0,49,14.0,14.0,0
test/mpi/rma/transpose6.c,40,32,0.8,16,11,0.688,1,1,1.0,0,10.0,54.0,2.0,2,1,54,0,1,4,2,9,38,0,38,9.0,9.0,0
test/mpi/rma/transpose7.c,63,52,0.825,26,20,0.769,1,1,1.0,0,15.0,81.0,2.0,2,1,81,0,1,4,2,9,49,0,49,14.0,14.0,0
test/mpi/rma/win_dynamic_acc.c,37,34,0.919,4,3,0.75,1,1,1.0,0,4.0,58.0,2.0,1,1,58,1,1,2,1,5,39,0,39,5.0,5.0,0
test/mpi/rma/win_dynamic_rma_flush_get.c,122,109,0.893,40,31,0.775,7,7,1.0,0,5.14285714285714,25.5714285714286,1.28571428571429,0,1,57,12,7,48,0,15,0,0,43,30.800000000000004,4.4,43
test/mpi/rma/win_flavors.c,74,41,0.5539999999999999,38,22,0.579,1,1,1.0,0,17.0,105.0,2.0,1,1,105,0,1,2,1,7,52,0,52,20.0,20.0,0
test/mpi/rma/win_large_shm.c,45,45,1.0,14,14,1.0,1,1,1.0,0,9.0,81.0,2.0,1,1,81,0,1,2,1,10,46,0,46,8.0,8.0,0
test/mpi/rma/win_shared.c,48,40,0.833,20,15,0.75,1,1,1.0,0,11.0,72.0,2.0,3,1,72,1,1,6,3,9,40,0,40,12.0,12.0,0
test/mpi/rma/win_shared_create.c,77,67,0.87,22,15,0.682,1,1,1.0,0,16.0,118.0,2.0,4,1,118,2,1,8,4,10,57,0,57,15.0,15.0,0
test/mpi/rma/win_shared_noncontig.c,46,42,0.913,10,8,0.8,1,1,1.0,0,6.0,66.0,2.0,3,1,66,1,1,5,3,7,43,0,43,5.0,5.0,0
test/mpi/rma/win_shared_noncontig_put.c,52,48,0.923,20,15,0.75,1,1,1.0,0,8.0,72.0,2.0,3,1,72,1,1,5,3,6,44,0,44,9.0,9.0,0
test/mpi/rma/win_shared_put_flush_get.c,117,41,0.35,58,10,0.172,1,1,1.0,0,31.0,176.0,2.0,4,1,176,3,1,11,4,18,65,0,65,32.0,32.0,0
test/mpi/rma/win_shared_query.c,53,51,0.962,26,23,0.885,1,1,1.0,0,16.0,68.0,2.0,3,1,68,2,1,6,3,4,43,0,43,14.0,14.0,0
test/mpi/rma/win_shared_query_null.c,54,34,0.63,16,9,0.562,1,1,1.0,0,9.0,78.0,2.0,3,1,78,0,1,5,3,16,0,0,11,9.0,9.0,11
test/mpi/rma/win_shared_rma_flush_load.c,141,126,0.894,54,41,0.759,4,4,1.0,8,16.5,93.0,1.5,2,1,127,13,2,27,2,36,63,0,63,39.2,4.9,0
test/mpi/rma/win_shared_zerobyte.c,62,53,0.855,20,16,0.8,1,1,1.0,0,15.0,104.0,2.0,3,1,104,1,1,6,3,10,50,0,50,14.0,14.0,0
test/mpi/rma/win_zero.c,35,35,1.0,8,8,1.0,1,1,1.0,0,6.0,52.0,2.0,2,1,52,0,1,4,2,7,44,0,44,5.0,5.0,0
test/mpi/rma/wincall.c,34,25,0.735,8,5,0.625,2,2,1.0,0,4.0,22.5,2.5,1,1,32,3,2,11,1,9,33,0,33,6.0,3.0,0
test/mpi/rma/window_attach.c,31,31,1.0,10,10,1.0,1,1,1.0,0,7.0,45.0,2.0,1,1,45,0,1,2,1,4,35,0,35,8.0,8.0,0
test/mpi/rma/window_creation.c,35,35,1.0,14,14,1.0,1,1,1.0,0,9.0,54.0,2.0,1,1,54,0,1,2,1,7,33,0,33,11.0,11.0,0
test/mpi/rma/winname.c,30,23,0.767,8,5,0.625,1,1,1.0,0,6.0,40.0,2.0,1,1,40,0,1,2,1,4,34,0,34,6.0,6.0,0
test/mpi/rma/wintest.c,66,57,0.8640000000000001,24,20,0.833,1,1,1.0,0,14.0,83.0,2.0,2,1,83,0,1,4,2,6,48,0,48,15.0,15.0,0
test/mpi/rma/wrma_flush_get.c,94,81,0.862,28,22,0.7859999999999999,4,4,1.0,0,8.5,52.5,1.5,1,1,61,12,2,21,1,27,47,0,47,24.0,3.0,0
test/mpi/session/session.c,109,80,0.7340000000000001,50,27,0.54,5,5,1.0,2,6.8,30.4,1.2,0,1,69,3,5,18,0,15,52,0,52,30.0,6.0,0
test/mpi/session/session_bsend.c,115,95,0.826,54,33,0.611,2,2,1.0,0,14.5,74.0,1.5,0,1,109,1,2,4,0,8,81,0,81,30.0,15.0,0
test/mpi/session/session_psets.c,85,59,0.6940000000000001,30,19,0.633,1,1,1.0,0,16.0,101.0,2.0,1,1,101,0,1,2,1,13,59,0,59,15.0,15.0,0
test/mpi/session/session_self.c,49,31,0.633,20,10,0.5,1,1,1.0,0,13.0,65.0,2.0,1,1,65,0,1,2,1,4,31,0,31,11.0,11.0,0
test/mpi/spawn/concurrent_spawns.c,65,55,0.846,32,22,0.688,1,1,1.0,0,14.0,92.0,2.0,1,1,92,0,1,2,1,29,0,0,25,14.0,14.0,25
test/mpi/spawn/disconnect2.c,74,55,0.743,40,24,0.6,1,1,1.0,0,14.0,113.0,2.0,1,1,113,0,1,2,1,26,0,0,32,13.0,13.0,32
test/mpi/spawn/disconnect3.c,74,55,0.743,40,24,0.6,1,1,1.0,0,14.0,113.0,2.0,1,1,113,0,1,2,1,26,0,0,32,13.0,13.0,32
test/mpi/spawn/disconnect.c,52,40,0.769,28,16,0.5710000000000001,1,1,1.0,0,10.0,90.0,2.0,1,1,90,0,1,2,1,26,0,0,26,9.0,9.0,26
test/mpi/spawn/disconnect_reconnect2.c,179,142,0.7929999999999999,92,55,0.598,2,2,1.0,0,12.5,110.0,2.0,1,1,209,0,2,4,1,20,0,0,104,25.0,12.5,104
test/mpi/spawn/disconnect_reconnect3.c,130,112,0.862,68,40,0.588,2,2,1.0,0,11.5,94.0,1.5,1,1,156,0,2,4,1,55,0,0,40,22.0,11.0,40
test/mpi/spawn/disconnect_reconnect.c,117,91,0.778,80,46,0.575,1,1,1.0,0,23.0,157.0,2.0,1,1,157,0,1,2,1,27,0,0,50,25.0,25.0,50
test/mpi/spawn/join.c,110,69,0.627,36,21,0.583,1,1,1.0,0,18.0,151.0,2.0,0,1,151,0,1,1,0,15,77,0,77,17.0,17.0,0
test/mpi/spawn/multiple_ports2.c,110,93,0.845,68,37,0.544,1,1,1.0,0,11.0,139.0,2.0,1,1,139,0,1,2,1,22,0,0,70,10.0,10.0,70
test/mpi/spawn/multiple_ports.c,91,76,0.835,54,30,0.556,1,1,1.0,0,11.0,115.0,2.0,1,1,115,0,1,2,1,15,0,0,55,10.0,10.0,55
test/mpi/spawn/namepub.c,57,34,0.596,14,8,0.5710000000000001,1,1,1.0,0,9.0,81.0,2.0,0,1,81,0,1,1,0,9,49,0,49,8.0,8.0,0
test/mpi/spawn/namepub_conn.c,24,24,1.0,2,2,1.0,1,1,1.0,0,3.0,35.0,2.0,0,1,35,0,1,1,0,4,36,0,36,2.0,2.0,0
test/mpi/spawn/pgroup_connect_test.c,84,71,0.845,32,22,0.688,2,2,1.0,0,9.5,63.0,2.5,0,1,88,1,2,4,0,18,53,0,53,18.0,9.0,0
test/mpi/spawn/pgroup_intercomm_test.c,70,61,0.871,30,19,0.633,3,3,1.0,12,6.33333333333333,37.0,2.0,0,1,61,1,3,6,0,24,46,0,46,18.0,6.0,0
test/mpi/spawn/selfconacc.c,111,62,0.5589999999999999,36,19,0.528,2,2,1.0,0,11.0,66.0,2.0,1,1,121,0,2,4,1,6,0,0,50,20.0,10.0,50
test/mpi/spawn/spaconacc2.c,150,117,0.78,78,39,0.5,2,2,1.0,0,8.0,96.5,2.0,1,1,182,0,2,4,1,18,0,0,103,16.0,8.0,103
test/mpi/spawn/spaconacc.c,145,116,0.8,70,35,0.5,2,2,1.0,0,7.0,94.5,2.0,1,1,178,0,2,4,1,12,0,0,98,14.0,7.0,98
test/mpi/spawn/spaiccreate2.c,48,41,0.8540000000000001,10,7,0.7,1,1,1.0,0,7.0,70.0,2.0,0,1,70,0,1,1,0,17,45,0,45,7.0,7.0,0
test/mpi/spawn/spaiccreate.c,49,45,0.918,18,16,0.889,1,1,1.0,0,11.0,79.0,2.0,0,1,79,0,1,1,0,24,39,0,39,10.0,10.0,0
test/mpi/spawn/spawn1.c,67,50,0.746,26,16,0.615,1,1,1.0,0,14.0,101.0,2.0,0,1,101,0,1,1,0,27,45,0,45,14.0,14.0,0
test/mpi/spawn/spawn2.c,90,70,0.778,38,26,0.684,1,1,1.0,0,20.0,140.0,2.0,0,1,140,0,1,1,0,41,53,0,53,20.0,20.0,0
test/mpi/spawn/spawn_rootargs.c,19,19,1.0,4,4,1.0,1,1,1.0,0,4.0,26.0,2.0,0,1,26,0,1,1,0,11,16,0,16,3.0,3.0,0
test/mpi/spawn/spawnargv.c,68,49,0.721,26,19,0.731,1,1,1.0,0,15.0,102.0,2.0,0,1,102,0,1,1,0,24,44,0,44,14.0,14.0,0
test/mpi/spawn/spawninfo1.c,89,69,0.775,38,25,0.6579999999999999,1,1,1.0,0,17.0,126.0,2.0,0,1,126,0,1,1,0,26,58,0,58,19.0,19.0,0
test/mpi/spawn/spawnintra.c,124,87,0.7020000000000001,42,31,0.738,1,1,1.0,0,23.0,182.0,2.0,0,1,182,0,1,1,0,33,64,0,64,22.0,22.0,0
test/mpi/spawn/spawnmanyarg.c,112,87,0.777,36,27,0.75,2,2,1.0,0,11.0,78.5,3.5,0,1,105,0,2,3,0,33,0,0,27,20.0,10.0,27
test/mpi/spawn/spawnminfo1.c,99,78,0.7879999999999999,40,27,0.675,1,1,1.0,0,18.0,139.0,2.0,0,1,139,0,1,1,0,27,62,0,62,20.0,20.0,0
test/mpi/spawn/spawnmult2.c,70,49,0.7,26,18,0.6920000000000001,1,1,1.0,0,15.0,107.0,2.0,0,1,107,0,1,1,0,24,45,0,45,14.0,14.0,0
test/mpi/spawn/taskmanager.c,57,46,0.807,48,30,0.625,3,3,1.0,0,8.33333333333333,40.3333333333333,2.0,0,1,107,2,3,8,0,10,0,0,25,27.2,6.8,25
test/mpi/threads/coll/allred.c,31,31,1.0,10,9,0.9,2,2,1.0,0,4,22.5,1.5,0,1,32,3,2,8,0,11,35,0,35,6.0,3.0,0
test/mpi/threads/coll/iallred.c,33,33,1.0,10,9,0.9,2,2,1.0,0,4,23.5,1.5,0,1,32,3,2,8,0,11,36,0,36,6.0,3.0,0
test/mpi/threads/comm/comm_create_group_threads2.c,51,46,0.902,18,12,0.667,2,2,1.0,0,6.0,36.0,1.5,1,1,44,4,2,11,1,10,47,0,47,10.0,5.0,0
test/mpi/threads/comm/comm_create_group_threads.c,50,45,0.9,20,14,0.7,2,2,1.0,0,6.5,39.5,1.5,0,1,46,5,2,11,0,13,47,0,47,11.0,5.5,0
test/mpi/threads/comm/comm_create_threads.c,34,34,1.0,10,9,0.9,2,2,1.0,7,4.0,28.0,1.5,0,1,31,3,2,7,0,8,36,0,36,6.0,3.0,0
test/mpi/threads/comm/comm_dup_deadlock.c,48,43,0.8959999999999999,22,16,0.727,2,2,1.0,0,7.0,33.0,1.5,1,1,36,3,2,9,1,4,43,0,43,12.0,6.0,0
test/mpi/threads/comm/comm_idup.c,51,46,0.902,22,16,0.727,2,2,1.0,0,7.0,32.5,1.5,1,1,37,3,2,9,1,4,45,0,45,12.0,6.0,0
test/mpi/threads/comm/ctxdup.c,48,43,0.8959999999999999,8,5,0.625,2,2,1.0,0,4.0,41.5,1.5,1,1,59,0,2,6,1,22,0,0,8,6.0,3.0,8
test/mpi/threads/comm/ctxidup.c,49,44,0.898,8,5,0.625,2,2,1.0,0,4.0,41.5,1.5,1,1,57,0,2,6,1,22,0,0,7,6.0,3.0,7
test/mpi/threads/comm/dup_leak_test.c,49,39,0.7959999999999999,16,12,0.75,2,2,1.0,0,8.0,33.5,1.5,1,1,56,1,2,7,1,11,38,0,38,10.0,5.0,0
test/mpi/threads/comm/idup_comm_gen.c,98,92,0.939,22,20,0.909,2,2,1.0,3,7.5,64.0,1.5,2,1,93,3,2,11,2,15,67,0,67,13.0,6.5,0
test/mpi/threads/comm/idup_deadlock.c,42,42,1.0,16,15,0.938,2,2,1.0,0,5.0,27.5,1.5,1,1,31,5,2,9,1,4,35,0,35,9.0,4.5,0
test/mpi/threads/comm/idup_nb.c,164,156,0.951,66,57,0.8640000000000001,3,3,1.0,1,12.6666666666667,77.3333333333333,1.33333333333333,2,1,88,5,3,23,2,47,87,0,87,36.900000000000006,12.3,0
test/mpi/threads/init/initth.c,7,7,1.0,0,0,,1,1,1.0,0,2.0,14.0,2.0,0,1,14,0,1,1,0,6,24,0,24,1.0,1.0,0
test/mpi/threads/init/mult_session.c,99,74,0.747,34,21,0.618,4,4,1.0,0,7.25,34.25,2.25,0,1,73,1,4,11,0,10,55,0,55,20.0,5.0,0
test/mpi/threads/mpi_t/mpit_threading.c,435,96,0.221,228,37,0.162,14,5,0.357,0,9.85714285714286,41.0714285714286,1.71428571428571,0,2,90,2,14,31,0,33,0,0,58,135.79999999999998,9.7,58
test/mpi/threads/part/parrived_wait.c,154,134,0.87,50,40,0.8,7,7,1.0,0,5.14285714285714,28.1428571428571,2,0,1,95,14,7,48,0,25,0,0,22,32.2,4.6,22
test/mpi/threads/pt2pt/alltoall.c,38,35,0.921,10,8,0.8,2,2,1.0,6,5,'32.5','1.5',0,1,'37',5,2,10,0,20,34,0,34,8.0,4.0,0
test/mpi/threads/pt2pt/greq_test.c,68,60,0.882,26,15,0.5770000000000001,5,4,0.8,0,'3.2','17.2','1.6',1,1,'61',2,5,12,1,6,0,0,31,11.0,2.2,31
test/mpi/threads/pt2pt/greq_wait.c,58,50,0.862,20,9,0.45,5,4,0.8,0,'2.6','14.6','1.6',1,1,'48',2,5,12,1,8,0,0,28,8.0,1.6,28
test/mpi/threads/pt2pt/ibsend.c,85,82,0.965,20,19,0.95,6,6,1.0,0,'3.66666666666667','18.5','1.16666666666667',1,1,'56',2,6,22,1,20,0,0,26,16.200000000000003,2.7,26
test/mpi/threads/pt2pt/mt_mpicancel.c,69,59,0.855,22,18,0.818,3,3,1.0,0,'5.66666666666667','30.3333333333333','1.33333333333333',2,1,'34',0,3,13,2,17,0,0,14,14.1,4.7,14
test/mpi/threads/pt2pt/mt_pers_sendrecv_impl.c,46,41,0.8909999999999999,22,18,0.818,3,3,1.0,1,'5.33333333333333','20.3333333333333','5.66666666666667',2,1,'28',0,3,24,2,10,0,0,13,14.1,4.7,13
test/mpi/threads/pt2pt/mt_probe_impl.c,152,125,0.8220000000000001,80,44,0.55,10,9,0.9,1,'5.3','25.3','6.3',2,2,'44',0,10,61,4,22,0,0,28,48.0,4.8,28
test/mpi/threads/pt2pt/mt_pt2pt_common.c,116,92,0.7929999999999999,42,35,0.833,2,1,0.5,7,9,'59.3333333333333','1.33333333333333',6,1,'168',8,3,35,6,34,0,0,28,25.0,12.5,28
test/mpi/threads/pt2pt/mt_sendrecv_impl.c,141,117,0.83,85,64,0.753,5,5,1.0,1,'10.2','37.2','5.4',2,1,'48',0,5,21,2,12,0,0,20,49.0,9.8,20
test/mpi/threads/pt2pt/multisend2.c,63,54,0.857,20,17,0.85,3,3,1.0,0,'5.33333333333333','26.3333333333333','1.33333333333333',2,1,'40',1,3,10,2,12,0,0,25,12.9,4.3,25
test/mpi/threads/pt2pt/multisend3.c,82,68,0.8290000000000001,32,24,0.75,3,3,1.0,0,'7.33333333333333','34.6666666666667','1.33333333333333',2,1,'45',2,3,11,2,19,0,0,30,18.9,6.3,30
test/mpi/threads/pt2pt/multisend4.c,75,62,0.8270000000000001,32,23,0.7190000000000001,2,2,1.0,0,10,'48.5','1.5',2,1,'50',2,2,9,2,19,0,0,24,18.0,9.0,24
test/mpi/threads/pt2pt/multisend.c,37,31,0.838,16,14,0.875,2,2,1.0,10,6,'23.5','1.5',0,1,'26',1,2,5,0,4,0,0,9,11.0,5.5,9
test/mpi/threads/pt2pt/sendselfth.c,28,23,0.821,4,1,0.25,2,2,1.0,0,3,21,'1.5',2,1,'32',0,2,7,2,7,0,0,8,4.0,2.0,8
test/mpi/threads/pt2pt/threaded_sr.c,75,44,0.5870000000000001,18,9,0.5,2,2,1.0,0,'6.5',51,'1.5',2,1,'68',1,2,9,2,22,0,0,29,15.0,7.5,29
test/mpi/threads/pt2pt/threads.c,149,119,0.799,86,70,0.8140000000000001,3,3,1.0,1,'13.6666666666667',64,'1.33333333333333',0,1,'69',13,3,23,0,14,0,0,40,45.900000000000006,15.3,40
test/mpi/threads/rma/multifence.c,79,61,0.772,34,26,0.765,2,2,1.0,2,10.5,46.0,1.5,1,1,49,5,2,13,1,4,0,0,16,19.0,9.5,16
test/mpi/threads/rma/multiget.c,39,33,0.846,10,8,0.8,2,2,1.0,0,4.5,28.5,1.5,2,1,41,1,2,9,2,4,0,0,14,7.0,3.5,14
test/mpi/threads/rma/multirma.c,32,26,0.812,8,6,0.75,2,2,1.0,2,4.0,24.0,1.5,1,1,35,3,2,8,1,6,0,0,13,6.0,3.0,13
test/mpi/threads/spawn/multispawn.c,63,50,0.794,20,14,0.7,2,2,1.0,0,7.0,53.0,1.5,0,1,84,2,2,5,0,28,0,0,19,12.0,6.0,19
test/mpi/threads/spawn/th_taskmanager.c,59,53,0.898,50,32,0.64,4,4,1.0,0,5.5,29.75,1.75,0,1,94,3,4,14,0,15,0,0,27,20.0,5.0,27
test/mpi/topo/cartcreates.c,32,22,0.688,8,5,0.625,1,1,1.0,0,6.0,41.0,2.0,1,1,41,0,1,3,1,5,0,0,7,5.0,5.0,7
test/mpi/topo/cartmap1.c,35,23,0.657,12,8,0.667,1,1,1.0,0,8.0,50.0,2.0,1,1,50,0,1,3,1,8,32,0,32,7.0,7.0,0
test/mpi/topo/cartshift1.c,73,49,0.6709999999999999,40,32,0.8,1,1,1.0,0,14.0,80.0,2.0,1,1,80,0,1,3,1,5,48,0,48,25.0,25.0,0
test/mpi/topo/cartsuball.c,28,22,0.7859999999999999,6,4,0.667,1,1,1.0,0,5.0,41.0,2.0,1,1,41,0,1,3,1,9,33,0,33,4.0,4.0,0
test/mpi/topo/cartzero.c,50,32,0.64,14,8,0.5710000000000001,1,1,1.0,0,9.0,70.0,2.0,1,1,70,0,1,3,1,15,0,0,11,8.0,8.0,11
test/mpi/topo/dgraph_unwgt.c,94,65,0.691,44,32,0.727,2,2,1.0,0,8.5,74.0,1.5,0,1,90,0,2,3,0,34,0,0,23,24.0,12.0,23
test/mpi/topo/dims0.c,11,8,0.727,2,1,0.5,1,1,1.0,0,3.0,15.0,2.0,0,1,15,0,1,1,0,8,26,0,26,2.0,2.0,0
test/mpi/topo/dims1.c,101,56,0.5539999999999999,30,17,0.5670000000000001,3,3,1.0,0,7.0,40.6666666666667,2.0,0,1,104,0,3,5,0,8,61,0,61,18.0,6.0,0
test/mpi/topo/dims2.c,55,37,0.6729999999999999,14,10,0.7140000000000001,2,2,1.0,0,5.5,35.5,2.0,0,1,64,0,2,3,0,13,40,0,40,9.0,4.5,0
test/mpi/topo/dims3.c,27,17,0.63,12,9,0.75,2,1,0.5,0,5.0,19.0,2.0,0,1,29,0,2,3,0,5,29,0,29,8.0,4.0,0
test/mpi/topo/dims4.c,13,12,0.923,4,3,0.75,1,1,1.0,0,4.0,18.0,2.0,1,1,18,0,1,2,1,4,26,0,26,3.0,3.0,0
test/mpi/topo/dims5.c,56,27,0.482,26,9,0.346,4,3,0.75,0,5.25,16.5,2.5,2,2,32,3,4,12,4,13,0,0,13,16.8,4.2,13
test/mpi/topo/distgraph1.c,422,359,0.851,221,189,0.855,3,3,1.0,10,60.0,354.0,2.0,0,1,354,2,1,3,0,54,0,0,6,113.1,37.7,6
test/mpi/topo/graphcr2.c,45,39,0.867,8,6,0.75,1,1,1.0,0,6.0,54.0,2.0,1,1,54,0,1,3,1,10,0,0,16,5.0,5.0,16
test/mpi/topo/graphcr.c,13,10,0.769,2,1,0.5,1,1,1.0,0,3.0,19.0,2.0,0,1,19,0,1,1,0,9,0,0,5,2.0,2.0,5
test/mpi/topo/graphmap1.c,22,15,0.682,6,4,0.667,1,1,1.0,0,4.0,28.0,2.0,1,1,28,0,1,2,1,6,30,0,30,4.0,4.0,0
test/mpi/topo/topodup.c,96,65,0.677,36,23,0.639,1,1,1.0,0,18.0,109.0,2.0,0,1,109,0,1,1,0,7,59,0,59,19.0,19.0,0
test/mpi/topo/topotest.c,23,17,0.7390000000000001,4,2,0.5,1,1,1.0,0,4.0,33.0,2.0,1,1,33,0,1,2,1,7,31,0,31,3.0,3.0,0
test/mpi/util/dtypes.c,124,105,0.847,562,425,0.7559999999999999,6,4,0.667,0,3.33333333333333,29.3333333333333,4.5,0,3,115,2,6,11,0,68,0,0,334,22.200000000000003,3.7,334
test/mpi/util/mtest.c,847,618,0.73,431,268,0.622,29,23,0.7929999999999999,1,8.73076923076923,39.0769230769231,1.53846153846154,2,5,341,11,26,65,10,208,0,0,154,266.6,8.6,154
test/mpi/util/mtest_single.c,4,4,1.0,0,0,,2,2,1.0,0,2.0,3.0,1.0,0,2,3,0,2,2,0,6,21,0,21,2.0,1.0,0
test/mpi/util/mtest_thread.c,36,35,0.972,16,11,0.688,5,5,1.0,1,2.0,3.0,1.0,0,2,3,0,2,2,0,31,0,0,3,11.2,1.6,3
test/mpi/util/mtest_thread_pthread.h,59,48,0.8140000000000001,16,9,0.562,7,7,1.0,0,3.14285714285714,9.85714285714286,1.14285714285714,0,7,18,0,7,7,0,0,0,0,12,25.0,2.5,12
modules/libfabric/util/pingpong.c,1347,0,0.0,890,0,0.0,61,0,0.0,2,0.0,0.0,0.0,3,1,0,56,61,399,3,98,0,0,572,353.8,5.8,572
src/pm/hydra/lib/tools/topo/hwloc/topo_hwloc.c,408,36,0.088,624,9,0.0139999999999999,11,2,0.182,2,11.363636363636402,61.0,2.18181818181818,2,3,194,36,33,156,2,79,0,0,100,135.3,12.3,100
src/pm/hydra/lib/utils/string.c,149,59,0.396,204,26,0.127,11,6,0.545,5,4.63636363636364,23.0,1.63636363636364,0,16,55,0,22,28,0,6,0,0,31,36.3,3.3,31
src/pm/hydra/lib/utils/sock.c,279,154,0.552,638,74,0.1159999999999999,13,10,0.769,3,7.61538461538461,38.3846153846154,3.15384615384615,4,10,78,14,26,71,20,44,0,0,35,83.2,6.4,35
src/pm/hydra/lib/utils/signals.c,25,24,0.96,60,15,0.25,2,2,1.0,1,2.5,29.0,1.5,0,2,30,0,4,6,0,10,0,0,4,6.0,3.0,4
src/pm/hydra/lib/utils/rankmap.c,48,36,0.75,38,16,0.421,2,2,1.0,0,10.0,35.0,2.0,2,2,46,0,4,10,2,10,0,0,4,15.0,7.5,4
src/pm/hydra/lib/utils/others.c,37,17,0.4589999999999999,36,5,0.139,3,2,0.667,3,4.66666666666667,21.0,2.0,2,6,38,0,6,12,6,5,0,0,5,9.9,3.3,5
src/pm/hydra/lib/utils/launch.c,61,51,0.836,24,2,0.083,1,1,1.0,0,22.0,95.0,7.0,4,2,95,0,2,7,4,9,0,0,11,27.0,27.0,11
src/pm/hydra/lib/utils/env.c,166,134,0.807,174,52,0.299,12,10,0.833,3,4.25,24.4166666666667,1.8333333333333297,3,10,49,0,24,64,15,8,0,0,53,32.400000000000006,2.7,53
src/pm/hydra/lib/utils/dbg.c,12,10,0.833,30,3,0.1,2,2,1.0,1,3.0,13.5,1.0,1,2,23,2,4,9,1,4,0,0,5,4.0,2.0,5
src/pm/hydra/lib/utils/args.c,232,135,0.5820000000000001,516,90,0.174,12,10,0.833,2,6.583333333333331,34.1666666666667,2.08333333333333,4,14,60,0,24,61,28,18,0,0,56,68.4,5.7,56
src/pm/hydra/lib/utils/alloc.c,283,245,0.866,270,75,0.278,15,14,0.933,2,4.53333333333333,27.5333333333333,2.0,4,14,96,0,30,143,28,6,0,0,55,52.5,3.5,55
src/pm/hydra/lib/tools/topo/topo.c,67,47,0.701,80,16,0.2,4,4,1.0,4,2.0,31.0,1.75,2,2,47,8,8,28,2,8,0,0,15,24.0,6.0,15
modules/json-c/linkhash.h,2,2,1.0,0,0,,1,1,1.0,4,0,0,0,0,0,0,13,0,0,0,0,7,0,7,1.0,1.0,0
test/mpi/util/mtest_common.c,210,125,0.595,86,33,0.384,24,19,0.792,3,6.666666666666669,32.3333333333333,2.08333333333333,1,15,249,3,24,52,15,88,0,0,51,168.0,7.0,51
src/pm/hydra/lib/tools/demux/demux_select.c,70,0,0.0,102,0,0.0,2,0,0.0,2,13.0,58.5,1.0,4,4,81,0,4,20,8,11,0,0,4,22.0,11.0,4
src/pm/hydra/lib/tools/demux/demux_poll.c,76,66,0.868,134,45,0.336,2,2,1.0,2,13.5,64.0,1.0,4,4,92,0,4,22,8,14,0,0,7,23.0,11.5,7
src/pm/hydra/lib/tools/demux/demux.c,116,102,0.879,158,42,0.266,8,8,1.0,18,4.875,30.375,1.5,7,8,59,8,16,75,28,38,0,0,18,36.0,4.5,18
src/pm/hydra/lib/tools/bootstrap/utils/bscu_wait.c,82,71,0.866,76,34,0.447,4,4,1.0,12,2.0,35.0,0.625,3,2,109,10,8,42,3,16,0,0,8,24.0,6.0,8
src/pm/hydra/lib/tools/bootstrap/utils/bscu_cb.c,19,18,0.947,32,12,0.375,1,1,1.0,6,2.0,34.0,3.0,4,2,34,0,2,8,4,5,0,0,3,5.0,5.0,3
src/pm/hydra/lib/tools/bootstrap/src/bsci_wait.c,11,8,0.727,14,8,0.5710000000000001,1,1,1.0,0,4.0,20.0,1.0,3,2,20,0,2,5,3,4,0,0,2,2.0,2.0,2
src/pm/hydra/lib/tools/bootstrap/src/bsci_query_proxy_id.c,11,0,0.0,14,0,0.0,1,0,0.0,0,4.0,21.0,1.0,2,2,21,0,2,4,2,5,0,0,2,2.0,2.0,2
src/pm/hydra/lib/tools/bootstrap/src/bsci_query_node_list.c,11,7,0.636,14,1,0.071,1,1,1.0,0,4.0,21.0,1.0,2,2,21,0,2,4,2,5,0,0,2,2.0,2.0,2
src/pm/hydra/lib/tools/bootstrap/src/bsci_query_native_int.c,11,10,0.909,14,5,0.357,1,1,1.0,1,4.0,20.0,1.0,2,2,20,0,2,4,2,4,0,0,2,2.0,2.0,2
src/pm/hydra/lib/tools/bootstrap/src/bsci_launch.c,8,7,0.875,12,3,0.25,1,1,1.0,0,3.0,17.0,5.0,2,2,17,0,2,4,2,4,0,0,2,1.0,1.0,2
src/pm/hydra/lib/tools/bootstrap/src/bsci_init.c,107,87,0.813,168,49,0.292,5,5,1.0,7,8.2,32.8,1.8,2,2,105,12,10,63,2,17,0,0,14,35.0,7.0,14
src/pm/hydra/lib/tools/bootstrap/src/bsci_finalize.c,18,14,0.778,52,11,0.212,1,1,1.0,0,5.0,29.0,1.0,3,2,29,0,2,6,3,5,0,0,2,3.0,3.0,2
src/pm/hydra/lib/tools/bootstrap/src/bsci_env.c,11,9,0.818,14,4,0.286,1,1,1.0,0,4.0,20.0,2.0,2,2,20,0,2,4,2,4,0,0,2,2.0,2.0,2
src/pm/hydra/lib/tools/bootstrap/persist/persist_wait.c,17,0,0.0,18,0,0.0,1,0,0.0,2,2.0,29.0,1.0,3,2,29,0,2,8,3,4,0,0,3,5.0,5.0,3
src/pm/hydra/lib/tools/bootstrap/persist/persist_launch.c,50,0,0.0,204,0,0.0,2,0,0.0,6,3.5,44.5,4.0,4,2,47,4,4,23,4,6,0,0,6,6.0,3.0,6
src/pm/hydra/lib/tools/bootstrap/persist/persist_init.c,7,0,0.0,0,0,,1,0,0.0,0,2.0,13.0,1.0,5,2,13,0,2,8,5,4,0,0,2,1.0,1.0,2
src/pm/hydra/lib/tools/bootstrap/external/user_init.c,2,2,1.0,0,0,,1,1,1.0,0,2.0,4.0,1.0,0,2,4,0,2,2,0,4,0,0,0,1.0,1.0,0
src/pm/hydra/lib/tools/bootstrap/external/ssh_init.c,14,14,1.0,6,3,0.5,1,1,1.0,2,5.0,22.0,1.0,7,2,22,6,2,17,7,4,0,0,3,4.0,4.0,3
src/pm/hydra/lib/tools/bootstrap/external/ssh_finalize.c,11,6,0.545,2,1,0.5,1,1,1.0,0,3.0,19.0,1.0,2,2,19,0,2,8,2,4,0,0,5,2.0,2.0,5
src/pm/hydra/lib/tools/bootstrap/external/ssh_env.c,6,6,1.0,0,0,,1,1,1.0,4,2.0,12.0,2.0,2,2,12,0,2,4,2,4,0,0,3,1.0,1.0,3
src/pm/hydra/lib/tools/bootstrap/external/ssh.c,44,0,0.0,74,0,0.0,2,0,0.0,8,5.75,28.75,1.5,4,4,53,14,8,38,8,11,0,0,3,15.0,7.5,3
src/pm/hydra/lib/tools/bootstrap/external/slurm_query_proxy_id.c,10,0,0.0,14,0,0.0,1,0,0.0,4,2.0,18.0,1.0,0,2,18,0,2,2,0,4,0,0,3,2.0,2.0,3
src/pm/hydra/lib/tools/bootstrap/external/slurm_query_node_list.c,157,0,0.0,204,0,0.0,3,0,0.0,4,7.5,48.5,1.25,1,2,66,4,8,28,1,69,0,0,29,55.8,9.3,29
src/pm/hydra/lib/tools/bootstrap/external/slurm_query_native_int.c,13,13,1.0,10,5,0.5,1,1,1.0,2,2.0,19.0,1.0,2,2,19,0,2,4,2,4,0,0,7,6.0,6.0,7
src/pm/hydra/lib/tools/bootstrap/external/slurm_launch.c,94,0,0.0,142,0,0.0,2,0,0.0,4,4.0,81.0,4.0,5,2,115,4,4,31,5,21,0,0,27,16.0,8.0,27
src/pm/hydra/lib/tools/bootstrap/external/slurm_init.c,9,4,0.444,0,0,,2,1,0.5,0,2.0,7.5,1.0,11,4,8,0,4,19,22,4,0,0,0,2.0,1.0,0
src/pm/hydra/lib/tools/bootstrap/external/slurm_env.c,9,0,0.0,6,0,0.0,1,0,0.0,2,2.0,16.0,2.0,0,2,16,0,2,2,0,5,0,0,5,4.0,4.0,5
src/pm/hydra/lib/tools/bootstrap/external/sge_query_node_list.c,33,0,0.0,58,0,0.0,2,0,0.0,0,6.0,29.5,2.0,1,2,33,0,4,9,1,4,0,0,4,7.0,3.5,4
src/pm/hydra/lib/tools/bootstrap/external/sge_query_native_int.c,12,12,1.0,6,3,0.5,1,1,1.0,0,5.0,18.0,1.0,2,2,18,0,2,4,2,4,0,0,5,4.0,4.0,5
src/pm/hydra/lib/tools/bootstrap/external/sge_init.c,8,4,0.5,0,0,,2,1,0.5,0,2.0,7.0,1.0,5,4,7,0,4,16,10,4,0,0,0,2.0,1.0,0
src/pm/hydra/lib/tools/bootstrap/external/sge_env.c,6,0,0.0,0,0,,1,0,0.0,0,2.0,25.0,2.0,2,2,25,0,2,4,2,4,0,0,3,1.0,1.0,3
src/pm/hydra/lib/tools/bootstrap/external/rsh_init.c,4,0,0.0,0,0,,1,0,0.0,0,2.0,7.0,1.0,5,2,7,0,2,8,5,4,0,0,0,1.0,1.0,0
src/pm/hydra/lib/tools/bootstrap/external/rsh_env.c,6,0,0.0,0,0,,1,0,0.0,0,2.0,12.0,2.0,2,2,12,0,2,4,2,4,0,0,3,1.0,1.0,3
src/pm/hydra/lib/tools/bootstrap/external/pbs_query_node_list.c,15,0,0.0,28,0,0.0,1,0,0.0,0,5.0,26.0,1.0,1,2,26,0,2,4,1,4,0,0,2,3.0,3.0,2
src/pm/hydra/lib/tools/bootstrap/external/pbs_query_native_int.c,8,8,1.0,2,1,0.5,1,1,1.0,0,3.0,14.0,1.0,2,2,14,0,2,4,2,4,0,0,3,2.0,2.0,3
src/pm/hydra/lib/tools/bootstrap/external/pbs_init.c,4,4,1.0,0,0,,1,1,1.0,0,2.0,7.0,1.0,3,2,7,0,2,8,3,5,0,0,0,2.0,1.0,0
src/pm/hydra/lib/tools/bootstrap/external/manual_init.c,3,0,0.0,0,0,,1,0,0.0,0,2.0,6.0,1.0,3,2,6,0,2,5,3,4,0,0,0,1.0,1.0,0
src/pm/hydra/lib/tools/bootstrap/external/lsf_query_node_list.c,26,0,0.0,44,0,0.0,1,0,0.0,0,7.0,46.0,1.0,1,2,46,0,2,3,1,6,0,0,6,5.0,5.0,6
src/pm/hydra/lib/tools/bootstrap/external/lsf_query_native_int.c,10,10,1.0,4,2,0.5,1,1,1.0,0,4.0,16.0,1.0,2,2,16,0,2,4,2,4,0,0,4,3.0,3.0,4
src/pm/hydra/lib/tools/bootstrap/external/lsf_init.c,8,4,0.5,0,0,,2,1,0.5,0,2.0,7.0,1.0,5,4,7,0,4,16,10,4,0,0,0,2.0,1.0,0
src/pm/hydra/lib/tools/bootstrap/external/lsf_env.c,6,0,0.0,0,0,,1,0,0.0,0,2.0,29.0,2.0,3,2,29,0,2,5,3,4,0,0,3,1.0,1.0,3
src/pm/hydra/lib/tools/bootstrap/external/ll_query_proxy_id.c,10,0,0.0,14,0,0.0,1,0,0.0,2,2.0,18.0,1.0,0,2,18,0,2,2,0,4,0,0,3,2.0,2.0,3
src/pm/hydra/lib/tools/bootstrap/external/ll_query_node_list.c,35,0,0.0,58,0,0.0,3,0,0.0,8,2.33333333333333,20.6666666666667,1.6666666666666703,1,4,27,2,6,15,2,4,0,0,4,8.100000000000001,2.7,4
src/pm/hydra/lib/tools/bootstrap/external/ll_query_native_int.c,10,10,1.0,4,2,0.5,1,1,1.0,0,4.0,16.0,1.0,2,2,16,0,2,4,2,4,0,0,4,3.0,3.0,4
src/pm/hydra/lib/tools/bootstrap/external/ll_launch.c,57,0,0.0,120,0,0.0,1,0,0.0,4,2.0,100.0,5.0,7,2,100,4,2,20,7,15,0,0,14,10.0,10.0,14
src/pm/hydra/lib/tools/bootstrap/external/ll_init.c,9,4,0.444,0,0,,2,1,0.5,0,2.0,7.5,1.0,11,4,8,0,4,19,22,4,0,0,0,2.0,1.0,0
src/pm/hydra/lib/tools/bootstrap/external/ll_env.c,6,0,0.0,0,0,,1,0,0.0,2,2.0,48.0,2.0,3,2,48,0,2,5,3,4,0,0,3,1.0,1.0,3
src/pm/hydra/lib/tools/bootstrap/external/fork_init.c,3,0,0.0,0,0,,1,0,0.0,0,2.0,6.0,1.0,3,2,6,0,2,5,3,4,0,0,0,1.0,1.0,0
src/pm/hydra/lib/tools/bootstrap/external/external_common_launch.c,181,90,0.497,314,49,0.156,5,2,0.4,0,11.2,59.8,1.8,7,2,222,4,10,52,7,41,0,0,48,57.0,11.4,48
src/pm/hydra/lib/tools/bootstrap/external/external_common.c,9,8,0.889,4,3,0.75,2,2,1.0,40,2.0,8.0,1.5,0,4,10,0,4,4,0,4,0,0,2,4.0,2.0,2
src/pm/hydra/lib/tools/bootstrap/external/cobalt_query_node_list.c,15,0,0.0,28,0,0.0,1,0,0.0,2,2.0,26.0,1.0,1,2,26,0,2,4,1,4,0,0,2,3.0,3.0,2
src/pm/hydra/lib/tools/bootstrap/external/cobalt_query_native_int.c,8,8,1.0,2,1,0.5,1,1,1.0,2,2.0,14.0,1.0,2,2,14,0,2,4,2,4,0,0,3,2.0,2.0,3
src/pm/hydra/lib/tools/bootstrap/external/cobalt_init.c,4,4,1.0,0,0,,1,1,1.0,0,2.0,7.0,1.0,5,2,7,0,2,8,5,4,0,0,0,1.0,1.0,0
src/mpl/src/timer/mpl_timer_common.h,17,17,1.0,12,9,0.75,1,1,1.0,0,6.0,23.0,1.0,4,2,23,2,2,8,4,0,410,0,410,7.0,7.0,0
src/mpl/src/timer/mpl_timer_clock_gettime.c,42,22,0.524,6,3,0.5,9,5,0.556,0,2.44444444444444,9.66666666666667,1.7777777777777797,0,14,18,6,18,26,0,9,0,0,1,11.7,1.3,1
src/mpl/src/thread/mpl_thread_posix.c,25,20,0.8,6,2,0.3329999999999999,3,2,0.667,0,6.333333333333331,25.3333333333333,3.0,0,4,41,6,6,16,0,33,462,0,462,14.1,4.7,0
src/mpl/src/str/mpl_str.c,93,86,0.925,50,44,0.88,7,7,1.0,4,4.66666666666667,19.5555555555556,2.22222222222222,0,14,32,0,18,22,0,131,472,0,472,38.7,4.3,0
src/mpl/src/str/mpl_argstr.c,332,151,0.455,220,89,0.405,13,10,0.769,0,8.61538461538461,37.0769230769231,3.15384615384615,1,4,70,0,26,62,2,186,502,0,502,124.8,9.6,0
src/mpl/src/str/mpl_arg_serial.c,45,0,0.0,18,0,0.0,2,0,0.0,0,4.5,40.0,4.0,0,4,42,0,4,4,0,11,474,0,474,8.0,4.0,0
src/mpl/src/sock/mpl_sockaddr.c,176,53,0.301,110,15,0.136,13,5,0.385,2,5.07692307692308,20.0769230769231,2.0,0,6,43,6,26,68,0,55,81,0,81,59.8,4.6,0
src/mpl/src/sock/mpl_host.c,42,38,0.905,28,19,0.679,3,3,1.0,0,7.0,27.0,1.0,3,2,50,4,6,25,3,19,474,0,474,18.0,6.0,0
src/mpl/src/shm/mpl_shm_mmap.c,110,66,0.6,46,21,0.457,11,7,0.636,0,0,0,0,0,0,0,2,0,0,0,52,482,0,482,36.3,3.3,0
src/mpl/src/shm/mpl_shm.c,34,25,0.735,6,3,0.5,6,4,0.667,0,2.5,9.0,2.0,0,12,13,0,12,12,0,49,469,0,469,9.0,1.5,0
src/mpl/src/msg/mpl_msg.c,37,9,0.243,4,0,0.0,5,2,0.4,0,2.4,14.6,2.2,1,10,24,0,10,11,5,11,0,0,1,7.0,1.4,1
src/mpl/src/misc/mpl_misc.c,103,73,0.7090000000000001,58,34,0.586,6,4,0.667,1,6.0,26.1666666666667,2.16666666666667,0,8,48,0,12,16,0,22,473,0,473,40.2,6.7,0
src/mpl/src/mem/mpl_trmem.c,398,9,0.023,308,3,0.01,27,1,0.037,0,4.75,24.84375,3.125,2,16,136,72,64,279,16,222,0,0,92,142.8,4.2,92
src/mpl/src/gpu/mpl_gpu_fallback.c,75,7,0.093,0,0,,32,2,0.062,0,2.0,4.59375,2.09375,2,64,6,0,64,66,64,4,468,0,468,32.0,1.0,0
src/mpl/src/gpu/mpl_gpu_common.c,3,0,0.0,0,0,,1,0,0.0,4,2.0,14.0,1.0,0,2,14,2,2,2,0,4,458,0,458,4.0,4.0,0
src/mpl/src/gavl/mpl_gavl.c,238,0,0.0,130,0,0.0,15,0,0.0,0,5.46666666666667,27.8,2.46666666666667,0,6,79,0,30,72,0,99,503,0,503,69.0,4.6,0
src/mpl/src/env/mpl_env.c,85,50,0.588,72,32,0.444,6,5,0.833,0,5.0,20.8333333333333,2.0,0,12,30,0,12,12,0,31,0,0,28,42.0,7.0,28
src/mpl/src/bt/mpl_bt.c,7,0,0.0,2,0,0.0,1,0,0.0,0,2.0,4.0,1.0,0,2,4,0,2,2,0,4,462,0,462,3.0,1.5,0
src/mpid/ch4/netmod/ofi/coll/ofi_triggered.h,124,99,0.7979999999999999,92,30,0.326,4,4,1.0,6,6.5,54.25,9.75,2,14,79,28,16,44,14,0,0,0,13,39.2,4.9,13
src/mpid/ch4/netmod/ofi/coll/ofi_coll_util.h,283,251,0.887,364,110,0.302,4,4,1.0,4,13.25,131.75,15.0,4,8,137,0,8,52,16,0,0,0,55,42.0,10.5,55
src/mpid/ch4/netmod/ofi/coll/ofi_bcast_tree_tagged.h,52,43,0.8270000000000001,52,26,0.5,1,1,1.0,1,14.0,100.0,7.0,5,2,100,0,2,10,5,0,0,0,61,15.0,15.0,61
src/mpid/ch4/netmod/ofi/coll/ofi_bcast_tree_rma.h,52,43,0.8270000000000001,58,27,0.466,1,1,1.0,1,14.0,101.0,7.0,5,2,101,0,2,10,5,0,0,0,61,15.0,15.0,61
src/mpi/romio/mpi-io/glue/mpich/mpio_file.c,40,9,0.225,20,0,0.0,5,3,0.6,1,3.6,13.8,1.0,1,10,35,0,10,15,5,19,462,0,462,15.0,3.0,0
src/mpi/romio/mpi-io/glue/mpich/mpio_err.c,26,17,0.654,14,9,0.643,3,2,0.667,0,3.66666666666667,21.6666666666667,4.0,2,6,41,0,6,8,6,14,470,0,470,9.9,3.3,0
src/mpi/datatype/typerep/src/typerep_yaksa_pack_external.c,133,101,0.759,218,100,0.4589999999999999,3,3,1.0,1,13.6666666666667,74.0,3.66666666666667,4,2,97,4,6,28,4,17,0,0,18,38.1,12.7,18
src/mpi/datatype/typerep/src/typerep_yaksa_pack.c,323,212,0.6559999999999999,338,178,0.527,18,11,0.611,0,5.44444444444444,33.2777777777778,6.33333333333333,7,14,89,0,36,103,49,81,0,0,31,104.4,5.8,31
src/mpi/datatype/typerep/src/typerep_yaksa_iov.c,98,36,0.367,78,13,0.1669999999999999,3,2,0.667,0,7.666666666666669,60.66666666666671,7.0,2,6,107,0,6,12,6,15,0,0,8,18.9,6.3,8
src/mpi/datatype/typerep/src/typerep_yaksa_init.c,143,113,0.79,80,49,0.613,4,4,1.0,8,28.75,106.5,1.0,0,4,326,8,8,30,0,12,0,0,10,114.0,28.5,10
src/mpi/datatype/typerep/src/typerep_yaksa_debug.c,2,0,0.0,0,0,,1,0,0.0,0,2.0,6.0,1.0,0,2,6,0,2,2,0,4,0,0,0,1.0,1.0,0
src/mpi/datatype/typerep/src/typerep_yaksa_create.c,181,170,0.939,138,54,0.391,12,12,1.0,0,3.91666666666667,28.0833333333333,4.08333333333333,2,4,67,0,24,64,4,12,0,0,19,24.0,2.0,19
src/mpi/datatype/typerep/src/typerep_yaksa_commit.c,33,33,1.0,25,19,0.76,2,2,1.0,2,5.0,30.0,1.0,0,4,46,0,4,4,0,4,0,0,0,12.0,6.0,0
src/mpi/datatype/typerep/src/typerep_util.h,18,9,0.5,7,3,0.429,2,1,0.5,0,5.85714285714286,15.0,1.85714285714286,2,12,21,0,14,18,12,0,0,0,1,15.0,2.5,1
src/mpi/datatype/typerep/src/typerep_op.c,91,78,0.857,109,51,0.4679999999999999,2,2,1.0,4,6.0,70.0,7.5,4,2,89,0,4,10,4,16,0,0,14,14.0,7.0,14
src/mpi/datatype/typerep/src/typerep_internal.h,12,8,0.667,6,3,0.5,2,2,1.0,0,12.3333333333333,93.6666666666667,8.33333333333333,4,6,137,0,6,15,12,0,0,0,0,8.0,4.0,0
src/mpi/datatype/typerep/src/typerep_flatten.c,53,50,0.943,16,6,0.375,3,3,1.0,1,3.33333333333333,31.3333333333333,2.0,1,4,40,18,6,45,2,25,0,0,9,6.9,2.3,9
src/mpi/datatype/typerep/src/typerep_ext32.c,17,14,0.8240000000000001,8,5,0.625,3,3,1.0,6,2.0,16.6666666666667,1.0,0,6,21,6,6,10,0,7,0,0,4,27.9,9.3,4
modules/json-c/strerror_override.c,21,0,0.0,12,0,0.0,1,0,0.0,2,8.0,40.0,1.0,0,1,0,7,1,6,0,8,17,0,17,7.0,7.0,0
modules/libfabric/src/unix/osd.c,148,54,0.365,80,21,0.262,11,4,0.364,0,0.0,0.0,0.0,1,22,'78',0,24,30,11,34,1170,0,1170,54.0,4.5,0
modules/libfabric/src/osx/osd.c,44,0,0.0,20,0,0.0,6,0,0.0,0,0.0,0.0,0.0,0,4,'23',0,12,20,0,32,829,0,829,16.200000000000003,2.7,0
