filename,line_total,line_covered,line_percent,branch_total,branch_covered,branch_percent,function_total,function_covered,function_percent,ACC,ACCM,AMLOC,ANPM,CBO,LCOM4,MMLOC,NOA,NOM,RFC,SC,LOCCOM,NSM,NMC,NMCI,NMCE,WMC,AMC
3rd-party/treematch/fibo.c,69,0,0.0,36,0,0.0,6,0,0.0,1,'3.18181818181818',16.8181818181818,1.36363636363636,3,11,75,0,11,52,33,108,0,198,0,198,36.0,4.0
3rd-party/treematch/IntConstantInitializedVector.c,38,0,0.0,24,0,0.0,4,0,0.0,0,2,9.8,2.2,2,3,15,0,5,28,6,0,0,15,0,15,17.0,3.4
3rd-party/treematch/k-partitioning.c,189,0,0.0,88,0,0.0,11,0,0.0,0,'5.5',28.4166666666667,6.0,4,2,65,0,12,42,8,34,0,71,0,71,55.0,5.0
3rd-party/treematch/PriorityQueue.c,114,0,0.0,40,0,0.0,19,0,0.0,1,'2.47368421052632',7.84210526315789,2.0,8,14,13,0,38,146,112,4,0,33,0,33,39.9,2.1
3rd-party/treematch/tm_bucket.c,364,0,0.0,159,0,0.0,18,0,0.0,1,'4.5',27.7272727272727,2.68181818181818,11,3,145,2,22,116,33,27,1,278,0,278,112.2,5.1
3rd-party/treematch/tm_kpartitioning.c,321,0,0.0,170,0,0.0,16,0,0.0,2,'6.61111111111111',34.8888888888889,4.0,11,1,123,2,18,77,11,145,3,225,3,222,140.0,7.0
3rd-party/treematch/tm_mt.c,64,0,0.0,20,0,0.0,8,0,0.0,5,'2.625',11.625,1.125,0,1,30,4,8,24,0,68,0,14,0,14,17.6,2.2
3rd-party/treematch/tm_thread_pool.c,221,0,0.0,61,0,0.0,16,0,0.0,4,'3.29411764705882',19.2941176470588,1.76470588235294,7,2,62,4,17,95,14,18,0,224,17,207,46.4,2.9
3rd-party/treematch/tm_timings.c,16,0,0.0,6,0,0.0,2,0,0.0,0,2,13.5,1.0,0,1,18,2,2,6,0,0,0,9,0,9,5.0,2.5
3rd-party/treematch/tm_topology.c,501,0,0.0,201,0,0.0,27,0,0.0,5,'4.05714285714286',22.8285714285714,1.94285714285714,5,13,99,1,35,162,65,73,3,369,6,363,136.3,4.7
3rd-party/treematch/tm_tree.c,1150,0,0.0,522,0,0.0,60,0,0.0,64,'5.75714285714286',26.8285714285714,3.68571428571429,15,9,192,4,70,334,135,180,11,507,6,501,381.6,5.3
3rd-party/treematch/tm_verbose.c,21,0,0.0,6,0,0.0,5,0,0.0,0,'2.6',5.0,1.0,0,2,7,2,5,10,0,0,0,9,0,9,8.0,1.6
ompi/attribute/attribute_predefined.c,106,0,0.0,74,0,0.0,10,0,0.0,4,'2.4',17.3,1.2,8,3,35,1,10,35,24,109,0,612,0,612,53.0,5.3
ompi/class/ompi_seq_tracker.c,106,0,0.0,86,0,0.0,5,0,0.0,0,'2.11111111111111',16.3333333333333,2.0,3,9,90,0,9,25,27,32,1,222,0,222,31.0,6.2
ompi/communicator/comm_init.c,270,0,0.0,263,0,0.0,12,0,0.0,32,5,71.7142857142857,1.57142857142857,24,3,127,13,7,140,72,169,0,861,0,861,58.2,9.7
ompi/communicator/ft/comm_ft_reliable_bcast.c,148,0,0.0,116,0,0.0,11,0,0.0,8,5,23.0909090909091,2.09090909090909,17,3,55,5,11,56,51,39,3,693,2,691,48.400000000000006,4.4
ompi/communicator/ft/comm_ft_revoke.c,31,0,0.0,14,0,0.0,4,0,0.0,5,'2.75',15.75,1.25,3,1,26,1,4,15,3,32,0,568,0,568,7.2,1.8
ompi/datatype/ompi_datatype_create.c,57,48,0.8420000000000001,26,11,0.423,3,3,1.0,1,3,14.1666666666667,1.66666666666667,13,5,27,0,6,42,65,28,0,448,0,448,12.0,2.4
ompi/datatype/ompi_datatype_create_contiguous.c,8,8,1.0,4,4,1.0,1,1,1.0,14,2,14.0,3.0,8,1,14,0,1,13,8,20,0,422,0,422,3.0,3.0
ompi/datatype/ompi_datatype_create_darray.c,152,0,0.0,78,0,0.0,3,0,0.0,1,'10.3333333333333',87.3333333333333,10.6666666666667,11,1,125,0,3,26,11,55,0,442,0,442,42.900000000000006,14.3
ompi/datatype/ompi_datatype_create_indexed.c,96,63,0.6559999999999999,44,22,0.5,4,3,0.75,0,6,36.0,5.0,7,4,39,0,4,36,28,29,0,441,0,441,26.0,6.5
ompi/datatype/ompi_datatype_create_struct.c,48,47,0.979,22,19,0.8640000000000001,1,1,1.0,0,10,67.0,5.0,7,1,67,0,1,11,7,28,0,423,0,423,12.0,12.0
ompi/datatype/ompi_datatype_create_subarray.c,37,0,0.0,8,0,0.0,1,0,0.0,0,7,78.0,7.0,8,1,78,0,1,13,8,42,0,429,0,429,5.0,5.0
ompi/datatype/ompi_datatype_create_vector.c,39,18,0.462,32,10,0.312,2,1,0.5,0,5,27.5,5.0,7,2,28,0,2,22,14,23,0,447,0,447,12.0,6.0
ompi/datatype/ompi_datatype_external32.c,12,4,0.3329999999999999,16,0,0.0,2,1,0.5,1,3,10.5,1.0,2,1,11,3,2,9,2,99,0,435,0,435,4.0,2.0
ompi/datatype/ompi_datatype_external.c,42,38,0.905,20,8,0.4,3,3,1.0,0,'2.66666666666667',33.6666666666667,6.0,3,3,42,0,3,11,9,40,0,448,0,448,6.9,2.3
ompi/datatype/ompi_datatype_get_elements.c,26,0,0.0,16,0,0.0,1,0,0.0,0,10,48.0,3.0,4,1,48,0,1,5,4,28,0,423,0,423,9.0,9.0
ompi/datatype/ompi_datatype_match_size.c,16,0,0.0,12,0,0.0,1,0,0.0,1,8,25.0,3.0,5,1,25,1,1,8,5,21,0,420,0,420,7.0,7.0
ompi/datatype/ompi_datatype_module.c,162,142,0.877,420,209,0.498,5,3,0.6,64,'6.25',79.0,1.5,15,2,213,83,4,47,30,130,0,921,0,921,23.0,4.6
ompi/datatype/ompi_datatype_sndrcv.c,49,0,0.0,36,0,0.0,1,0,0.0,0,9,81.0,6.0,7,1,81,0,1,10,7,40,0,450,0,450,16.0,16.0
ompi/debuggers/dlopen_test.c,57,44,0.772,18,11,0.611,3,3,1.0,0,2,6.0,2.0,0,1,6,0,1,1,0,26,0,398,0,398,14.0,3.5
ompi/debuggers/ompi_common_dll.c,262,0,0.0,202,0,0.0,8,0,0.0,1,'8.125',68.25,3.375,5,4,432,2,8,51,20,98,0,219,0,219,48.8,6.1
ompi/debuggers/ompi_debuggers.c,22,0,0.0,6,0,0.0,2,0,0.0,1,3,29.5,2.0,8,1,30,19,2,16,8,60,0,597,0,597,7.0,3.5
ompi/debuggers/ompi_msgq_dll.c,628,0,0.0,196,0,0.0,31,0,0.0,0,'5.90322580645161',36.3225806451613,1.90322580645161,15,16,175,1,31,237,240,337,0,174,0,174,169.6,5.3
ompi/debuggers/predefined_gap_test.c,87,87,1.0,110,55,0.5,1,1,1.0,0,2,116.0,2.0,0,1,116,0,1,1,0,25,0,825,0,825,2.0,2.0
ompi/debuggers/predefined_pad_test.c,18,14,0.778,44,22,0.5,1,1,1.0,0,4,23.0,2.0,3,1,23,2,1,6,3,15,0,652,0,652,3.0,3.0
ompi/errhandler/errcode-internal.c,182,0,0.0,98,0,0.0,4,0,0.0,1,'2.5',48.8333333333333,1.5,3,3,226,25,6,74,9,38,0,666,0,666,4.8,1.2
ompi/errhandler/errcode-internal.h,12,0,0.0,6,0,0.0,1,0,0.0,2,0,0.0,0.0,0,0,0,5,0,0,0,0,0,137,0,137,4.0,4.0
ompi/errhandler/errcode.c,223,0,0.0,344,0,0.0,7,0,0.0,3,'3.38461538461538',28.2307692307692,1.38461538461538,5,3,113,81,13,218,15,46,0,1102,0,1102,16.099999999999998,2.3
ompi/errhandler/errcode.h,57,0,0.0,36,0,0.0,5,0,0.0,1,0,0.0,0.0,0,0,0,4,0,0,0,0,0,149,0,149,23.0,4.6
ompi/errhandler/errhandler_invoke.c,97,0,0.0,50,0,0.0,2,0,0.0,1,16,94.5,4.0,15,1,110,0,2,29,15,49,0,567,0,567,35.0,17.5
ompi/errhandler/errhandler_predefined.c,249,0,0.0,98,0,0.0,15,0,0.0,7,'3.73333333333333',27.8,3.53333333333333,10,5,102,0,15,48,50,83,0,643,0,643,61.49999999999999,4.1
ompi/file/file.c,115,0,0.0,128,0,0.0,6,0,0.0,1,'3.44444444444444',26.8888888888889,1.88888888888889,17,4,55,4,9,53,68,99,0,668,0,668,31.8,5.3
ompi/group/group.c,347,0,0.0,172,0,0.0,14,0,0.0,0,2,42.1428571428571,2.71428571428571,12,8,97,0,14,60,96,74,0,585,0,585,109.2,7.8
ompi/group/group_bitmap.c,94,0,0.0,62,0,0.0,6,0,0.0,1,'5.5',25.3333333333333,3.5,5,4,47,0,6,25,20,45,1,545,1,544,28.200000000000003,4.7
ompi/group/group_init.c,206,0,0.0,152,0,0.0,12,0,0.0,14,'2.69230769230769',27.6923076923077,1.69230769230769,8,6,53,5,13,78,48,123,0,654,0,654,50.400000000000006,4.2
ompi/group/group_plist.c,114,0,0.0,88,0,0.0,5,0,0.0,4,'2.8',44.0,3.0,7,3,77,0,5,36,21,64,0,623,0,623,30.0,6.0
ompi/group/group_set_rank.c,10,0,0.0,6,0,0.0,1,0,0.0,0,5,21.0,2.0,0,1,21,0,1,1,0,31,0,526,0,526,4.0,4.0
ompi/group/group_sporadic.c,98,0,0.0,56,0,0.0,4,0,0.0,0,'6.75',39.75,4.0,6,4,75,0,4,29,24,36,0,543,0,543,24.0,6.0
ompi/group/group_strided.c,66,0,0.0,40,0,0.0,5,0,0.0,0,'4.4',21.2,3.6,4,3,39,0,5,25,12,27,1,545,2,543,19.0,3.8
ompi/info/info.c,160,0,0.0,109,0,0.0,17,0,0.0,0,'3.31818181818182',14.7272727272727,2.40909090909091,16,19,114,4,22,75,304,126,0,597,0,597,52.7,3.1
ompi/info/info_memkind.c,336,0,0.0,192,0,0.0,13,0,0.0,7,'6.92307692307692',38.8461538461538,2.76923076923077,16,1,102,3,13,74,16,68,0,499,0,499,98.0,7.0
ompi/instance/instance.c,670,0,0.0,470,0,0.0,28,0,0.0,8,'6.5',40.8125,2.21875,62,7,461,21,32,262,434,220,1,1187,0,1187,176.89999999999998,6.1
ompi/interlib/interlib.c,52,0,0.0,34,0,0.0,3,0,0.0,0,'4.33333333333333',31.0,4.66666666666667,6,1,50,0,3,13,6,42,0,409,0,409,14.1,4.7
ompi/mca/bml/base/bml_base_btl.c,27,0,0.0,6,0,0.0,3,0,0.0,2,'2.6',9.2,2.0,2,5,14,0,5,18,10,21,0,466,0,466,13.0,2.6
ompi/mca/bml/base/bml_base_endpoint.c,12,0,0.0,12,0,0.0,2,0,0.0,0,2,5.33333333333333,2.0,1,3,9,0,3,11,3,18,0,471,0,471,2.0,1.0
ompi/mca/bml/base/bml_base_frame.c,18,0,0.0,6,0,0.0,3,0,0.0,0,'3.25',20.5,2.75,8,4,38,1,4,17,32,24,0,485,0,485,11.1,3.7
ompi/mca/bml/base/bml_base_init.c,33,0,0.0,14,0,0.0,2,0,0.0,7,2,24.0,1.5,7,1,44,3,2,15,7,22,0,485,0,485,7.0,3.5
ompi/mca/bml/r2/bml_r2.c,545,0,0.0,292,0,0.0,19,0,0.0,1,'6.82608695652174',39.1739130434783,1.69565217391304,26,7,145,3,23,206,182,154,1,660,0,660,144.4,7.6
ompi/mca/bml/r2/bml_r2_component.c,15,0,0.0,2,0,0.0,4,0,0.0,0,2,8.5,1.5,5,4,13,1,4,13,20,27,0,458,0,458,4.8,1.2
ompi/mca/coll/accelerator/coll_accelerator_allgather.c,46,0,0.0,26,0,0.0,1,0,0.0,0,15,71.0,8.0,5,1,71,0,1,7,5,22,0,634,0,634,14.0,14.0
ompi/mca/coll/accelerator/coll_accelerator_allreduce.c,39,0,0.0,20,0,0.0,1,0,0.0,2,2,54.0,7.0,5,1,54,0,1,7,5,21,0,633,0,633,11.0,11.0
ompi/mca/coll/accelerator/coll_accelerator_alltoall.c,47,0,0.0,26,0,0.0,1,0,0.0,0,15,70.0,8.0,5,1,70,0,1,7,5,22,0,634,0,634,14.0,14.0
ompi/mca/coll/accelerator/coll_accelerator_bcast.c,27,0,0.0,14,0,0.0,1,0,0.0,0,9,47.0,6.0,6,1,47,0,1,8,6,21,0,628,0,628,8.0,8.0
ompi/mca/coll/accelerator/coll_accelerator_component.c,10,0,0.0,0,0,,1,0,0.0,5,2,45.0,1.0,3,1,45,5,1,10,3,33,0,558,0,558,1.0,1.0
ompi/mca/coll/accelerator/coll_accelerator_exscan.c,38,0,0.0,20,0,0.0,1,0,0.0,0,11,57.0,7.0,5,1,57,0,1,7,5,14,0,633,0,633,11.0,11.0
ompi/mca/coll/accelerator/coll_accelerator_module.c,62,0,0.0,116,0,0.0,5,0,0.0,0,'2.33333333333333',16.5,2.16666666666667,12,4,44,0,6,38,48,33,0,631,0,631,11.0,2.2
ompi/mca/coll/accelerator/coll_accelerator_reduce.c,77,0,0.0,42,0,0.0,2,0,0.0,2,2,59.5,7.0,6,2,60,0,2,12,12,22,0,646,0,646,23.0,11.5
ompi/mca/coll/accelerator/coll_accelerator_reduce_scatter.c,48,0,0.0,24,0,0.0,1,0,0.0,0,16,72.0,7.0,4,1,72,0,1,6,4,25,0,636,0,636,13.0,13.0
ompi/mca/coll/accelerator/coll_accelerator_reduce_scatter_block.c,39,0,0.0,20,0,0.0,1,0,0.0,0,11,57.0,7.0,4,1,57,0,1,6,4,25,0,634,0,634,11.0,11.0
ompi/mca/coll/accelerator/coll_accelerator_scan.c,38,0,0.0,20,0,0.0,1,0,0.0,0,11,55.0,7.0,5,1,55,0,1,7,5,21,0,633,0,633,11.0,11.0
ompi/mca/coll/acoll/coll_acoll_allgather.c,351,0,0.0,184,0,0.0,7,0,0.0,0,'12.4285714285714',78.2857142857143,10.2857142857143,10,1,214,0,7,49,10,95,0,819,0,819,100.1,14.3
ompi/mca/coll/acoll/coll_acoll_allreduce.c,182,0,0.0,96,0,0.0,4,0,0.0,1,'13.5',72.5,6.0,11,1,124,0,4,28,11,18,0,816,0,816,106.8,17.8
ompi/mca/coll/acoll/coll_acoll_alltoall.c,331,0,0.0,172,0,0.0,6,0,0.0,0,'17.6666666666667',86.6666666666667,7.66666666666667,9,1,148,0,6,36,9,54,0,822,0,822,91.8,15.3
ompi/mca/coll/acoll/coll_acoll_barrier.c,260,0,0.0,138,0,0.0,5,0,0.0,1,'14.6',70.6,3.6,8,1,110,0,5,37,8,40,0,789,0,789,74.0,14.8
ompi/mca/coll/acoll/coll_acoll_bcast.c,458,0,0.0,252,0,0.0,7,0,0.0,0,'17.1428571428571',92.8571428571429,9.42857142857143,12,1,187,0,7,75,12,103,0,805,0,805,142.1,20.3
ompi/mca/coll/acoll/coll_acoll_component.c,142,0,0.0,52,0,0.0,3,0,0.0,0,'8.5',80.25,1.75,11,3,140,27,4,60,33,44,0,598,0,598,33.0,11.0
ompi/mca/coll/acoll/coll_acoll_gather.c,129,0,0.0,94,0,0.0,1,0,0.0,0,30,179.0,9.0,5,1,179,0,1,8,5,33,0,761,0,761,49.0,49.0
ompi/mca/coll/acoll/coll_acoll_module.c,101,0,0.0,101,0,0.0,4,0,0.0,0,'6.25',39.0,2.0,3,2,111,0,4,58,6,29,0,592,0,592,28.8,7.2
ompi/mca/coll/acoll/coll_acoll_reduce.c,144,0,0.0,92,0,0.0,3,0,0.0,0,15,77.0,6.33333333333333,9,1,108,0,3,26,9,25,0,808,0,808,87.2,21.8
ompi/mca/coll/acoll/coll_acoll_utils.h,561,0,0.0,220,0,0.0,10,0,0.0,0,14,95.8,4.1,22,2,368,4,10,157,44,0,0,696,0,696,152.6,10.9
ompi/mca/coll/adapt/coll_adapt_bcast.c,10,0,0.0,4,0,0.0,1,0,0.0,2,4,12.0,6.0,3,1,12,0,1,4,3,10,0,592,0,592,3.0,3.0
ompi/mca/coll/adapt/coll_adapt_component.c,34,0,0.0,2,0,0.0,4,0,0.0,6,'2.25',17.5,1.0,8,2,48,2,4,25,16,38,0,602,0,602,4.8,1.2
ompi/mca/coll/adapt/coll_adapt_context.c,10,0,0.0,12,0,0.0,2,0,0.0,0,2,2.0,2.2,1,10,6,0,10,16,10,10,0,631,0,631,2.0,1.0
ompi/mca/coll/adapt/coll_adapt_ibcast.c,307,0,0.0,224,0,0.0,7,0,0.0,4,'5.875',66.375,3.0,16,4,235,0,8,145,64,73,0,924,0,924,51.8,7.4
ompi/mca/coll/adapt/coll_adapt_ireduce.c,425,0,0.0,244,0,0.0,10,0,0.0,4,'6.63636363636364',64.7272727272727,3.09090909090909,18,4,257,0,11,199,72,85,0,842,0,842,75.0,7.5
ompi/mca/coll/adapt/coll_adapt_module.c,55,0,0.0,78,0,0.0,7,0,0.0,2,'2.25',12.125,1.875,12,6,43,0,8,27,72,45,0,644,0,644,13.3,1.9
ompi/mca/coll/adapt/coll_adapt_reduce.c,16,0,0.0,8,0,0.0,1,0,0.0,0,5,23.0,8.0,5,1,23,0,1,6,5,12,0,648,0,648,4.0,4.0
ompi/mca/coll/adapt/coll_adapt_topocache.c,41,0,0.0,22,0,0.0,3,0,0.0,2,4,17.0,2.6,3,4,48,0,5,17,12,12,0,580,0,580,15.9,5.3
ompi/mca/coll/base/coll_base_agree_noft.c,8,0,0.0,4,0,0.0,2,0,0.0,1,2,12.5,8.5,2,2,13,0,2,8,4,10,0,562,0,562,4.0,2.0
ompi/mca/coll/base/coll_base_allgather.c,386,0,0.0,150,0,0.0,8,0,0.0,5,'14.75',87.75,8.125,12,6,153,0,8,62,72,370,0,746,0,746,83.2,10.4
ompi/mca/coll/base/coll_base_allgatherv.c,310,0,0.0,100,0,0.0,6,0,0.0,0,'14.1666666666667',97.5,9.0,7,5,155,0,6,50,35,313,0,764,0,764,55.8,9.3
ompi/mca/coll/base/coll_base_allreduce.c,534,0,0.0,314,0,0.0,7,0,0.0,4,'25.8571428571429',142.428571428571,7.14285714285714,11,4,275,0,7,62,44,518,0,767,0,767,154.70000000000002,22.1
ompi/mca/coll/base/coll_base_alltoall.c,338,0,0.0,178,0,0.0,6,0,0.0,3,'18.6666666666667',108.666666666667,7.66666666666667,20,1,157,0,6,63,20,129,0,710,0,710,99.0,16.5
ompi/mca/coll/base/coll_base_alltoallv.c,174,0,0.0,100,0,0.0,3,0,0.0,2,'12.6666666666667',111.666666666667,8.66666666666667,17,1,142,0,3,34,17,73,0,699,0,699,57.0,19.0
ompi/mca/coll/base/coll_base_barrier.c,220,0,0.0,138,0,0.0,7,0,0.0,7,'14.1428571428571',54.1428571428571,2.42857142857143,6,4,75,0,7,37,24,102,0,687,0,687,77.7,11.1
ompi/mca/coll/base/coll_base_bcast.c,453,0,0.0,332,0,0.0,11,0,0.0,8,'15.3636363636364',83.8181818181818,6.72727272727273,12,2,243,0,11,86,24,265,0,742,0,742,141.9,12.9
ompi/mca/coll/base/coll_base_comm_select.c,221,0,0.0,372,0,0.0,9,0,0.0,3,'4.9',39.0,2.6,20,3,139,0,10,67,60,118,0,920,0,920,107.1,11.9
ompi/mca/coll/base/coll_base_comm_unselect.c,85,0,0.0,438,0,0.0,1,0,0.0,3,2,106.0,1.0,5,1,106,0,1,6,5,30,0,784,0,784,5.0,5.0
ompi/mca/coll/base/coll_base_exscan.c,86,0,0.0,42,0,0.0,2,0,0.0,3,15,77.5,7.0,7,2,82,0,2,15,14,72,0,653,0,653,23.0,11.5
ompi/mca/coll/base/coll_base_find_available.c,34,0,0.0,28,0,0.0,3,0,0.0,1,'2.33333333333333',28.6666666666667,2.66666666666667,7,1,40,0,3,19,7,59,0,495,0,495,9.0,3.0
ompi/mca/coll/base/coll_base_frame.c,62,0,0.0,36,0,0.0,6,0,0.0,27,'3.11111111111111',8.55555555555556,2.55555555555556,5,9,36,0,9,18,45,34,0,577,0,577,19.8,3.3
ompi/mca/coll/base/coll_base_gather.c,180,0,0.0,114,0,0.0,3,0,0.0,2,'24.6666666666667',116.333333333333,9.33333333333333,11,3,159,0,3,26,33,97,0,676,0,676,51.0,17.0
ompi/mca/coll/base/coll_base_reduce.c,598,0,0.0,396,0,0.0,10,0,0.0,11,'19.5',113.3,9.5,13,4,334,0,10,84,52,357,0,784,0,784,176.0,17.6
ompi/mca/coll/base/coll_base_reduce_scatter.c,404,0,0.0,226,0,0.0,5,0,0.0,1,'29.6',143.6,6.6,11,4,264,0,5,38,44,287,0,778,0,778,118.0,23.6
ompi/mca/coll/base/coll_base_reduce_scatter_block.c,451,0,0.0,268,0,0.0,6,0,0.0,3,'27.6666666666667',128.833333333333,6.33333333333333,11,1,204,0,6,50,11,318,0,753,0,753,139.8,23.3
ompi/mca/coll/base/coll_base_scan.c,91,0,0.0,50,0,0.0,2,0,0.0,3,16,81.0,7.0,6,2,88,0,2,14,12,67,0,653,0,653,27.0,13.5
ompi/mca/coll/base/coll_base_scatter.c,166,0,0.0,90,0,0.0,3,0,0.0,2,19,100.0,9.33333333333333,12,3,138,0,3,27,36,92,0,668,0,668,42.900000000000006,14.3
ompi/mca/coll/base/coll_base_topo.c,344,0,0.0,148,0,0.0,11,0,0.0,2,'8.72727272727273',52.6363636363636,2.09090909090909,7,8,143,0,11,81,56,173,0,608,0,608,85.8,7.8
ompi/mca/coll/base/coll_base_util.c,385,0,0.0,330,0,0.0,21,0,0.0,21,'2.80769230769231',20.9230769230769,2.73076923076923,10,14,78,1,26,112,140,75,4,776,0,776,149.1,7.1
ompi/mca/coll/basic/coll_basic_allgather.c,56,0,0.0,42,0,0.0,1,0,0.0,0,37,125.0,8.0,6,1,125,0,1,8,6,46,0,613,0,613,22.0,22.0
ompi/mca/coll/basic/coll_basic_allgatherv.c,20,0,0.0,6,0,0.0,1,0,0.0,1,2,38.0,9.0,3,1,38,0,1,6,3,27,0,598,0,598,4.0,4.0
ompi/mca/coll/basic/coll_basic_allreduce.c,69,0,0.0,42,0,0.0,2,0,0.0,1,2,71.5,7.0,10,2,118,0,2,18,20,59,0,647,0,647,23.0,11.5
ompi/mca/coll/basic/coll_basic_alltoall.c,34,0,0.0,16,0,0.0,1,0,0.0,1,2,79.0,8.0,2,1,79,0,1,3,2,41,0,602,0,602,9.0,9.0
ompi/mca/coll/basic/coll_basic_alltoallv.c,31,0,0.0,16,0,0.0,1,0,0.0,1,2,68.0,10.0,2,1,68,0,1,3,2,37,0,608,0,608,9.0,9.0
ompi/mca/coll/basic/coll_basic_alltoallw.c,136,0,0.0,70,0,0.0,3,0,0.0,0,15,97.3333333333333,8.66666666666667,12,2,111,0,3,24,24,86,0,661,0,661,39.900000000000006,13.3
ompi/mca/coll/basic/coll_basic_barrier.c,38,0,0.0,18,0,0.0,2,0,0.0,1,2,41.0,2.0,4,2,72,0,2,9,8,39,0,569,0,569,11.0,5.5
ompi/mca/coll/basic/coll_basic_bcast.c,60,0,0.0,30,0,0.0,2,0,0.0,1,2,65.0,6.0,5,2,85,0,2,10,10,49,0,618,0,618,16.0,8.0
ompi/mca/coll/basic/coll_basic_component.c,6,0,0.0,0,0,,1,0,0.0,2,2,11.0,2.5,2,2,21,4,2,7,4,48,0,554,0,554,1.0,1.0
ompi/mca/coll/basic/coll_basic_gather.c,18,0,0.0,10,0,0.0,1,0,0.0,1,2,46.0,9.0,1,1,46,0,1,2,1,30,0,596,0,596,6.0,6.0
ompi/mca/coll/basic/coll_basic_gatherv.c,79,0,0.0,56,0,0.0,2,0,0.0,1,2,77.5,10.0,5,2,100,0,2,9,10,51,0,623,0,623,29.0,14.5
ompi/mca/coll/basic/coll_basic_module.c,128,0,0.0,326,0,0.0,4,0,0.0,0,'3.25',43.0,2.0,32,2,78,0,4,55,64,48,0,756,0,756,10.0,2.5
ompi/mca/coll/basic/coll_basic_neighbor_allgather.c,118,0,0.0,70,0,0.0,4,0,0.0,1,'9.5',52.5,8.0,10,1,78,0,4,32,10,31,0,623,0,623,39.2,9.8
ompi/mca/coll/basic/coll_basic_neighbor_allgatherv.c,114,0,0.0,70,0,0.0,4,0,0.0,1,'9.5',48.75,9.0,10,1,71,0,4,32,10,31,0,631,0,631,39.2,9.8
ompi/mca/coll/basic/coll_basic_neighbor_alltoall.c,145,0,0.0,88,0,0.0,4,0,0.0,1,'11.5',58.25,8.0,10,1,98,0,4,32,10,36,0,629,0,629,48.0,12.0
ompi/mca/coll/basic/coll_basic_neighbor_alltoallv.c,137,0,0.0,88,0,0.0,4,0,0.0,1,'11.5',56.25,10.0,10,1,88,0,4,32,10,29,0,645,0,645,48.0,12.0
ompi/mca/coll/basic/coll_basic_neighbor_alltoallw.c,132,0,0.0,90,0,0.0,4,0,0.0,0,'12.75',54.5,10.0,10,1,85,0,4,32,10,29,0,639,0,639,48.8,12.2
ompi/mca/coll/basic/coll_basic_reduce.c,130,0,0.0,70,0,0.0,2,0,0.0,1,2,129.0,8.0,6,2,190,0,2,13,12,129,0,658,0,658,37.0,18.5
ompi/mca/coll/basic/coll_basic_reduce_scatter.c,230,0,0.0,120,0,0.0,2,0,0.0,1,2,210.0,7.0,8,2,288,0,2,22,16,123,0,702,0,702,62.0,31.0
ompi/mca/coll/basic/coll_basic_reduce_scatter_block.c,47,0,0.0,18,0,0.0,2,0,0.0,1,2,57.5,7.0,6,2,107,0,2,11,12,65,0,642,0,642,11.0,5.5
ompi/mca/coll/basic/coll_basic_scatter.c,25,0,0.0,14,0,0.0,1,0,0.0,1,2,53.0,9.0,2,1,53,0,1,3,2,32,0,600,0,600,8.0,8.0
ompi/mca/coll/basic/coll_basic_scatterv.c,57,0,0.0,38,0,0.0,2,0,0.0,0,'10.5',66.0,10.0,4,2,75,0,2,7,8,50,0,616,0,616,21.0,10.5
ompi/mca/coll/ftagree/coll_ftagree.c,3,0,0.0,0,0,,1,0,0.0,1,'5.90909090909091',49.5454545454545,4.18181818181818,21,8,305,4,11,71,168,18,0,629,0,629,1.0,1.0
ompi/mca/coll/ftagree/coll_ftagree_component.c,50,0,0.0,21,0,0.0,4,0,0.0,3,'3.6',23.4,1.6,4,3,71,6,5,17,12,40,0,638,0,638,12.8,3.2
ompi/mca/coll/ftagree/coll_ftagree_module.c,45,0,0.0,23,0,0.0,4,0,0.0,0,4,24.75,2.0,6,2,72,0,4,24,12,46,0,645,0,645,12.0,3.0
ompi/mca/coll/han/coll_han_algorithms.c,85,0,0.0,42,0,0.0,8,0,0.0,5,'2.20689655172414',78.0,5.24137931034483,23,23,325,2,29,297,529,44,0,646,0,646,28.8,3.6
ompi/mca/coll/han/coll_han_allgather.c,245,0,0.0,184,0,0.0,6,0,0.0,0,'6.16666666666667',64.5,6.0,14,2,141,0,6,95,28,69,0,772,0,772,31.8,5.3
ompi/mca/coll/han/coll_han_allreduce.c,345,0,0.0,270,0,0.0,9,0,0.0,0,'7.44444444444444',60.8888888888889,5.0,15,4,113,0,9,140,60,96,0,812,0,812,65.7,7.3
ompi/mca/coll/han/coll_han_alltoall.c,214,0,0.0,168,0,0.0,3,0,0.0,0,'15.3333333333333',132.666666666667,4.66666666666667,15,1,382,0,3,30,15,89,2,746,4,742,45.900000000000006,15.3
ompi/mca/coll/han/coll_han_barrier.c,17,0,0.0,54,0,0.0,1,0,0.0,1,2,32.0,2.0,6,1,32,0,1,8,6,24,0,661,0,661,3.0,3.0
ompi/mca/coll/han/coll_han_bcast.c,129,0,0.0,164,0,0.0,5,0,0.0,0,'4.2',47.6,5.6,11,2,96,0,5,69,22,75,0,750,0,750,18.0,3.6
ompi/mca/coll/han/coll_han_component.c,266,0,0.0,66,0,0.0,7,0,0.0,16,'5.42857142857143',72.0,1.71428571428571,17,1,364,5,7,107,17,98,0,737,0,737,41.3,5.9
ompi/mca/coll/han/coll_han_dynamic.c,655,0,0.0,398,0,0.0,19,0,0.0,7,'7.55',79.1,5.3,25,3,123,1,20,302,75,461,0,938,1,937,169.1,8.9
ompi/mca/coll/han/coll_han_dynamic_file.c,284,0,0.0,216,0,0.0,4,0,0.0,1,'3.75',153.25,1.0,13,1,429,1,4,89,13,92,0,756,0,756,80.8,20.2
ompi/mca/coll/han/coll_han_gather.c,254,0,0.0,192,0,0.0,6,0,0.0,2,'5.16666666666667',69.5,7.33333333333333,14,1,135,0,6,91,14,88,0,771,0,771,36.0,6.0
ompi/mca/coll/han/coll_han_gatherv.c,192,0,0.0,158,0,0.0,1,0,0.0,0,43,310.0,10.0,9,1,310,0,1,19,9,88,0,728,0,728,51.0,51.0
ompi/mca/coll/han/coll_han_module.c,164,0,0.0,256,0,0.0,8,0,0.0,4,'3.22222222222222',26.8888888888889,1.77777777777778,16,4,92,0,9,69,64,76,0,773,0,773,28.8,3.6
ompi/mca/coll/han/coll_han_reduce.c,236,0,0.0,226,0,0.0,7,0,0.0,0,'6.85714285714286',57.7142857142857,6.42857142857143,17,4,137,0,7,91,68,83,0,779,0,779,44.8,6.4
ompi/mca/coll/han/coll_han_scatter.c,213,0,0.0,182,0,0.0,5,0,0.0,0,6,73.0,7.6,15,2,144,0,5,82,30,70,0,765,0,765,28.0,5.6
ompi/mca/coll/han/coll_han_scatterv.c,205,0,0.0,164,0,0.0,1,0,0.0,0,43,325.0,10.0,9,1,325,0,1,22,9,91,0,735,0,735,51.0,51.0
ompi/mca/coll/han/coll_han_subcomms.c,170,0,0.0,58,0,0.0,2,0,0.0,13,2,167.5,2.0,7,2,169,0,2,31,14,147,0,685,0,685,23.0,11.5
ompi/mca/coll/han/coll_han_topo.c,99,0,0.0,48,0,0.0,2,0,0.0,10,2,141.0,3.0,10,1,141,0,1,23,10,57,0,661,0,661,23.0,11.5
ompi/mca/coll/han/coll_han_trigger.c,8,0,0.0,0,0,,2,0,0.0,0,2,3.83333333333333,1.83333333333333,1,6,7,0,6,14,6,10,0,619,0,619,2.0,1.0
ompi/mca/coll/han/coll_han_trigger.h,7,0,0.0,2,0,0.0,2,0,0.0,1,0,0.0,0.0,0,0,0,3,0,0,0,0,0,619,0,619,2.0,1.0
ompi/mca/coll/inter/coll_inter_allgather.c,49,0,0.0,22,0,0.0,1,0,0.0,0,17,78.0,8.0,6,1,78,0,1,12,6,35,0,633,0,633,12.0,12.0
ompi/mca/coll/inter/coll_inter_allgatherv.c,84,0,0.0,38,0,0.0,1,0,0.0,0,25,115.0,9.0,8,1,115,0,1,17,8,32,0,646,0,646,20.0,20.0
ompi/mca/coll/inter/coll_inter_allreduce.c,33,0,0.0,14,0,0.0,1,0,0.0,0,11,58.0,7.0,7,1,58,0,1,13,7,32,0,628,0,628,8.0,8.0
ompi/mca/coll/inter/coll_inter_bcast.c,19,0,0.0,10,0,0.0,1,0,0.0,0,7,40.0,6.0,5,1,40,0,1,8,5,30,0,552,0,552,6.0,6.0
ompi/mca/coll/inter/coll_inter_component.c,9,0,0.0,0,0,,2,0,0.0,0,2,9.0,2.0,2,3,22,4,3,8,6,49,0,550,0,550,2.0,1.0
ompi/mca/coll/inter/coll_inter_gather.c,29,0,0.0,12,0,0.0,1,0,0.0,0,8,59.0,9.0,5,1,59,0,1,9,5,33,0,597,0,597,7.0,7.0
ompi/mca/coll/inter/coll_inter_gatherv.c,78,0,0.0,38,0,0.0,1,0,0.0,0,23,113.0,10.0,7,1,113,0,1,14,7,32,0,613,0,613,20.0,20.0
ompi/mca/coll/inter/coll_inter_module.c,62,0,0.0,64,0,0.0,4,0,0.0,0,3,23.75,2.0,4,2,52,0,4,39,8,42,0,631,0,631,8.8,2.2
ompi/mca/coll/inter/coll_inter_reduce.c,29,0,0.0,14,0,0.0,1,0,0.0,0,9,56.0,8.0,6,1,56,0,1,10,6,34,0,623,0,623,8.0,8.0
ompi/mca/coll/inter/coll_inter_scatter.c,31,0,0.0,14,0,0.0,1,0,0.0,0,9,59.0,9.0,5,1,59,0,1,9,5,33,0,597,0,597,8.0,8.0
ompi/mca/coll/inter/coll_inter_scatterv.c,81,0,0.0,40,0,0.0,1,0,0.0,0,21,128.0,10.0,6,1,128,0,1,11,6,37,0,617,0,617,21.0,21.0
ompi/mca/coll/libnbc/coll_libnbc_component.c,337,0,0.0,468,0,0.0,14,0,0.0,9,'2.75',30.9375,1.75,25,6,105,18,16,171,150,77,0,974,0,974,35.0,2.5
ompi/mca/coll/libnbc/libdict/dict.c,28,0,0.0,14,0,0.0,7,0,0.0,1,'2.11111111111111',3.27777777777778,1.33333333333333,1,18,12,4,18,20,18,9,0,11,0,11,16.099999999999998,2.3
ompi/mca/coll/libnbc/nbc.c,372,0,0.0,148,0,0.0,22,0,0.0,0,'4.82608695652174',29.1739130434783,4.26086956521739,19,7,178,0,23,177,133,111,8,817,18,799,30.6,1.7
ompi/mca/coll/libnbc/nbc_iallgather.c,165,0,0.0,139,0,0.0,8,0,0.0,0,'7.75',39.75,9.5,7,2,140,0,8,39,14,73,0,787,0,787,63.9,7.1
ompi/mca/coll/libnbc/nbc_iallgatherv.c,127,0,0.0,120,0,0.0,6,0,0.0,1,'5.66666666666667',34.5,10.6666666666667,4,2,85,0,6,28,8,38,0,795,0,795,34.8,5.8
ompi/mca/coll/libnbc/nbc_iallreduce.c,524,0,0.0,373,0,0.0,11,0,0.0,1,16,91.0,9.90909090909091,9,2,210,0,11,77,18,376,0,910,0,910,178.8,14.9
ompi/mca/coll/libnbc/nbc_ialltoall.c,320,0,0.0,213,0,0.0,10,0,0.0,1,'9.6',55.9,10.4,11,2,234,0,10,58,22,56,0,844,0,844,106.7,9.7
ompi/mca/coll/libnbc/nbc_ialltoallv.c,230,0,0.0,176,0,0.0,8,0,0.0,0,'8.55555555555556',42.5555555555556,12.2222222222222,7,3,109,0,9,44,21,39,0,861,0,861,75.60000000000001,8.4
ompi/mca/coll/libnbc/nbc_ialltoallw.c,206,0,0.0,146,0,0.0,8,0,0.0,0,'7.77777777777778',38.1111111111111,11.0,5,3,90,0,9,42,15,37,0,847,0,847,62.1,6.9
ompi/mca/coll/libnbc/nbc_ibarrier.c,115,0,0.0,124,0,0.0,6,0,0.0,0,'6.5',32.5,3.66666666666667,4,2,76,0,6,30,8,35,0,807,0,807,34.8,5.8
ompi/mca/coll/libnbc/nbc_ibcast.c,236,0,0.0,199,0,0.0,10,0,0.0,1,'8.5',41.1,7.7,10,2,143,0,10,73,20,64,3,789,3,786,92.4,8.4
ompi/mca/coll/libnbc/nbc_iexscan.c,145,0,0.0,102,0,0.0,5,0,0.0,0,'13.2',51.6,9.4,8,1,113,0,5,35,8,80,0,756,0,756,55.8,9.3
ompi/mca/coll/libnbc/nbc_igather.c,129,0,0.0,124,0,0.0,6,0,0.0,1,'6.66666666666667',41.5,10.6666666666667,6,2,128,0,6,30,12,35,0,782,0,782,51.8,7.4
ompi/mca/coll/libnbc/nbc_igatherv.c,124,0,0.0,122,0,0.0,6,0,0.0,1,'5.83333333333333',32.6666666666667,11.6666666666667,4,2,75,0,6,28,8,34,0,787,0,787,36.0,6.0
ompi/mca/coll/libnbc/nbc_ineighbor_allgather.c,65,0,0.0,62,0,0.0,3,0,0.0,0,'8.66666666666667',48.6666666666667,9.66666666666667,6,1,118,0,3,16,6,26,0,737,0,737,8.0,8.0
ompi/mca/coll/libnbc/nbc_ineighbor_allgatherv.c,66,0,0.0,62,0,0.0,3,0,0.0,0,'8.66666666666667',50.0,10.6666666666667,6,1,120,0,3,16,6,27,0,739,0,739,32.8,8.2
ompi/mca/coll/libnbc/nbc_ineighbor_alltoall.c,69,0,0.0,64,0,0.0,3,0,0.0,1,8,51.0,9.66666666666667,6,1,125,0,3,16,6,26,0,739,0,739,34.0,8.5
ompi/mca/coll/libnbc/nbc_ineighbor_alltoallv.c,71,0,0.0,64,0,0.0,3,0,0.0,1,8,52.6666666666667,11.6666666666667,6,1,128,0,3,16,6,27,0,743,0,743,34.0,8.5
ompi/mca/coll/libnbc/nbc_ineighbor_alltoallw.c,63,0,0.0,60,0,0.0,3,0,0.0,0,'8.33333333333333',48.0,11.6666666666667,6,1,114,0,3,16,6,27,0,739,0,739,8.0,8.0
ompi/mca/coll/libnbc/nbc_ireduce.c,449,0,0.0,326,0,0.0,10,0,0.0,0,15,80.1,10.6,9,2,290,0,10,66,18,221,0,865,0,865,154.0,14.0
ompi/mca/coll/libnbc/nbc_ireduce_scatter.c,227,0,0.0,206,0,0.0,6,0,0.0,0,'9.66666666666667',58.3333333333333,8.66666666666667,6,2,168,0,6,39,12,55,0,906,0,906,55.2,9.2
ompi/mca/coll/libnbc/nbc_ireduce_scatter_block.c,226,0,0.0,226,0,0.0,6,0,0.0,0,'9.5',57.5,8.66666666666667,8,2,168,0,6,41,16,52,0,905,0,905,55.2,9.2
ompi/mca/coll/libnbc/nbc_iscan.c,130,0,0.0,94,0,0.0,5,0,0.0,1,'11.6',47.8,9.4,8,1,114,0,5,34,8,80,0,749,0,749,52.2,8.7
ompi/mca/coll/libnbc/nbc_iscatter.c,124,0,0.0,122,0,0.0,6,0,0.0,1,'6.5',40.1666666666667,10.6666666666667,6,2,122,0,6,30,12,36,0,782,0,782,51.1,7.3
ompi/mca/coll/libnbc/nbc_iscatterv.c,119,0,0.0,122,0,0.0,6,0,0.0,0,'6.33333333333333',32.0,11.6666666666667,4,2,74,0,6,28,8,34,0,793,0,793,33.0,5.5
ompi/mca/coll/libnbc/nbc_neighbor_helpers.c,52,0,0.0,30,0,0.0,2,0,0.0,6,2,42.5,4.0,11,1,62,0,2,20,11,22,0,692,1,691,16.0,8.0
ompi/mca/coll/monitoring/coll_monitoring_allgather.c,28,0,0.0,12,0,0.0,2,0,0.0,0,5,27.5,8.5,6,2,28,0,2,18,12,18,0,634,0,634,8.0,4.0
ompi/mca/coll/monitoring/coll_monitoring_allgatherv.c,28,0,0.0,12,0,0.0,2,0,0.0,0,5,27.5,9.5,6,2,28,0,2,18,12,18,0,634,0,634,8.0,4.0
ompi/mca/coll/monitoring/coll_monitoring_allreduce.c,28,0,0.0,12,0,0.0,2,0,0.0,0,5,26.5,7.5,7,2,27,0,2,20,14,18,0,634,0,634,8.0,4.0
ompi/mca/coll/monitoring/coll_monitoring_alltoall.c,28,0,0.0,12,0,0.0,2,0,0.0,1,2,26.5,8.5,6,2,28,0,2,18,12,18,0,634,0,634,8.0,4.0
ompi/mca/coll/monitoring/coll_monitoring_alltoallv.c,32,0,0.0,12,0,0.0,2,0,0.0,0,5,29.5,10.5,6,2,31,0,2,18,12,18,0,636,0,636,8.0,4.0
ompi/mca/coll/monitoring/coll_monitoring_alltoallw.c,32,0,0.0,12,0,0.0,2,0,0.0,0,5,30.5,10.5,6,2,31,0,2,18,12,18,0,636,0,636,8.0,4.0
ompi/mca/coll/monitoring/coll_monitoring_barrier.c,24,0,0.0,12,0,0.0,2,0,0.0,0,5,20.5,2.5,6,2,21,0,2,18,12,18,0,632,0,632,8.0,4.0
ompi/mca/coll/monitoring/coll_monitoring_bcast.c,30,0,0.0,16,0,0.0,2,0,0.0,0,6,27.5,6.5,7,2,28,0,2,20,14,18,0,634,0,634,10.0,5.0
ompi/mca/coll/monitoring/coll_monitoring_component.c,77,0,0.0,540,0,0.0,7,0,0.0,0,'2.125',13.375,1.875,9,6,65,1,8,109,54,24,0,899,0,899,7.700000000000001,1.1
ompi/mca/coll/monitoring/coll_monitoring_exscan.c,26,0,0.0,8,0,0.0,2,0,0.0,0,4,25.5,7.5,7,2,26,0,2,20,14,18,0,634,0,634,6.0,3.0
ompi/mca/coll/monitoring/coll_monitoring_gather.c,30,0,0.0,16,0,0.0,2,0,0.0,0,6,27.5,9.5,6,2,28,0,2,18,12,18,0,634,0,634,10.0,5.0
ompi/mca/coll/monitoring/coll_monitoring_gatherv.c,34,0,0.0,16,0,0.0,2,0,0.0,0,6,30.5,10.5,6,2,31,0,2,18,12,18,0,636,0,636,10.0,5.0
ompi/mca/coll/monitoring/coll_monitoring_neighbor_allgather.c,54,0,0.0,32,0,0.0,2,0,0.0,0,9,51.5,8.5,9,2,52,0,2,30,18,28,0,636,0,636,18.0,9.0
ompi/mca/coll/monitoring/coll_monitoring_neighbor_allgatherv.c,54,0,0.0,32,0,0.0,2,0,0.0,0,9,52.5,9.5,9,2,53,0,2,30,18,28,0,636,0,636,18.0,9.0
ompi/mca/coll/monitoring/coll_monitoring_neighbor_alltoall.c,54,0,0.0,32,0,0.0,2,0,0.0,0,9,52.5,8.5,9,2,53,0,2,30,18,28,0,636,0,636,18.0,9.0
ompi/mca/coll/monitoring/coll_monitoring_neighbor_alltoallv.c,60,0,0.0,32,0,0.0,2,0,0.0,1,2,56.5,10.5,9,2,58,0,2,30,18,28,0,640,0,640,18.0,9.0
ompi/mca/coll/monitoring/coll_monitoring_neighbor_alltoallw.c,62,0,0.0,32,0,0.0,2,0,0.0,0,9,57.5,10.5,9,2,58,0,2,30,18,28,0,642,0,642,18.0,9.0
ompi/mca/coll/monitoring/coll_monitoring_reduce.c,30,0,0.0,16,0,0.0,2,0,0.0,0,6,28.5,8.5,7,2,29,0,2,20,14,18,0,634,0,634,10.0,5.0
ompi/mca/coll/monitoring/coll_monitoring_reduce_scatter.c,32,0,0.0,12,0,0.0,2,0,0.0,0,5,28.5,7.5,6,2,29,0,2,18,12,18,0,636,0,636,8.0,4.0
ompi/mca/coll/monitoring/coll_monitoring_reduce_scatter_block.c,28,0,0.0,12,0,0.0,2,0,0.0,0,5,27.5,7.5,6,2,28,0,2,18,12,18,0,634,0,634,8.0,4.0
ompi/mca/coll/monitoring/coll_monitoring_scan.c,26,0,0.0,8,0,0.0,2,0,0.0,1,2,25.5,7.5,7,2,26,0,2,20,14,18,0,634,0,634,6.0,3.0
ompi/mca/coll/monitoring/coll_monitoring_scatter.c,32,0,0.0,16,0,0.0,2,0,0.0,0,6,30.5,9.5,6,2,31,0,2,18,12,18,0,634,0,634,10.0,5.0
ompi/mca/coll/monitoring/coll_monitoring_scatterv.c,34,0,0.0,12,0,0.0,2,0,0.0,0,5,28.5,10.5,6,2,29,0,2,18,12,18,0,636,0,636,8.0,4.0
ompi/mca/coll/self/coll_self_allgather.c,6,0,0.0,2,0,0.0,1,0,0.0,0,2,13.0,8.0,1,1,13,0,1,2,1,26,0,515,0,515,2.0,2.0
ompi/mca/coll/self/coll_self_allgatherv.c,9,0,0.0,4,0,0.0,1,0,0.0,0,4,20.0,9.0,2,1,20,0,1,3,2,26,0,518,0,518,3.0,3.0
ompi/mca/coll/self/coll_self_allreduce.c,5,0,0.0,2,0,0.0,1,0,0.0,0,3,12.0,7.0,1,1,12,0,1,2,1,26,0,515,0,515,2.0,2.0
ompi/mca/coll/self/coll_self_alltoall.c,6,0,0.0,2,0,0.0,1,0,0.0,0,2,14.0,8.0,1,1,14,0,1,2,1,27,0,515,0,515,2.0,2.0
ompi/mca/coll/self/coll_self_alltoallv.c,14,0,0.0,6,0,0.0,1,0,0.0,0,5,27.0,10.0,2,1,27,0,1,3,2,27,0,521,0,521,4.0,4.0
ompi/mca/coll/self/coll_self_alltoallw.c,14,0,0.0,6,0,0.0,1,0,0.0,0,2,28.0,10.0,2,1,28,0,1,3,2,27,0,521,0,521,4.0,4.0
ompi/mca/coll/self/coll_self_barrier.c,2,0,0.0,0,0,,1,0,0.0,0,2,7.0,2.0,0,1,7,0,1,1,0,25,0,473,0,473,1.0,1.0
ompi/mca/coll/self/coll_self_bcast.c,2,0,0.0,0,0,,1,0,0.0,0,2,9.0,6.0,0,1,9,0,1,1,0,25,0,514,0,514,1.0,1.0
ompi/mca/coll/self/coll_self_component.c,4,0,0.0,0,0,,1,0,0.0,0,2,7.0,2.5,2,2,13,3,2,6,4,48,0,474,0,474,1.0,1.0
ompi/mca/coll/self/coll_self_exscan.c,2,0,0.0,0,0,,1,0,0.0,0,2,10.0,7.0,0,1,10,0,1,1,0,27,0,473,0,473,1.0,1.0
ompi/mca/coll/self/coll_self_gather.c,6,0,0.0,2,0,0.0,1,0,0.0,0,3,14.0,9.0,1,1,14,0,1,2,1,26,0,515,0,515,2.0,2.0
ompi/mca/coll/self/coll_self_gatherv.c,10,0,0.0,4,0,0.0,1,0,0.0,0,4,21.0,10.0,2,1,21,0,1,3,2,26,0,518,0,518,3.0,3.0
ompi/mca/coll/self/coll_self_module.c,52,0,0.0,104,0,0.0,4,0,0.0,0,2,19.75,2.0,3,2,25,0,4,10,6,33,0,620,0,620,7.2,1.8
ompi/mca/coll/self/coll_self_reduce.c,5,0,0.0,2,0,0.0,1,0,0.0,0,2,12.0,8.0,1,1,12,0,1,2,1,26,0,515,0,515,2.0,2.0
ompi/mca/coll/self/coll_self_reduce_scatter.c,5,0,0.0,2,0,0.0,1,0,0.0,0,3,12.0,7.0,0,1,12,0,1,1,0,26,0,516,0,516,2.0,2.0
ompi/mca/coll/self/coll_self_scan.c,5,0,0.0,2,0,0.0,1,0,0.0,0,2,12.0,7.0,1,1,12,0,1,2,1,26,0,515,0,515,2.0,2.0
ompi/mca/coll/self/coll_self_scatter.c,6,0,0.0,2,0,0.0,1,0,0.0,0,3,15.0,9.0,1,1,15,0,1,2,1,26,0,515,0,515,2.0,2.0
ompi/mca/coll/self/coll_self_scatterv.c,9,0,0.0,4,0,0.0,1,0,0.0,0,4,20.0,10.0,2,1,20,0,1,3,2,26,0,518,0,518,3.0,3.0
ompi/mca/coll/sync/coll_sync_bcast.c,7,0,0.0,10,0,0.0,1,0,0.0,0,3,14.0,6.0,3,1,14,0,1,6,3,25,0,556,0,556,2.0,2.0
ompi/mca/coll/sync/coll_sync_component.c,9,0,0.0,0,0,,1,0,0.0,2,2,30.0,1.0,3,1,30,2,1,8,3,34,0,551,0,551,1.0,1.0
ompi/mca/coll/sync/coll_sync_exscan.c,7,0,0.0,10,0,0.0,1,0,0.0,2,2,15.0,7.0,3,1,15,0,1,6,3,25,0,556,0,556,2.0,2.0
ompi/mca/coll/sync/coll_sync_gather.c,8,0,0.0,10,0,0.0,1,0,0.0,2,2,18.0,9.0,2,1,18,0,1,5,2,25,0,556,0,556,2.0,2.0
ompi/mca/coll/sync/coll_sync_gatherv.c,8,0,0.0,10,0,0.0,1,0,0.0,2,2,19.0,10.0,2,1,19,0,1,5,2,25,0,556,0,556,2.0,2.0
ompi/mca/coll/sync/coll_sync_module.c,71,0,0.0,138,0,0.0,6,0,0.0,0,'2.42857142857143',16.5714285714286,2.0,13,5,36,0,7,36,65,50,0,672,0,672,12.0,2.0
ompi/mca/coll/sync/coll_sync_reduce.c,7,0,0.0,10,0,0.0,1,0,0.0,2,2,16.0,8.0,3,1,16,0,1,6,3,24,0,556,0,556,2.0,2.0
ompi/mca/coll/sync/coll_sync_reduce_scatter.c,8,0,0.0,10,0,0.0,1,0,0.0,2,2,17.0,7.0,2,1,17,0,1,5,2,26,0,556,0,556,2.0,2.0
ompi/mca/coll/sync/coll_sync_scan.c,7,0,0.0,10,0,0.0,1,0,0.0,2,2,15.0,7.0,3,1,15,0,1,6,3,24,0,556,0,556,2.0,2.0
ompi/mca/coll/sync/coll_sync_scatter.c,8,0,0.0,10,0,0.0,1,0,0.0,2,2,18.0,9.0,2,1,18,0,1,5,2,25,0,556,0,556,2.0,2.0
ompi/mca/coll/sync/coll_sync_scatterv.c,8,0,0.0,10,0,0.0,1,0,0.0,0,3,18.0,10.0,2,1,18,0,1,5,2,25,0,556,0,556,2.0,2.0
ompi/mca/coll/tuned/coll_tuned_allgather_decision.c,57,0,0.0,24,0,0.0,2,0,0.0,0,'7.5',60.5,6.0,8,2,67,5,2,32,16,26,0,660,0,660,13.0,6.5
ompi/mca/coll/tuned/coll_tuned_allgatherv_decision.c,51,0,0.0,22,0,0.0,2,0,0.0,0,'6.5',58.0,6.5,8,2,67,5,2,30,16,27,0,650,0,650,11.0,5.5
ompi/mca/coll/tuned/coll_tuned_allreduce_decision.c,38,0,0.0,23,0,0.0,2,0,0.0,0,7,50.5,5.5,9,2,67,5,2,32,18,24,0,659,0,659,12.0,6.0
ompi/mca/coll/tuned/coll_tuned_alltoall_decision.c,49,0,0.0,27,0,0.0,2,0,0.0,0,'7.5',67.5,6.5,9,2,103,5,2,32,18,25,0,654,0,654,13.0,6.5
ompi/mca/coll/tuned/coll_tuned_alltoallv_decision.c,30,0,0.0,18,0,0.0,2,0,0.0,0,'4.5',36.0,6.0,8,2,40,2,2,18,16,29,0,643,0,643,7.0,3.5
ompi/mca/coll/tuned/coll_tuned_barrier_decision.c,28,0,0.0,22,0,0.0,2,0,0.0,0,'6.5',29.5,3.0,8,2,37,2,2,22,16,24,0,655,0,655,11.0,5.5
ompi/mca/coll/tuned/coll_tuned_bcast_decision.c,43,0,0.0,25,0,0.0,2,0,0.0,0,8,57.0,5.0,9,1,75,6,2,36,9,25,0,654,0,654,14.0,7.0
ompi/mca/coll/tuned/coll_tuned_component.c,90,0,0.0,54,0,0.0,7,0,0.0,1,'3.5',24.5,2.0,13,3,92,18,8,56,39,83,0,606,0,606,21.7,3.1
ompi/mca/coll/tuned/coll_tuned_decision_dynamic.c,327,0,0.0,116,0,0.0,14,0,0.0,0,'5.14285714285714',45.8571428571429,7.42857142857143,9,14,56,0,14,142,126,180,0,699,0,699,57.39999999999999,4.1
ompi/mca/coll/tuned/coll_tuned_decision_fixed.c,1029,0,0.0,824,0,0.0,12,0,0.0,0,'35.3333333333333',118.083333333333,7.5,5,12,184,0,12,41,60,230,0,701,0,701,412.8,34.4
ompi/mca/coll/tuned/coll_tuned_dynamic_file.c,360,0,0.0,302,0,0.0,7,0,0.0,1,15,87.8571428571429,2.57142857142857,10,1,276,1,7,86,10,97,3,819,3,816,91.0,13.0
ompi/mca/coll/tuned/coll_tuned_dynamic_rules.c,221,0,0.0,112,0,0.0,14,0,0.0,3,'5.35714285714286',25.2142857142857,1.71428571428571,10,5,62,1,14,97,50,74,0,681,0,681,65.8,4.7
ompi/mca/coll/tuned/coll_tuned_exscan_decision.c,25,0,0.0,17,0,0.0,2,0,0.0,0,'4.5',30.0,4.5,9,2,37,2,2,18,18,29,0,637,0,637,7.0,3.5
ompi/mca/coll/tuned/coll_tuned_gather_decision.c,43,0,0.0,19,0,0.0,2,0,0.0,3,4,52.0,6.5,8,2,67,5,2,27,16,26,0,647,0,647,8.0,4.0
ompi/mca/coll/tuned/coll_tuned_module.c,121,0,0.0,338,0,0.0,5,0,0.0,0,4,44.6,2.0,8,3,108,0,5,85,24,85,0,704,0,704,17.0,3.4
ompi/mca/coll/tuned/coll_tuned_reduce_decision.c,66,0,0.0,30,0,0.0,2,0,0.0,0,9,65.5,6.5,10,2,87,6,2,36,20,29,0,650,0,650,16.0,8.0
ompi/mca/coll/tuned/coll_tuned_reduce_scatter_block_decision.c,37,0,0.0,20,0,0.0,2,0,0.0,0,'5.5',44.0,5.5,8,2,59,4,2,25,16,31,0,650,0,650,9.0,4.5
ompi/mca/coll/tuned/coll_tuned_reduce_scatter_decision.c,40,0,0.0,20,0,0.0,2,0,0.0,0,'5.5',48.0,5.5,8,2,67,5,2,28,16,29,0,651,0,651,9.0,4.5
ompi/mca/coll/tuned/coll_tuned_scan_decision.c,25,0,0.0,17,0,0.0,2,0,0.0,0,'4.5',30.0,4.5,9,2,37,2,2,18,18,29,0,637,0,637,7.0,3.5
ompi/mca/coll/tuned/coll_tuned_scatter_decision.c,47,0,0.0,19,0,0.0,2,0,0.0,3,4,68.0,6.5,8,2,99,5,2,32,16,27,0,651,0,651,8.0,4.0
ompi/mca/coll/xhc/coll_xhc.c,426,0,0.0,250,0,0.0,18,0,0.0,336,'3.01923076923077',57.4230769230769,2.73076923076923,42,26,504,18,52,371,1092,52,3,799,3,796,133.20000000000002,7.4
ompi/mca/coll/xhc/coll_xhc_allreduce.c,682,0,0.0,483,0,0.0,17,0,0.0,0,12,74.6666666666667,5.27777777777778,16,3,504,0,18,171,48,280,4,747,5,742,253.3,14.9
ompi/mca/coll/xhc/coll_xhc_barrier.c,57,0,0.0,32,0,0.0,2,0,0.0,0,'10.5',54.0,4.0,6,1,74,0,2,12,6,35,0,639,0,639,18.0,9.0
ompi/mca/coll/xhc/coll_xhc_bcast.c,224,0,0.0,141,0,0.0,8,0,0.0,0,10,53.125,3.125,9,7,114,0,8,100,63,65,0,681,4,677,78.4,9.8
ompi/mca/coll/xhc/coll_xhc_comm.c,190,0,0.0,124,0,0.0,2,0,0.0,0,'21.5',184.5,3.0,11,2,339,0,2,47,22,73,0,685,2,683,52.0,26.0
ompi/mca/coll/xhc/coll_xhc_component.c,367,0,0.0,242,0,0.0,18,0,0.0,0,'6.10526315789474',40.7368421052632,2.21052631578947,20,8,338,8,19,104,160,141,10,783,5,778,120.6,6.7
ompi/mca/coll/xhc/coll_xhc_hierarchy.c,229,0,0.0,192,0,0.0,3,0,0.0,0,'21.6666666666667',127.333333333333,5.0,13,1,231,0,3,35,13,36,0,709,0,709,83.1,27.7
ompi/mca/coll/xhc/coll_xhc_intrinsic.h,15,0,0.0,8,0,0.0,2,0,0.0,0,'4.5',25.0,3.0,0,2,34,0,2,2,0,0,1,24,0,24,16.0,8.0
ompi/mca/coll/xhc/coll_xhc_module.c,117,0,0.0,56,0,0.0,10,0,0.0,1,4,20.5,2.4,13,2,65,4,10,50,26,29,3,671,3,668,33.0,3.3
ompi/mca/coll/xhc/coll_xhc_reduce.c,8,0,0.0,6,0,0.0,1,0,0.0,0,3,18.0,8.0,3,1,18,0,1,4,3,11,0,637,0,637,2.0,2.0
ompi/mca/common/monitoring/common_monitoring.c,324,0,0.0,172,0,0.0,22,0,0.0,30,'4.58064516129032',24.1612903225806,2.29032258064516,21,5,175,24,31,216,105,95,0,688,0,688,103.4,4.7
ompi/mca/common/ompio/common_ompio_aggregators.c,845,0,0.0,382,0,0.0,15,0,0.0,7,'15.8666666666667',94.4666666666667,3.8,18,5,199,0,15,147,90,174,0,763,0,763,220.5,14.7
ompi/mca/common/ompio/common_ompio_buffer.c,78,0,0.0,48,0,0.0,7,0,0.0,9,'2.42857142857143',18.1428571428571,2.0,10,2,32,5,7,41,20,26,0,628,0,628,18.9,2.7
ompi/mca/common/ompio/common_ompio_file_open.c,384,0,0.0,176,0,0.0,9,0,0.0,1,'11.3333333333333',73.2222222222222,2.88888888888889,37,5,199,2,9,160,185,79,0,723,0,723,99.9,11.1
ompi/mca/common/ompio/common_ompio_file_read.c,379,0,0.0,138,0,0.0,13,0,0.0,18,'4.07692307692308',53.3846153846154,4.61538461538461,18,1,149,0,13,164,18,132,0,730,0,730,75.39999999999999,5.8
ompi/mca/common/ompio/common_ompio_file_view.c,265,0,0.0,186,0,0.0,5,0,0.0,0,'13.8',81.2,2.6,24,2,309,0,5,95,48,42,1,733,1,732,69.0,13.8
ompi/mca/common/ompio/common_ompio_file_write.c,432,0,0.0,162,0,0.0,13,0,0.0,19,'3.84615384615385',56.6923076923077,5.38461538461539,18,2,135,0,13,165,36,113,0,729,0,729,75.39999999999999,5.8
ompi/mca/common/ompio/common_ompio_print_queue.c,131,0,0.0,58,0,0.0,6,0,0.0,10,'7.66666666666667',32.0,1.66666666666667,7,6,131,0,6,30,42,23,0,602,0,602,34.8,5.8
ompi/mca/common/ompio/common_ompio_request.c,132,0,0.0,74,0,0.0,9,0,0.0,13,'3.63636363636364',18.8181818181818,1.45454545454545,11,5,90,3,11,74,55,61,0,642,0,642,27.0,3.0
ompi/mca/fbtl/base/fbtl_base_file_unselect.c,5,0,0.0,4,0,0.0,1,0,0.0,2,2,8.0,1.0,1,1,8,0,1,2,1,20,0,589,0,589,3.0,3.0
ompi/mca/fbtl/base/fbtl_base_find_available.c,36,0,0.0,32,0,0.0,3,0,0.0,2,'2.66666666666667',27.3333333333333,2.66666666666667,6,1,40,0,3,18,6,31,0,611,0,611,9.0,3.0
ompi/mca/fbtl/posix/fbtl_posix.c,149,0,0.0,62,0,0.0,8,0,0.0,2,'7.28571428571429',47.8571428571429,1.85714285714286,12,10,157,9,14,95,120,59,0,621,0,621,46.4,5.8
ompi/mca/fbtl/posix/fbtl_posix_component.c,14,0,0.0,0,0,,1,0,0.0,3,2,58.0,1.0,2,1,58,8,1,10,2,41,0,594,0,594,1.0,1.0
ompi/mca/fbtl/posix/fbtl_posix_ipreadv.c,76,0,0.0,24,0,0.0,1,0,0.0,0,2,101.0,2.0,9,1,101,0,1,20,9,21,0,619,0,619,13.0,13.0
ompi/mca/fbtl/posix/fbtl_posix_ipwritev.c,76,0,0.0,24,0,0.0,1,0,0.0,0,2,100.0,2.0,9,1,100,0,1,20,9,21,0,618,0,618,13.0,13.0
ompi/mca/fbtl/posix/fbtl_posix_lock.c,59,0,0.0,38,0,0.0,2,0,0.0,5,2,61.0,5.0,2,2,101,0,2,9,4,52,0,593,0,593,24.0,12.0
ompi/mca/fbtl/posix/fbtl_posix_preadv.c,201,0,0.0,86,0,0.0,4,0,0.0,0,9,73.0,2.5,7,1,108,0,4,47,7,36,0,643,0,643,47.2,11.8
ompi/mca/fbtl/posix/fbtl_posix_pwritev.c,199,0,0.0,86,0,0.0,4,0,0.0,0,'8.75',75.0,2.5,8,1,109,0,4,48,8,45,0,649,0,649,47.2,11.8
ompi/mca/fcoll/base/fcoll_base_coll_array.c,243,0,0.0,102,0,0.0,6,0,0.0,7,5,82.0,10.2222222222222,5,5,96,0,9,56,25,46,0,657,0,657,57.0,9.5
ompi/mca/fcoll/base/fcoll_base_file_select.c,81,0,0.0,76,0,0.0,2,0,0.0,10,2,74.0,2.66666666666667,10,3,192,0,3,19,30,126,0,632,0,632,25.0,12.5
ompi/mca/fcoll/base/fcoll_base_file_unselect.c,5,0,0.0,4,0,0.0,1,0,0.0,2,2,8.0,1.0,1,1,8,0,1,2,1,20,0,589,0,589,3.0,3.0
ompi/mca/fcoll/base/fcoll_base_find_available.c,36,0,0.0,32,0,0.0,3,0,0.0,2,'2.66666666666667',28.3333333333333,2.66666666666667,6,1,40,0,3,18,6,34,0,611,0,611,9.0,3.0
ompi/mca/fcoll/base/fcoll_base_frame.c,9,0,0.0,8,0,0.0,1,0,0.0,2,2,7.0,4.5,5,2,13,0,2,7,10,40,0,589,0,589,2.0,2.0
ompi/mca/fcoll/base/fcoll_base_sort.c,83,0,0.0,36,0,0.0,1,0,0.0,9,2,106.0,3.0,2,1,106,0,1,3,2,21,0,591,0,591,19.0,19.0
ompi/mca/fcoll/dynamic/fcoll_dynamic_component.c,4,0,0.0,0,0,,1,0,0.0,0,2,11.0,1.0,2,1,11,3,1,5,2,47,0,589,0,589,1.0,1.0
ompi/mca/fcoll/dynamic/fcoll_dynamic_file_read_all.c,2,0,0.0,0,0,,1,0,0.0,0,2,8.0,5.0,2,1,8,0,1,3,2,23,0,589,0,589,1.0,1.0
ompi/mca/fcoll/dynamic/fcoll_dynamic_file_write_all.c,647,0,0.0,280,0,0.0,2,0,0.0,0,'8.5',571.5,4.0,16,1,1041,0,2,42,16,111,0,714,0,714,179.0,89.5
ompi/mca/fcoll/dynamic/fcoll_dynamic_module.c,19,0,0.0,6,0,0.0,5,0,0.0,0,2,7.6,1.4,2,5,15,1,5,8,10,31,0,589,0,589,8.0,1.6
ompi/mca/fcoll/dynamic_gen2/fcoll_dynamic_gen2_component.c,6,0,0.0,0,0,,1,0,0.0,0,2,18.0,1.0,2,1,18,4,1,6,2,47,0,590,0,590,1.0,1.0
ompi/mca/fcoll/dynamic_gen2/fcoll_dynamic_gen2_file_read_all.c,2,0,0.0,0,0,,1,0,0.0,0,2,8.0,5.0,2,1,8,0,1,3,2,24,0,589,0,589,1.0,1.0
ompi/mca/fcoll/dynamic_gen2/fcoll_dynamic_gen2_module.c,19,0,0.0,6,0,0.0,5,0,0.0,0,'2.6',7.6,1.4,2,5,15,1,5,8,10,31,0,589,0,589,8.0,1.6
ompi/mca/fcoll/individual/fcoll_individual_component.c,4,0,0.0,0,0,,1,0,0.0,0,2,10.0,1.0,2,1,10,3,1,5,2,47,0,589,0,589,1.0,1.0
ompi/mca/fcoll/individual/fcoll_individual_file_read_all.c,2,0,0.0,0,0,,1,0,0.0,0,2,8.0,5.0,2,1,8,0,1,3,2,23,0,611,0,611,1.0,1.0
ompi/mca/fcoll/individual/fcoll_individual_file_write_all.c,2,0,0.0,0,0,,1,0,0.0,0,2,8.0,5.0,2,1,8,0,1,3,2,22,0,611,0,611,1.0,1.0
ompi/mca/fcoll/individual/fcoll_individual_module.c,22,0,0.0,8,0,0.0,5,0,0.0,0,'2.8',8.2,1.4,3,5,18,1,5,9,15,31,0,589,0,589,9.0,1.8
ompi/mca/fcoll/vulcan/fcoll_vulcan_component.c,6,0,0.0,0,0,,1,0,0.0,0,2,19.0,1.0,2,1,19,4,1,6,2,48,0,590,0,590,1.0,1.0
ompi/mca/fcoll/vulcan/fcoll_vulcan_file_read_all.c,531,0,0.0,254,0,0.0,3,0,0.0,0,'55.3333333333333',296.333333333333,6.66666666666667,26,1,579,0,3,89,26,85,0,752,0,752,156.89999999999998,52.3
ompi/mca/fcoll/vulcan/fcoll_vulcan_file_write_all.c,960,0,0.0,416,0,0.0,10,0,0.0,1,'25.1',153.3,5.8,28,1,582,0,10,130,28,114,0,799,0,799,248.0,24.8
ompi/mca/fcoll/vulcan/fcoll_vulcan_module.c,19,0,0.0,6,0,0.0,5,0,0.0,0,2,7.6,1.4,2,5,15,1,5,8,10,31,0,589,0,589,8.0,1.6
ompi/mca/fs/base/base.h,15,0,0.0,6,0,0.0,2,0,0.0,0,'4.76470588235294',28.7647058823529,1.52941176470588,20,15,190,1,17,64,300,0,0,592,0,592,5.0,2.5
ompi/mca/fs/base/fs_base_file_close.c,5,0,0.0,0,0,,1,0,0.0,0,2,13.0,1.0,3,1,13,0,1,6,3,33,0,594,0,594,1.0,1.0
ompi/mca/fs/base/fs_base_file_delete.c,10,0,0.0,4,0,0.0,1,0,0.0,0,2,20.0,2.0,1,1,20,0,1,2,1,27,0,598,0,598,3.0,3.0
ompi/mca/fs/base/fs_base_file_get_size.c,10,0,0.0,4,0,0.0,1,0,0.0,0,2,15.0,2.0,2,1,15,0,1,4,2,27,0,596,0,596,3.0,3.0
ompi/mca/fs/base/fs_base_file_select.c,58,0,0.0,54,0,0.0,1,0,0.0,2,2,95.5,3.0,9,2,190,0,2,15,18,123,0,632,0,632,13.0,13.0
ompi/mca/fs/base/fs_base_file_set_size.c,10,0,0.0,2,0,0.0,1,0,0.0,0,2,18.0,2.0,4,1,18,0,1,7,4,27,0,594,0,594,2.0,2.0
ompi/mca/fs/base/fs_base_file_sync.c,6,0,0.0,2,0,0.0,1,0,0.0,0,2,11.0,1.0,2,1,11,0,1,3,2,20,0,593,0,593,2.0,2.0
ompi/mca/fs/base/fs_base_file_unselect.c,5,0,0.0,4,0,0.0,1,0,0.0,2,2,8.0,1.0,1,1,8,0,1,2,1,20,0,593,0,593,3.0,3.0
ompi/mca/fs/base/fs_base_find_available.c,36,0,0.0,32,0,0.0,3,0,0.0,3,'2.66666666666667',28.3333333333333,2.66666666666667,6,1,40,0,3,18,6,32,0,615,0,615,9.0,3.0
ompi/mca/fs/base/fs_base_get_parent_dir.c,94,0,0.0,42,0,0.0,5,0,0.0,14,2,28.8,1.4,6,4,40,0,5,12,24,37,0,609,0,609,31.0,6.2
ompi/mca/fs/ufs/fs_ufs.c,15,0,0.0,2,0,0.0,5,0,0.0,0,2,19.8333333333333,2.0,9,6,82,4,6,26,54,43,0,592,0,592,6.0,1.2
ompi/mca/fs/ufs/fs_ufs_component.c,9,0,0.0,6,0,0.0,1,0,0.0,2,2,26.0,1.0,3,1,26,5,1,8,3,41,0,598,0,598,1.0,1.0
ompi/mca/fs/ufs/fs_ufs_file_open.c,48,0,0.0,24,0,0.0,1,0,0.0,0,14,82.0,5.0,8,1,82,0,1,17,8,42,0,609,0,609,13.0,13.0
ompi/mca/hook/base/hook_base.c,96,0,0.0,300,0,0.0,17,0,0.0,4,'2.38888888888889',9.22222222222222,2.38888888888889,9,15,64,2,18,43,135,59,0,439,0,439,25.5,1.5
ompi/mca/hook/comm_method/hook_comm_method_component.c,33,0,0.0,14,0,0.0,3,0,0.0,0,'3.33333333333333',33.6666666666667,1.0,7,3,91,11,3,23,21,43,0,208,0,208,6.9,2.3
ompi/mca/io/base/io_base_file_select.c,155,0,0.0,102,0,0.0,8,0,0.0,2,'3.44444444444444',39.1111111111111,2.33333333333333,19,2,174,1,9,66,38,116,0,668,0,668,41.6,5.2
ompi/mca/io/base/io_base_find_available.c,33,0,0.0,28,0,0.0,3,0,0.0,1,'2.66666666666667',29.0,2.66666666666667,6,1,46,0,3,18,6,57,0,492,0,492,8.100000000000001,2.7
ompi/mca/io/base/io_base_frame.c,6,0,0.0,2,0,0.0,1,0,0.0,0,'2.5',6.0,4.5,3,2,11,0,2,5,6,22,0,472,0,472,2.0,2.0
ompi/mca/io/base/io_base_register_datarep.c,14,0,0.0,10,0,0.0,1,0,0.0,0,2,32.0,5.0,5,1,32,0,1,8,5,26,0,471,0,471,5.0,5.0
ompi/mca/io/base/io_base_request.c,4,0,0.0,0,0,,1,0,0.0,0,2,2.33333333333333,2.0,2,3,5,0,3,6,6,22,0,472,0,472,1.0,1.0
ompi/mca/io/ompio/io_ompio.c,412,0,0.0,162,0,0.0,3,0,0.0,1,'2.10909090909091',32.7818181818182,4.03636363636364,25,54,376,14,55,389,1350,32,0,730,0,730,80.1,26.7
ompi/mca/io/ompio/io_ompio_component.c,64,0,0.0,8,0,0.0,9,0,0.0,0,'2.22222222222222',24.6666666666667,2.55555555555556,9,7,142,17,9,39,63,56,0,617,0,617,10.8,1.2
ompi/mca/io/ompio/io_ompio_file_open.c,316,0,0.0,180,0,0.0,16,0,0.0,0,'4.875',34.375,2.375,16,15,118,0,16,98,240,58,0,735,0,735,67.2,4.2
ompi/mca/io/ompio/io_ompio_file_read.c,178,0,0.0,80,0,0.0,17,0,0.0,1,2,20.9411764705882,4.76470588235294,9,16,27,0,17,116,144,51,0,703,0,703,25.5,1.5
ompi/mca/io/ompio/io_ompio_file_set_view.c,37,0,0.0,30,0,0.0,3,0,0.0,0,3,25.0,4.33333333333333,8,2,35,0,3,22,16,25,0,616,0,616,11.1,3.7
ompi/mca/io/ompio/io_ompio_file_write.c,180,0,0.0,80,0,0.0,17,0,0.0,1,'2.17647058823529',21.1176470588235,4.76470588235294,9,16,27,0,17,119,144,51,0,703,0,703,25.5,1.5
ompi/mca/mtl/base/mtl_base_frame.c,26,0,0.0,18,0,0.0,2,0,0.0,5,2,21.0,4.0,5,2,52,2,3,15,10,40,0,482,0,482,5.0,2.5
ompi/mca/op/avx/op_avx_component.c,93,0,0.0,49,0,0.0,7,0,0.0,0,'5.85714285714286',27.2857142857143,1.57142857142857,7,3,76,2,7,25,21,71,0,475,0,475,56.8,7.1
ompi/mca/op/avx/op_avx_functions.c,128,0,0.0,4312,0,0.0,360,0,0.0,0,2,61.5,2.0,0,2,62,0,2,2,0,258,7378,0,0,7378,0.0,0.0
ompi/mca/op/base/op_base_find_available.c,33,0,0.0,28,0,0.0,3,0,0.0,1,'2.66666666666667',28.0,2.66666666666667,5,1,44,0,3,14,5,50,0,211,0,211,8.100000000000001,2.7
ompi/mca/op/base/op_base_frame.c,12,0,0.0,0,0,,2,0,0.0,0,2,3.4,3.6,1,5,7,0,5,13,5,23,0,199,0,199,2.0,1.0
ompi/mca/op/base/op_base_functions.c,284,0,0.0,936,0,0.0,284,0,0.0,2,0,0.0,0.0,0,0,0,2,0,0,0,319,0,94,0,94,0.0,0.0
ompi/mca/osc/base/base.h,3,0,0.0,6,0,0.0,1,0,0.0,0,'4.25',24.75,3.25,10,4,54,1,4,23,40,0,0,548,0,548,4.0,4.0
ompi/mca/osc/base/osc_base_frame.c,31,0,0.0,28,0,0.0,3,0,0.0,3,'2.25',13.5,3.25,8,3,24,0,4,18,24,28,0,577,0,577,6.9,2.3
ompi/mca/osc/base/osc_base_init.c,31,0,0.0,16,0,0.0,1,0,0.0,1,2,54.0,7.0,5,1,54,0,1,10,5,21,0,556,0,556,8.0,8.0
ompi/mca/osc/base/osc_base_obj_convert.c,112,0,0.0,58,0,0.0,3,0,0.0,4,'2.2',44.4,3.8,13,5,94,0,5,27,65,46,0,684,0,684,24.9,8.3
ompi/mca/osc/monitoring/osc_monitoring_component.c,51,0,0.0,32,0,0.0,6,0,0.0,0,'3.5',13.1666666666667,3.5,6,4,44,1,6,21,24,18,0,1005,0,1005,15.0,2.5
ompi/mca/osc/rdma/osc_rdma_btl_comm.c,16,0,0.0,14,0,0.0,1,0,0.0,0,'5.77777777777778',34.4444444444444,11.8888888888889,4,3,67,0,9,47,12,28,0,871,0,871,4.0,4.0
ompi/mca/osc/rdma/osc_rdma_comm.c,476,0,0.0,282,0,0.0,19,0,0.0,3,'6.6',44.7,8.1,17,3,136,0,20,131,51,115,0,1099,0,1099,123.5,6.5
ompi/mca/osc/rdma/osc_rdma_dynamic.c,246,0,0.0,196,0,0.0,11,0,0.0,1,'4.84615384615385',33.7692307692308,3.30769230769231,14,6,136,0,13,69,84,67,1,1093,1,1092,55.0,5.0
ompi/mca/osc/rdma/osc_rdma_lock.h,82,0,0.0,50,0,0.0,10,0,0.0,0,'3.3',15.9,3.9,1,2,50,0,10,35,2,0,528,0,0,528,24.0,2.4
ompi/mca/osc/rdma/osc_rdma_module.c,87,0,0.0,98,0,0.0,2,0,0.0,2,2,62.0,1.5,14,2,112,0,2,21,28,26,0,993,0,993,25.0,12.5
ompi/mca/osc/rdma/osc_rdma_passive_target.c,213,0,0.0,176,0,0.0,12,0,0.0,0,'2.83333333333333',31.8333333333333,2.0,5,6,67,0,12,33,30,48,0,1093,0,1093,49.2,4.1
ompi/mca/osc/rdma/osc_rdma_peer.c,172,0,0.0,98,0,0.0,11,0,0.0,2,'3.28',14.28,1.88,17,21,138,0,25,83,357,75,0,845,1,844,44.0,4.0
ompi/mca/osc/rdma/osc_rdma_request.c,23,0,0.0,4,0,0.0,3,0,0.0,0,'2.71428571428571',9.0,1.71428571428571,3,4,23,0,7,31,12,16,0,740,0,740,3.9,1.3
ompi/mca/osc/rdma/osc_rdma_request.h,20,0,0.0,10,0,0.0,2,0,0.0,5,0,0.0,0.0,0,0,0,17,0,0,0,0,0,728,0,728,6.0,3.0
ompi/mca/osc/rdma/osc_rdma_sync.c,40,0,0.0,28,0,0.0,6,0,0.0,2,'2.5',7.9,2.0,3,9,20,0,10,30,27,12,0,741,0,741,13.2,2.2
ompi/mca/osc/sm/osc_sm_active_target.c,161,0,0.0,106,0,0.0,8,0,0.0,0,5,32.625,2.0,6,4,47,0,8,29,24,43,0,734,0,734,33.6,4.2
ompi/mca/osc/sm/osc_sm_comm.c,135,0,0.0,46,0,0.0,10,0,0.0,0,'3.4',39.0,9.2,10,10,54,0,10,84,100,30,0,679,0,679,23.0,2.3
ompi/mca/osc/sm/osc_sm_component.c,288,0,0.0,130,0,0.0,12,0,0.0,0,'7.08333333333333',38.6666666666667,2.91666666666667,21,9,282,2,12,68,189,53,0,722,0,722,73.19999999999999,6.1
ompi/mca/osc/sm/osc_sm_passive_target.c,99,0,0.0,31,0,0.0,16,0,0.0,1,'2.75',12.5625,2.1875,4,6,44,0,16,37,24,18,0,656,0,656,32.0,2.0
ompi/mca/part/base/part_base_frame.c,34,0,0.0,20,0,0.0,5,0,0.0,2,'2.5',11.0,2.16666666666667,9,3,27,3,6,26,27,50,0,588,0,588,9.0,1.8
ompi/mca/part/base/part_base_precvreq.c,3,0,0.0,2,0,0.0,1,0,0.0,0,2,2.0,2.0,2,3,4,0,3,5,6,23,0,566,0,566,1.0,1.0
ompi/mca/part/base/part_base_prequest.c,3,0,0.0,0,0,,1,0,0.0,2,2,2.0,2.0,2,3,4,2,3,5,6,25,0,564,0,564,1.0,1.0
ompi/mca/part/base/part_base_psendreq.c,3,0,0.0,2,0,0.0,1,0,0.0,0,2,2.33333333333333,2.0,2,3,5,0,3,5,6,19,0,566,0,566,1.0,1.0
ompi/mca/part/persist/part_persist_component.c,28,0,0.0,6,0,0.0,5,0,0.0,0,2,13.4,1.4,4,5,29,1,5,24,20,23,0,785,0,785,5.0,1.0
ompi/mca/part/persist/part_persist_recvreq.c,7,0,0.0,2,0,0.0,1,0,0.0,0,2,3.33333333333333,2.0,3,3,8,0,3,10,9,18,0,776,0,776,1.0,1.0
ompi/mca/part/persist/part_persist_request.c,7,0,0.0,4,0,0.0,2,0,0.0,0,2,2.25,1.75,2,4,4,0,4,8,8,18,2,779,0,779,2.0,1.0
ompi/mca/part/persist/part_persist_sendreq.c,6,0,0.0,0,0,,1,0,0.0,0,2,3.33333333333333,2.0,3,3,8,0,3,9,9,19,0,774,0,774,1.0,1.0
ompi/mca/pml/base/pml_base_bsend.c,162,0,0.0,112,0,0.0,10,0,0.0,4,'4.4',28.2,1.3,11,1,53,14,10,94,11,103,0,666,0,666,37.0,3.7
ompi/mca/pml/base/pml_base_frame.c,54,0,0.0,28,0,0.0,5,0,0.0,7,3,28.3333333333333,2.33333333333333,13,4,71,6,6,36,52,66,0,605,0,605,20.0,4.0
ompi/mca/pml/base/pml_base_recvreq.c,6,0,0.0,2,0,0.0,2,0,0.0,0,2,3.75,1.75,2,4,7,0,4,7,8,23,0,566,0,566,2.0,1.0
ompi/mca/pml/base/pml_base_request.c,3,0,0.0,0,0,,1,0,0.0,5,2,2.0,2.0,2,3,4,2,3,5,6,24,0,564,0,564,1.0,1.0
ompi/mca/pml/base/pml_base_select.c,147,0,0.0,124,0,0.0,5,0,0.0,4,3,56.8,1.8,23,1,171,1,5,47,23,84,1,594,0,594,37.0,7.4
ompi/mca/pml/base/pml_base_sendreq.c,6,0,0.0,2,0,0.0,2,0,0.0,0,2,3.75,1.75,2,4,7,0,4,7,8,23,0,566,0,566,6.0,2.0
ompi/mca/pml/cm/pml_cm.c,37,0,0.0,4,0,0.0,6,0,0.0,3,'3.69565217391304',27.3478260869565,3.91304347826087,26,20,77,1,23,117,520,28,0,902,0,902,10.8,1.8
ompi/mca/pml/cm/pml_cm.h,140,0,0.0,332,0,0.0,12,0,0.0,2,0,0.0,0.0,0,0,0,4,0,0,0,0,0,895,0,895,48.0,4.0
ompi/mca/pml/cm/pml_cm_cancel.c,25,0,0.0,5,0,0.0,1,0,0.0,0,6,50.0,2.0,7,1,50,0,1,8,7,11,0,896,0,896,5.0,5.0
ompi/mca/pml/cm/pml_cm_component.c,39,0,0.0,14,0,0.0,5,0,0.0,0,'3.2',16.8,1.4,11,5,29,1,5,28,55,29,0,905,0,905,11.0,2.2
ompi/mca/pml/cm/pml_cm_recvreq.c,26,0,0.0,92,0,0.0,3,0,0.0,0,'2.42857142857143',5.57142857142857,1.85714285714286,6,6,18,0,7,21,36,17,0,986,0,986,6.0,2.0
ompi/mca/pml/cm/pml_cm_request.c,7,0,0.0,4,0,0.0,2,0,0.0,0,2,2.25,1.75,2,4,4,0,4,8,8,17,2,900,0,900,2.0,1.0
ompi/mca/pml/cm/pml_cm_sendreq.c,25,0,0.0,98,0,0.0,3,0,0.0,0,'2.22222222222222',4.44444444444444,2.0,7,8,17,0,9,25,56,25,0,985,0,985,6.0,2.0
ompi/mca/pml/cm/pml_cm_start.c,39,0,0.0,31,0,0.0,1,0,0.0,2,2,67.0,2.0,5,1,67,0,1,17,5,27,0,904,0,904,10.0,10.0
ompi/mca/pml/monitoring/pml_monitoring_comm.c,7,0,0.0,0,0,,3,0,0.0,0,2,4.5,1.0,3,2,5,0,2,7,6,13,0,596,0,596,3.0,1.0
ompi/mca/pml/monitoring/pml_monitoring_component.c,56,0,0.0,22,0,0.0,7,0,0.0,6,'2.71428571428571',16.1428571428571,1.71428571428571,12,1,71,5,7,48,12,56,0,612,0,612,14.0,2.0
ompi/mca/pml/monitoring/pml_monitoring_iprobe.c,10,0,0.0,0,0,,4,0,0.0,0,2,8.5,5.0,3,4,10,0,4,16,12,14,0,596,0,596,4.0,1.0
ompi/mca/pml/monitoring/pml_monitoring_irecv.c,15,0,0.0,0,0,,5,0,0.0,0,2,10.4,6.2,4,5,11,0,5,23,20,14,0,597,0,597,5.0,1.0
ompi/mca/pml/monitoring/pml_monitoring_isend.c,19,0,0.0,4,0,0.0,3,0,0.0,0,2,18.6666666666667,7.66666666666667,7,3,24,0,3,22,21,18,0,601,0,601,5.1,1.7
ompi/mca/pml/monitoring/pml_monitoring_start.c,17,0,0.0,12,0,0.0,1,0,0.0,0,2,33.0,2.0,6,1,33,0,1,11,6,17,0,596,0,596,6.0,6.0
ompi/mca/pml/ob1/pml_ob1.c,388,0,0.0,218,0,0.0,19,0,0.0,8,'3.36363636363636',46.3636363636364,3.43181818181818,76,24,159,6,44,506,1824,141,0,990,0,990,112.1,5.9
ompi/mca/pml/ob1/pml_ob1_accelerator.c,254,0,0.0,200,0,0.0,10,0,0.0,6,'7.8',39.7,2.0,27,4,114,15,10,122,108,78,0,941,0,941,70.0,7.0
ompi/mca/pml/ob1/pml_ob1_comm.c,60,0,0.0,60,0,0.0,6,0,0.0,1,'2.81818181818182',10.6363636363636,1.90909090909091,6,10,23,0,11,48,60,29,0,722,0,722,16.799999999999997,2.8
ompi/mca/pml/ob1/pml_ob1_component.c,144,0,0.0,66,0,0.0,12,0,0.0,0,'3.61538461538462',22.1538461538462,2.38461538461538,26,3,70,5,13,108,78,43,0,876,0,876,36.4,2.8
ompi/mca/pml/ob1/pml_ob1_iprobe.c,86,0,0.0,126,0,0.0,4,0,0.0,0,'4.75',36.0,5.0,8,4,51,0,4,40,32,24,0,844,0,844,15.2,3.8
ompi/mca/pml/ob1/pml_ob1_irecv.c,145,0,0.0,178,0,0.0,5,0,0.0,1,'5.6',65.0,6.2,15,5,102,1,5,86,75,71,0,913,0,913,26.0,5.2
ompi/mca/pml/ob1/pml_ob1_isend.c,126,0,0.0,144,0,0.0,4,0,0.0,1,9,72.75,8.25,15,2,96,1,4,43,30,59,0,934,0,934,42.0,10.5
ompi/mca/pml/ob1/pml_ob1_progress.c,56,0,0.0,28,0,0.0,3,0,0.0,1,'6.66666666666667',28.6666666666667,1.0,8,1,60,1,3,17,8,29,0,820,0,820,17.1,5.7
ompi/mca/pml/ob1/pml_ob1_rdma.c,83,0,0.0,54,0,0.0,3,0,0.0,2,'4.6',50.0,3.0,7,5,76,0,5,59,35,40,0,676,0,676,30.0,10.0
ompi/mca/pml/ob1/pml_ob1_rdmafrag.c,3,0,0.0,0,0,,1,0,0.0,0,2,2.0,2.0,1,3,4,0,3,4,3,20,0,657,0,657,1.0,1.0
ompi/mca/pml/ob1/pml_ob1_recvfrag.c,523,0,0.0,370,0,0.0,23,0,0.0,1,'3.2',39.44,2.8,35,9,185,0,25,223,315,320,1,1034,2,1032,153.60000000000002,6.4
ompi/mca/pml/ob1/pml_ob1_recvreq.c,579,0,0.0,389,0,0.0,25,0,0.0,4,'4.66666666666667',40.9285714285714,2.71428571428571,41,8,178,0,42,560,328,263,0,1093,0,1093,157.5,6.3
ompi/mca/pml/ob1/pml_ob1_recvreq.h,102,0,0.0,72,0,0.0,10,0,0.0,6,0,0.0,0.0,0,0,0,17,0,0,0,0,0,713,0,713,34.0,3.4
ompi/mca/pml/ob1/pml_ob1_sendreq.c,646,0,0.0,339,0,0.0,27,0,0.0,3,'3.28888888888889',35.8,2.24444444444444,40,8,166,0,45,577,320,272,0,1085,0,1085,148.5,5.5
ompi/mca/pml/ob1/pml_ob1_start.c,41,0,0.0,17,0,0.0,1,0,0.0,0,10,88.0,2.0,9,1,88,0,1,23,9,39,0,807,0,807,10.0,10.0
ompi/mca/pml/v/pml_v_component.c,86,0,0.0,26,0,0.0,8,0,0.0,0,'3.5',23.0,1.25,22,3,40,4,8,86,66,59,0,522,0,522,20.8,2.6
ompi/mca/pml/v/pml_v_output.c,24,0,0.0,8,0,0.0,2,0,0.0,1,2,12.0,2.0,6,5,29,0,5,23,30,13,0,501,0,501,5.0,2.5
ompi/mca/sharedfp/base/sharedfp_base_file_select.c,62,0,0.0,54,0,0.0,1,0,0.0,2,2,99.0,3.0,9,2,197,0,2,15,18,124,0,629,0,629,13.0,13.0
ompi/mca/sharedfp/base/sharedfp_base_file_unselect.c,5,0,0.0,4,0,0.0,1,0,0.0,2,2,8.0,1.0,1,1,8,0,1,2,1,20,0,589,0,589,3.0,3.0
ompi/mca/sharedfp/base/sharedfp_base_find_available.c,41,0,0.0,36,0,0.0,3,0,0.0,2,3,31.6666666666667,3.33333333333333,6,1,44,0,3,18,6,34,0,613,0,613,11.1,3.7
ompi/mca/sharedfp/base/sharedfp_base_frame.c,4,0,0.0,0,0,,2,0,0.0,0,2,3.33333333333333,3.33333333333333,3,3,5,1,3,7,9,34,0,590,0,590,2.0,1.0
ompi/mca/sharedfp/individual/sharedfp_individual.c,51,0,0.0,30,0,0.0,5,0,0.0,5,'5.10344827586207',42.9310344827586,3.10344827586207,24,21,222,5,29,228,504,55,0,601,0,601,17.0,3.4
ompi/mca/sharedfp/individual/sharedfp_individual_collaborate_data.c,284,0,0.0,130,0,0.0,6,0,0.0,4,2,71.3333333333333,3.66666666666667,15,1,222,0,6,56,15,36,0,634,0,634,70.80000000000001,11.8
ompi/mca/sharedfp/individual/sharedfp_individual_component.c,6,0,0.0,0,0,,1,0,0.0,0,2,17.0,1.0,2,1,17,4,1,6,2,43,0,590,0,590,1.0,1.0
ompi/mca/sharedfp/individual/sharedfp_individual_file_open.c,129,0,0.0,36,0,0.0,3,0,0.0,1,'9.33333333333333',73.6666666666667,2.33333333333333,10,2,149,0,3,39,20,54,0,638,0,638,21.0,7.0
ompi/mca/sharedfp/individual/sharedfp_individual_get_position.c,3,0,0.0,0,0,,1,0,0.0,0,2,6.0,2.0,1,1,6,0,1,2,1,20,0,589,0,589,1.0,1.0
ompi/mca/sharedfp/individual/sharedfp_individual_gettime.c,7,0,0.0,0,0,,1,0,0.0,2,2,13.0,1.0,0,1,13,0,1,1,0,0,0,589,0,589,1.0,1.0
ompi/mca/sharedfp/individual/sharedfp_individual_insert_metadata.c,71,0,0.0,20,0,0.0,2,0,0.0,1,'6.5',59.0,2.0,11,1,61,0,2,35,11,27,0,601,0,601,12.0,6.0
ompi/mca/sharedfp/individual/sharedfp_individual_iwrite.c,107,0,0.0,34,0,0.0,3,0,0.0,0,8,63.0,4.0,14,3,130,0,3,43,42,33,0,610,0,610,20.1,6.7
ompi/mca/sharedfp/individual/sharedfp_individual_read.c,15,0,0.0,0,0,,5,0,0.0,0,2,7.2,4.4,1,5,9,0,5,10,5,22,0,593,0,593,5.0,1.0
ompi/mca/sharedfp/individual/sharedfp_individual_seek.c,6,0,0.0,2,0,0.0,1,0,0.0,1,3,16.0,3.0,1,1,16,1,1,3,1,25,0,589,0,589,2.0,2.0
ompi/mca/sharedfp/individual/sharedfp_individual_write.c,98,0,0.0,32,0,0.0,2,0,0.0,0,2,86.5,5.0,14,2,125,0,2,38,28,33,0,608,0,608,18.0,9.0
ompi/mca/sharedfp/lockedfile/sharedfp_lockedfile.c,42,0,0.0,24,0,0.0,5,0,0.0,5,'7.6',56.8,3.25,26,13,148,4,20,200,338,76,0,617,0,617,10.0,2.0
ompi/mca/sharedfp/lockedfile/sharedfp_lockedfile_component.c,6,0,0.0,0,0,,1,0,0.0,8,2,17.0,1.0,2,1,17,4,1,6,2,43,0,590,0,590,1.0,1.0
ompi/mca/sharedfp/lockedfile/sharedfp_lockedfile_file_open.c,121,0,0.0,42,0,0.0,2,0,0.0,0,2,90.0,3.0,16,2,148,0,2,34,32,35,0,647,0,647,23.0,11.5
ompi/mca/sharedfp/lockedfile/sharedfp_lockedfile_get_position.c,19,0,0.0,4,0,0.0,1,0,0.0,2,2,32.0,2.0,6,1,32,0,1,12,6,24,0,592,0,592,3.0,3.0
ompi/mca/sharedfp/lockedfile/sharedfp_lockedfile_iread.c,99,0,0.0,36,0,0.0,3,0,0.0,0,'3.33333333333333',57.6666666666667,4.0,14,3,115,0,3,37,42,41,0,609,0,609,21.0,7.0
ompi/mca/sharedfp/lockedfile/sharedfp_lockedfile_iwrite.c,104,0,0.0,36,0,0.0,3,0,0.0,0,'3.33333333333333',60.6666666666667,4.0,14,3,126,0,3,37,42,41,0,609,0,609,21.0,7.0
ompi/mca/sharedfp/lockedfile/sharedfp_lockedfile_read.c,90,0,0.0,34,0,0.0,2,0,0.0,0,2,75.0,5.0,14,2,105,0,2,31,28,41,0,607,0,607,19.0,9.5
ompi/mca/sharedfp/lockedfile/sharedfp_lockedfile_request_position.c,57,0,0.0,18,0,0.0,1,0,0.0,0,12,108.0,3.0,7,1,108,0,1,8,7,41,0,611,0,611,10.0,10.0
ompi/mca/sharedfp/lockedfile/sharedfp_lockedfile_seek.c,69,0,0.0,24,0,0.0,1,0,0.0,0,2,117.0,3.0,13,1,117,0,1,18,13,34,0,617,0,617,13.0,13.0
ompi/mca/sharedfp/lockedfile/sharedfp_lockedfile_write.c,95,0,0.0,34,0,0.0,2,0,0.0,0,2,82.5,5.0,14,2,121,0,2,32,28,41,0,607,0,607,19.0,9.5
ompi/mca/sharedfp/sm/sharedfp_sm.c,36,0,0.0,12,0,0.0,5,0,0.0,8,'2.9',50.95,3.25,23,11,166,4,20,220,253,51,0,604,0,604,8.0,1.6
ompi/mca/sharedfp/sm/sharedfp_sm_component.c,6,0,0.0,0,0,,1,0,0.0,0,2,17.0,1.0,2,1,17,4,1,6,2,43,0,590,0,590,1.0,1.0
ompi/mca/sharedfp/sm/sharedfp_sm_file_open.c,133,0,0.0,38,0,0.0,2,0,0.0,931,'5.16666666666667',37.3333333333333,1.83333333333333,13,2,166,4,6,53,26,56,0,661,0,661,0.0,0.0
ompi/mca/sharedfp/sm/sharedfp_sm_get_position.c,6,0,0.0,2,0,0.0,1,0,0.0,2,2,15.0,2.0,5,1,15,0,1,6,5,23,0,590,0,590,2.0,2.0
ompi/mca/sharedfp/sm/sharedfp_sm_iread.c,99,0,0.0,36,0,0.0,3,0,0.0,0,9,57.3333333333333,4.0,12,3,121,0,3,38,36,39,0,607,0,607,21.0,7.0
ompi/mca/sharedfp/sm/sharedfp_sm_iwrite.c,94,0,0.0,36,0,0.0,3,0,0.0,0,'3.33333333333333',53.3333333333333,4.0,12,3,108,0,3,38,36,39,0,607,0,607,21.0,7.0
ompi/mca/sharedfp/sm/sharedfp_sm_read.c,89,0,0.0,34,0,0.0,2,0,0.0,0,12,75.5,5.0,12,2,112,0,2,32,24,38,0,605,0,605,19.0,9.5
ompi/mca/sharedfp/sm/sharedfp_sm_request_position.c,41,0,0.0,12,0,0.0,1,0,0.0,0,8,60.0,3.0,8,1,60,0,1,11,8,23,0,596,0,596,7.0,7.0
ompi/mca/sharedfp/sm/sharedfp_sm_seek.c,76,0,0.0,30,0,0.0,1,0,0.0,0,17,106.0,3.0,13,1,106,0,1,19,13,33,0,607,0,607,16.0,16.0
ompi/mca/sharedfp/sm/sharedfp_sm_write.c,84,0,0.0,34,0,0.0,2,0,0.0,0,12,71.5,5.0,13,2,100,0,2,35,26,39,0,605,0,605,19.0,9.5
ompi/mca/topo/base/topo_base_cart_coords.c,12,0,0.0,4,0,0.0,1,0,0.0,1,2,24.0,4.0,5,1,24,0,1,7,5,34,0,549,0,549,3.0,3.0
ompi/mca/topo/base/topo_base_cart_create.c,81,0,0.0,70,0,0.0,4,0,0.0,1,4,28.4,4.0,9,4,74,0,5,29,36,57,2,613,0,613,20.0,5.0
ompi/mca/topo/base/topo_base_cart_get.c,7,0,0.0,2,0,0.0,1,0,0.0,1,2,15.0,5.0,4,1,15,0,1,8,4,34,0,554,0,554,2.0,2.0
ompi/mca/topo/base/topo_base_cart_map.c,14,0,0.0,10,0,0.0,1,0,0.0,1,2,31.0,5.0,1,1,31,0,1,2,1,43,0,550,0,550,6.0,6.0
ompi/mca/topo/base/topo_base_cart_rank.c,19,0,0.0,8,0,0.0,1,0,0.0,1,2,40.0,3.0,5,1,40,0,1,7,5,42,0,548,0,548,5.0,5.0
ompi/mca/topo/base/topo_base_cart_shift.c,35,0,0.0,18,0,0.0,1,0,0.0,14,2,59.0,5.0,4,1,59,0,1,7,4,43,0,552,0,552,12.0,12.0
ompi/mca/topo/base/topo_base_cart_sub.c,80,0,0.0,42,0,0.0,1,0,0.0,1,2,120.0,3.0,10,1,120,0,1,19,10,50,0,570,0,570,17.0,17.0
ompi/mca/topo/base/topo_base_cartdim_get.c,3,0,0.0,0,0,,1,0,0.0,1,2,5.0,2.0,4,1,5,0,1,5,4,28,0,548,0,548,1.0,1.0
ompi/mca/topo/base/topo_base_comm_select.c,133,0,0.0,102,0,0.0,4,0,0.0,2,'8.6',52.0,3.8,32,2,188,0,5,47,64,117,0,598,0,598,38.0,9.5
ompi/mca/topo/base/topo_base_dist_graph_create_adjacent.c,57,0,0.0,34,0,0.0,2,0,0.0,1,'9.5',45.5,10.0,3,1,72,0,2,14,3,17,0,574,0,574,15.0,7.5
ompi/mca/topo/base/topo_base_dist_graph_neighbors.c,24,0,0.0,18,0,0.0,1,0,0.0,3,2,34.0,7.0,4,1,34,0,1,10,4,13,0,548,0,548,10.0,10.0
ompi/mca/topo/base/topo_base_dist_graph_neighbors_count.c,9,0,0.0,2,0,0.0,1,0,0.0,1,2,16.0,4.0,4,1,16,0,1,7,4,8,0,548,0,548,2.0,2.0
ompi/mca/topo/base/topo_base_find_available.c,42,0,0.0,36,0,0.0,3,0,0.0,2,3,33.3333333333333,3.33333333333333,6,1,48,0,3,18,6,38,0,574,0,574,11.1,3.7
ompi/mca/topo/base/topo_base_frame.c,27,0,0.0,20,0,0.0,5,0,0.0,2,'2.14285714285714',6.71428571428571,2.71428571428571,10,7,26,0,7,23,70,38,2,561,0,561,10.0,2.0
ompi/mca/topo/base/topo_base_graph_create.c,59,0,0.0,46,0,0.0,4,0,0.0,1,'3.4',18.4,3.8,8,4,39,0,5,23,32,37,2,587,0,587,16.8,4.2
ompi/mca/topo/base/topo_base_graph_get.c,13,0,0.0,8,0,0.0,1,0,0.0,1,2,29.0,5.0,5,1,29,0,1,7,5,33,0,549,0,549,5.0,5.0
ompi/mca/topo/base/topo_base_graph_map.c,5,0,0.0,4,0,0.0,1,0,0.0,1,2,12.0,5.0,0,1,12,0,1,1,0,34,0,549,0,549,3.0,3.0
ompi/mca/topo/base/topo_base_graph_neighbors.c,13,0,0.0,6,0,0.0,1,0,0.0,3,2,26.0,4.0,5,1,26,0,1,7,5,35,0,548,0,548,4.0,4.0
ompi/mca/topo/base/topo_base_graph_neighbors_count.c,7,0,0.0,2,0,0.0,1,0,0.0,11,2,12.0,3.0,5,1,12,0,1,6,5,30,0,548,0,548,2.0,2.0
ompi/mca/topo/base/topo_base_graphdims_get.c,5,0,0.0,0,0,,1,0,0.0,1,2,10.0,3.0,5,1,10,0,1,6,5,33,0,549,0,549,1.0,1.0
ompi/mca/topo/base/topo_base_lazy_init.c,11,0,0.0,6,0,0.0,1,0,0.0,1,2,22.0,1.0,4,1,22,0,1,6,4,30,0,551,0,551,4.0,4.0
ompi/mca/topo/basic/topo_basic_component.c,11,0,0.0,4,0,0.0,2,0,0.0,0,'2.5',11.0,3.0,2,2,17,2,2,4,4,33,0,551,0,551,3.0,1.5
ompi/mca/topo/treematch/topo_treematch_component.c,16,0,0.0,4,0,0.0,3,0,0.0,0,'2.66666666666667',12.0,2.33333333333333,8,3,19,2,3,15,24,31,0,550,0,550,5.1,1.7
ompi/mca/topo/treematch/topo_treematch_dist_graph_create.c,558,0,0.0,372,0,0.0,2,0,0.0,0,'89.5',454.0,8.5,25,1,886,0,2,62,25,120,0,783,0,783,175.2,43.8
ompi/mca/topo/treematch/topo_treematch_module.c,6,0,0.0,0,0,,2,0,0.0,0,2,3.66666666666667,2.0,2,3,6,0,3,5,6,16,0,550,0,550,2.0,1.0
ompi/mca/vprotocol/base/vprotocol_base.c,16,0,0.0,8,0,0.0,3,0,0.0,22,'2.5',6.25,2.75,4,2,8,2,4,12,8,20,0,473,0,473,6.9,2.3
ompi/mca/vprotocol/base/vprotocol_base_parasite.c,48,0,0.0,46,0,0.0,1,0,0.0,1,2,49.0,1.0,7,1,49,0,1,51,7,9,0,565,0,565,24.0,24.0
ompi/mca/vprotocol/base/vprotocol_base_request.c,57,0,0.0,16,0,0.0,1,0,0.0,2,6,65.0,1.0,8,1,65,0,1,24,8,14,0,600,0,600,5.0,5.0
ompi/mca/vprotocol/base/vprotocol_base_select.c,61,0,0.0,32,0,0.0,1,0,0.0,4,2,96.0,2.0,11,1,96,2,1,18,11,32,0,515,0,515,12.0,12.0
ompi/mca/vprotocol/pessimist/vprotocol_pessimist.c,3,0,0.0,0,0,,1,0,0.0,7,'2.30769230769231',12.3076923076923,3.69230769230769,9,7,23,2,13,74,63,9,0,681,0,681,1.0,1.0
ompi/mca/vprotocol/pessimist/vprotocol_pessimist_comm.c,4,0,0.0,0,0,,2,0,0.0,0,2,4.0,1.0,3,2,4,0,2,8,6,9,0,680,0,680,2.0,1.0
ompi/mca/vprotocol/pessimist/vprotocol_pessimist_component.c,66,0,0.0,24,0,0.0,6,0,0.0,0,'2.16666666666667',21.1666666666667,1.33333333333333,10,3,53,9,6,51,30,30,0,712,0,712,10.2,1.7
ompi/mca/vprotocol/pessimist/vprotocol_pessimist_eventlog.c,88,0,0.0,48,0,0.0,4,0,0.0,2,'3.125',32.5,1.625,22,8,54,0,8,67,176,22,0,722,0,722,23.2,5.8
ompi/mca/vprotocol/pessimist/vprotocol_pessimist_probe.c,22,0,0.0,4,0,0.0,6,0,0.0,0,2,9.66666666666667,4.83333333333333,6,2,17,0,6,22,12,15,0,684,0,684,7.800000000000001,1.3
ompi/mca/vprotocol/pessimist/vprotocol_pessimist_proc.c,4,0,0.0,0,0,,2,0,0.0,0,2,6.0,2.0,3,2,7,0,2,8,6,13,0,680,0,680,2.0,1.0
ompi/mca/vprotocol/pessimist/vprotocol_pessimist_recv.c,18,0,0.0,20,0,0.0,2,0,0.0,0,2,22.0,7.0,7,2,23,0,2,16,14,14,0,691,0,691,2.0,1.0
ompi/mca/vprotocol/pessimist/vprotocol_pessimist_request.c,17,0,0.0,22,0,0.0,2,0,0.0,1,2,6.25,1.75,3,3,14,0,4,11,9,9,0,692,0,692,2.0,1.0
ompi/mca/vprotocol/pessimist/vprotocol_pessimist_send.c,20,0,0.0,12,0,0.0,2,0,0.0,0,2,21.5,7.5,7,2,22,0,2,16,14,11,0,691,0,691,2.0,1.0
ompi/mca/vprotocol/pessimist/vprotocol_pessimist_sender_based.c,69,0,0.0,18,0,0.0,7,0,0.0,2,'3.22222222222222',17.8888888888889,1.11111111111111,13,2,37,0,9,44,26,18,0,711,0,711,20.8,2.6
ompi/mca/vprotocol/pessimist/vprotocol_pessimist_start.c,16,0,0.0,11,0,0.0,1,0,0.0,0,6,34.0,2.0,7,1,34,0,1,11,7,13,0,683,0,683,5.0,5.0
ompi/mca/vprotocol/pessimist/vprotocol_pessimist_wait.c,59,0,0.0,40,0,0.0,7,0,0.0,0,'3.85714285714286',18.8571428571429,3.85714285714286,7,5,41,0,7,36,35,23,1,695,0,695,21.0,3.0
ompi/message/message.c,27,0,0.0,14,0,0.0,3,0,0.0,1,'2.14285714285714',8.71428571428571,1.42857142857143,5,4,29,4,7,27,20,16,0,517,0,517,3.9,1.3
ompi/mpi/c/address.c,9,0,0.0,8,0,0.0,2,0,0.0,0,4,12.0,2.0,0,1,12,1,1,2,0,28,0,593,0,593,4.0,4.0
ompi/mpi/c/attr_fn.c,36,0,0.0,0,0,,12,0,0.0,0,2,7.5,5.33333333333333,1,12,9,0,12,28,12,48,0,588,0,588,12.0,1.0
ompi/mpi/c/errhandler_create.c,2,0,0.0,0,0,,2,0,0.0,0,2,9.0,2.0,0,1,9,0,1,1,0,30,0,589,0,589,1.0,1.0
ompi/mpi/c/errhandler_get.c,5,0,0.0,4,0,0.0,2,0,0.0,0,3,15.0,2.0,0,1,15,1,1,2,0,30,0,598,0,598,2.0,2.0
ompi/mpi/c/errhandler_set.c,5,0,0.0,4,0,0.0,2,0,0.0,0,3,15.0,2.0,0,1,15,1,1,2,0,30,0,598,0,598,2.0,2.0
ompi/mpi/c/pcontrol.c,7,0,0.0,4,0,0.0,2,0,0.0,0,3,17.0,2.0,0,1,17,1,1,2,0,21,0,426,0,426,2.0,2.0
ompi/mpi/c/type_extent.c,11,0,0.0,12,0,0.0,2,0,0.0,0,5,21.0,2.0,1,1,21,1,1,3,1,28,0,605,0,605,5.0,5.0
ompi/mpi/c/type_get_contents.c,26,0,0.0,24,0,0.0,2,0,0.0,0,9,53.0,7.0,1,1,53,1,1,6,1,22,0,612,0,612,14.0,14.0
ompi/mpi/c/type_get_contents_c.c,26,0,0.0,24,0,0.0,2,0,0.0,0,9,56.0,9.0,1,1,56,1,1,6,1,23,0,612,0,612,14.0,14.0
ompi/mpi/c/type_get_envelope.c,13,0,0.0,18,0,0.0,2,0,0.0,0,5,28.0,5.0,2,1,28,1,1,4,2,19,0,605,0,605,8.0,8.0
ompi/mpi/c/type_get_envelope_c.c,13,0,0.0,18,0,0.0,2,0,0.0,0,5,30.0,6.0,2,1,30,1,1,4,2,20,0,605,0,605,8.0,8.0
ompi/mpi/c/type_hindexed.c,22,0,0.0,22,0,0.0,2,0,0.0,0,8,40.0,5.0,1,1,40,1,1,3,1,28,0,606,0,606,11.0,11.0
ompi/mpi/c/type_hvector.c,17,0,0.0,14,0,0.0,2,0,0.0,0,6,31.0,5.0,1,1,31,1,1,3,1,28,0,604,0,604,7.0,7.0
ompi/mpi/c/type_lb.c,11,0,0.0,12,0,0.0,2,0,0.0,0,5,21.0,2.0,1,1,21,1,1,3,1,28,0,605,0,605,5.0,5.0
ompi/mpi/c/type_struct.c,6,0,0.0,0,0,,2,0,0.0,0,2,13.0,5.0,1,1,13,0,1,2,1,29,0,420,0,420,1.0,1.0
ompi/mpi/c/type_ub.c,14,0,0.0,14,0,0.0,2,0,0.0,0,6,25.0,2.0,0,1,25,1,1,2,0,28,0,605,0,605,6.0,6.0
ompi/mpi/c/win_f2c.c,10,0,0.0,8,0,0.0,2,0,0.0,0,4,19.0,1.0,1,1,19,1,1,3,1,24,0,593,0,593,4.0,4.0
ompi/mpi/c/wtick.c,7,0,0.0,2,0,0.0,2,0,0.0,3,3,14.0,1.0,1,1,14,0,1,3,1,26,0,422,0,422,2.0,2.0
ompi/mpi/tool/category_changed.c,8,0,0.0,2,0,0.0,2,0,0.0,0,3,12.0,1.0,2,1,12,0,1,4,2,14,0,596,0,596,2.0,2.0
ompi/mpi/tool/category_get_categories.c,19,0,0.0,8,0,0.0,2,0,0.0,0,6,32.0,3.0,3,1,32,0,1,5,3,17,0,597,0,597,7.0,7.0
ompi/mpi/tool/category_get_cvars.c,19,0,0.0,8,0,0.0,2,0,0.0,0,6,32.0,3.0,3,1,32,0,1,5,3,17,0,597,0,597,7.0,7.0
ompi/mpi/tool/category_get_events.c,6,0,0.0,2,0,0.0,2,0,0.0,0,3,9.0,3.0,0,1,9,0,1,1,0,19,0,593,0,593,2.0,2.0
ompi/mpi/tool/category_get_index.c,12,0,0.0,10,0,0.0,2,0,0.0,0,5,21.0,2.0,2,1,21,0,1,4,2,17,0,596,0,596,6.0,6.0
ompi/mpi/tool/category_get_info.c,25,0,0.0,10,0,0.0,2,0,0.0,0,8,40.0,8.0,3,1,40,0,1,5,3,17,0,601,0,601,8.0,8.0
ompi/mpi/tool/category_get_num.c,10,0,0.0,6,0,0.0,2,0,0.0,0,4,16.0,1.0,2,1,16,0,1,4,2,17,0,596,0,596,4.0,4.0
ompi/mpi/tool/category_get_num_events.c,8,0,0.0,6,0,0.0,2,0,0.0,0,4,14.0,2.0,0,1,14,0,1,1,0,19,0,593,0,593,4.0,4.0
ompi/mpi/tool/category_get_pvars.c,19,0,0.0,8,0,0.0,2,0,0.0,0,6,32.0,3.0,3,1,32,0,1,5,3,17,0,597,0,597,7.0,7.0
ompi/mpi/tool/cvar_get_index.c,12,0,0.0,10,0,0.0,2,0,0.0,0,5,21.0,2.0,2,1,21,0,1,4,2,17,0,596,0,596,6.0,6.0
ompi/mpi/tool/cvar_get_info.c,32,0,0.0,18,0,0.0,2,0,0.0,0,10,54.0,10.0,4,1,54,0,1,13,4,20,0,599,0,599,12.0,12.0
ompi/mpi/tool/cvar_get_num.c,10,0,0.0,6,0,0.0,2,0,0.0,0,4,15.0,1.0,2,1,15,0,1,4,2,17,0,596,0,596,4.0,4.0
ompi/mpi/tool/cvar_handle_alloc.c,28,0,0.0,16,0,0.0,2,0,0.0,0,8,51.0,4.0,6,1,51,0,1,9,6,20,0,598,0,598,11.0,11.0
ompi/mpi/tool/cvar_handle_free.c,7,0,0.0,2,0,0.0,2,0,0.0,0,3,11.0,1.0,1,1,11,0,1,2,1,13,0,594,0,594,2.0,2.0
ompi/mpi/tool/cvar_read.c,41,0,0.0,22,0,0.0,2,0,0.0,0,20,69.0,2.0,3,1,69,0,1,13,3,19,0,598,0,598,21.0,21.0
ompi/mpi/tool/cvar_write.c,23,0,0.0,14,0,0.0,2,0,0.0,0,8,36.0,2.0,2,1,36,0,1,4,2,17,0,596,0,596,9.0,9.0
ompi/mpi/tool/enum_get_info.c,17,0,0.0,6,0,0.0,2,0,0.0,0,6,26.0,4.0,1,1,26,0,1,3,1,17,0,597,0,597,5.0,5.0
ompi/mpi/tool/enum_get_item.c,21,0,0.0,8,0,0.0,2,0,0.0,0,7,37.0,5.0,3,1,37,0,1,5,3,17,0,598,0,598,6.0,6.0
ompi/mpi/tool/event_callback_get_info.c,5,0,0.0,2,0,0.0,2,0,0.0,0,3,9.0,3.0,0,1,9,0,1,1,0,15,0,593,0,593,2.0,2.0
ompi/mpi/tool/event_callback_set_info.c,5,0,0.0,2,0,0.0,2,0,0.0,0,3,9.0,3.0,0,1,9,0,1,1,0,15,0,593,0,593,2.0,2.0
ompi/mpi/tool/event_copy.c,5,0,0.0,2,0,0.0,2,0,0.0,0,3,8.0,2.0,0,1,8,0,1,1,0,14,0,593,0,593,2.0,2.0
ompi/mpi/tool/event_get_index.c,7,0,0.0,8,0,0.0,2,0,0.0,0,4,12.0,2.0,0,1,12,0,1,1,0,13,0,593,0,593,5.0,5.0
ompi/mpi/tool/event_get_info.c,5,0,0.0,2,0,0.0,2,0,0.0,0,3,12.0,12.0,0,1,12,0,1,1,0,14,0,593,0,593,2.0,2.0
ompi/mpi/tool/event_get_num.c,8,0,0.0,6,0,0.0,2,0,0.0,0,4,13.0,1.0,0,1,13,0,1,1,0,13,0,593,0,593,4.0,4.0
ompi/mpi/tool/event_get_source.c,5,0,0.0,2,0,0.0,2,0,0.0,0,3,8.0,2.0,0,1,8,0,1,1,0,14,0,593,0,593,2.0,2.0
ompi/mpi/tool/event_get_timestamp.c,5,0,0.0,2,0,0.0,2,0,0.0,0,3,8.0,2.0,0,1,8,0,1,1,0,14,0,593,0,593,2.0,2.0
ompi/mpi/tool/event_handle_alloc.c,5,0,0.0,2,0,0.0,2,0,0.0,0,3,9.0,4.0,0,1,9,0,1,1,0,14,0,593,0,593,2.0,2.0
ompi/mpi/tool/event_handle_free.c,5,0,0.0,2,0,0.0,2,0,0.0,0,3,10.0,3.0,0,1,10,0,1,1,0,14,0,593,0,593,2.0,2.0
ompi/mpi/tool/event_handle_get_info.c,5,0,0.0,2,0,0.0,2,0,0.0,0,3,9.0,2.0,0,1,9,0,1,1,0,15,0,593,0,593,2.0,2.0
ompi/mpi/tool/event_handle_set_info.c,5,0,0.0,2,0,0.0,2,0,0.0,0,3,9.0,2.0,0,1,9,0,1,1,0,15,0,593,0,593,2.0,2.0
ompi/mpi/tool/event_read.c,5,0,0.0,2,0,0.0,2,0,0.0,0,3,8.0,3.0,0,1,8,0,1,1,0,14,0,593,0,593,2.0,2.0
ompi/mpi/tool/event_register_callback.c,5,0,0.0,2,0,0.0,2,0,0.0,0,3,10.0,5.0,0,1,10,0,1,1,0,14,0,593,0,593,2.0,2.0
ompi/mpi/tool/event_set_dropped_handler.c,5,0,0.0,2,0,0.0,2,0,0.0,0,3,9.0,2.0,0,1,9,0,1,1,0,14,0,593,0,593,2.0,2.0
ompi/mpi/tool/finalize.c,19,0,0.0,14,0,0.0,2,0,0.0,7,5,29.0,1.0,5,1,29,0,1,8,5,16,0,605,0,605,6.0,6.0
ompi/mpi/tool/init_thread.c,18,0,0.0,6,0,0.0,2,0,0.0,8,6,34.0,2.0,5,1,34,3,1,8,5,21,0,597,0,597,5.0,5.0
ompi/mpi/tool/mpit_common.c,21,0,0.0,9,0,0.0,4,0,0.0,28,2,9.0,1.25,1,3,17,3,4,8,3,17,0,596,0,596,8.8,2.2
ompi/mpi/tool/pvar_get_index.c,12,0,0.0,10,0,0.0,2,0,0.0,4,5,21.0,3.0,2,1,21,0,1,4,2,17,0,596,0,596,6.0,6.0
ompi/mpi/tool/pvar_get_info.c,43,0,0.0,26,0,0.0,2,0,0.0,1,14,73.0,13.0,3,1,73,0,1,12,3,23,0,602,0,602,16.0,16.0
ompi/mpi/tool/pvar_get_num.c,7,0,0.0,6,0,0.0,2,0,0.0,2,4,12.0,1.0,1,1,12,0,1,2,1,16,0,594,0,594,4.0,4.0
ompi/mpi/tool/pvar_handle_alloc.c,18,0,0.0,8,0,0.0,2,0,0.0,6,6,36.0,5.0,4,1,36,0,1,8,4,21,0,598,0,598,7.0,7.0
ompi/mpi/tool/pvar_handle_free.c,19,0,0.0,8,0,0.0,2,0,0.0,6,6,32.0,2.0,2,1,32,0,1,4,2,20,0,596,0,596,6.0,6.0
ompi/mpi/tool/pvar_read.c,10,0,0.0,6,0,0.0,2,0,0.0,5,4,21.0,3.0,2,1,21,0,1,5,2,14,0,597,0,597,4.0,4.0
ompi/mpi/tool/pvar_readreset.c,5,0,0.0,2,0,0.0,2,0,0.0,0,3,10.0,3.0,0,1,10,0,1,1,0,14,0,593,0,593,2.0,2.0
ompi/mpi/tool/pvar_reset.c,17,0,0.0,10,0,0.0,2,0,0.0,0,5,27.0,2.0,2,1,27,0,1,5,2,16,0,599,0,599,5.0,5.0
ompi/mpi/tool/pvar_session_create.c,12,0,0.0,4,0,0.0,2,0,0.0,7,4,19.0,1.0,1,1,19,0,1,3,1,17,0,596,0,596,3.0,3.0
ompi/mpi/tool/pvar_session_free.c,11,0,0.0,10,0,0.0,2,0,0.0,7,4,18.0,1.0,0,1,18,0,1,1,0,14,0,600,0,600,3.0,3.0
ompi/mpi/tool/pvar_start.c,22,0,0.0,12,0,0.0,3,0,0.0,6,4,17.5,1.5,2,1,27,0,2,7,2,16,0,600,0,600,7.0,3.5
ompi/mpi/tool/pvar_stop.c,22,0,0.0,14,0,0.0,3,0,0.0,6,4,18.5,1.5,2,1,29,0,2,7,2,18,0,601,0,601,8.0,4.0
ompi/mpi/tool/pvar_write.c,10,0,0.0,6,0,0.0,2,0,0.0,1,4,21.0,3.0,2,1,21,0,1,5,2,14,0,597,0,597,4.0,4.0
ompi/mpi/tool/source_get_info.c,5,0,0.0,2,0,0.0,2,0,0.0,0,3,9.0,9.0,0,1,9,0,1,1,0,13,0,593,0,593,2.0,2.0
ompi/mpi/tool/source_get_num.c,8,0,0.0,6,0,0.0,2,0,0.0,0,4,13.0,1.0,0,1,13,0,1,1,0,13,0,593,0,593,4.0,4.0
ompi/mpi/tool/source_get_timestamp.c,7,0,0.0,6,0,0.0,2,0,0.0,0,4,12.0,2.0,0,1,12,0,1,1,0,13,0,593,0,593,4.0,4.0
ompi/mpiext/affinity/c/mpiext_affinity_str.c,352,0,0.0,165,0,0.0,12,0,0.0,1,'7.16666666666667',48.0833333333333,2.08333333333333,6,1,103,3,12,51,6,138,0,776,0,776,88.80000000000001,7.4
ompi/mpiext/cuda/c/mpiext_cuda.c,2,0,0.0,0,0,,1,0,0.0,0,2,4.0,1.0,3,1,4,0,1,4,3,18,0,380,0,380,1.0,1.0
ompi/mpiext/ftmpi/c/comm_ack_failed.c,14,0,0.0,12,0,0.0,1,0,0.0,0,2,19.0,3.0,1,1,19,1,1,3,1,11,0,602,0,602,4.0,4.0
ompi/mpiext/ftmpi/c/comm_agree.c,18,0,0.0,18,0,0.0,1,0,0.0,0,2,29.0,2.0,8,1,29,1,1,10,8,13,0,637,0,637,4.0,4.0
ompi/mpiext/ftmpi/c/comm_failure_ack.c,11,0,0.0,10,0,0.0,1,0,0.0,0,2,16.0,1.0,1,1,16,1,1,3,1,12,0,601,0,601,3.0,3.0
ompi/mpiext/ftmpi/c/comm_failure_get_acked.c,13,0,0.0,12,0,0.0,1,0,0.0,0,2,20.0,2.0,1,1,20,1,1,3,1,12,0,601,0,601,4.0,4.0
ompi/mpiext/ftmpi/c/comm_get_failed.c,13,0,0.0,12,0,0.0,1,0,0.0,0,2,20.0,2.0,1,1,20,1,1,3,1,11,0,601,0,601,4.0,4.0
ompi/mpiext/ftmpi/c/comm_iagree.c,21,0,0.0,14,0,0.0,1,0,0.0,0,2,31.0,3.0,8,1,31,1,1,10,8,11,0,630,0,630,5.0,5.0
ompi/mpiext/ftmpi/c/comm_is_revoked.c,14,0,0.0,12,0,0.0,1,0,0.0,0,2,19.0,2.0,1,1,19,1,1,3,1,11,0,601,0,601,4.0,4.0
ompi/mpiext/ftmpi/c/comm_ishrink.c,17,0,0.0,14,0,0.0,1,0,0.0,0,2,22.0,3.0,1,1,22,1,1,3,1,11,0,629,0,629,5.0,5.0
ompi/mpiext/ftmpi/c/comm_revoke.c,11,0,0.0,10,0,0.0,1,0,0.0,0,2,16.0,1.0,1,1,16,1,1,3,1,11,0,601,0,601,3.0,3.0
ompi/mpiext/ftmpi/c/comm_shrink.c,13,0,0.0,12,0,0.0,1,0,0.0,0,2,20.0,2.0,1,1,20,1,1,3,1,12,0,603,0,603,4.0,4.0
ompi/mpiext/mpiext.c,21,0,0.0,12,0,0.0,2,0,0.0,1,'3.5',16.0,1.0,1,1,17,0,2,5,1,10,0,498,0,498,8.0,4.0
ompi/mpiext/rocm/c/mpiext_rocm.c,2,0,0.0,2,0,0.0,1,0,0.0,0,2,4.0,1.0,1,1,4,0,1,3,1,17,0,7,0,7,2.0,2.0
ompi/op/op.c,201,0,0.0,118,0,0.0,7,0,0.0,0,'3.47058823529412',32.7647058823529,2.82352941176471,13,8,190,32,17,135,104,121,0,662,0,662,49.0,7.0
ompi/proc/proc.c,340,0,0.0,212,0,0.0,21,0,0.0,0,'2.25925925925926',27.037037037037,1.48148148148148,18,6,105,4,27,169,108,205,1,736,4,732,81.89999999999999,3.9
ompi/proc/proc.h,37,2,0.054,14,0,0.0,6,1,0.1669999999999999,51,0,0.0,0.0,0,0,0,4,0,0,0,0,2,388,0,388,8.8,1.1
ompi/request/grequest.c,90,0,0.0,44,0,0.0,8,0,0.0,4,'2.7',15.6,1.9,9,6,42,0,10,57,54,127,0,582,0,582,20.0,2.5
ompi/request/req_ft.c,58,0,0.0,59,0,0.0,1,0,0.0,0,22,145.0,1.0,9,1,145,0,1,14,9,64,0,616,0,616,26.0,26.0
ompi/request/req_test.c,209,0,0.0,140,0,0.0,4,0,0.0,0,2,95.75,4.25,6,4,131,0,4,35,24,78,0,500,0,500,83.2,20.8
ompi/request/req_wait.c,317,0,0.0,254,0,0.0,4,0,0.0,0,2,149.25,3.5,6,4,228,0,4,35,24,154,0,559,0,559,106.0,26.5
ompi/request/request.c,115,0,0.0,48,0,0.0,10,0,0.0,0,'3.52941176470588',18.0,1.47058823529412,10,11,103,6,17,87,110,52,0,582,0,582,22.0,2.2
ompi/runtime/ompi_info_support.c,44,0,0.0,14,0,0.0,4,0,0.0,4,'3.5',21.5,1.0,8,1,28,3,4,21,8,35,0,574,0,574,10.0,2.5
ompi/runtime/ompi_mpi_abort.c,59,0,0.0,34,0,0.0,2,0,0.0,0,8,62.5,2.0,11,1,78,1,2,21,11,74,0,590,0,590,18.0,9.0
ompi/runtime/ompi_mpi_dynamics.c,20,0,0.0,6,0,0.0,3,0,0.0,0,'2.66666666666667',10.6666666666667,1.0,4,1,13,1,3,13,4,24,0,501,0,501,5.1,1.7
ompi/runtime/ompi_mpi_finalize.c,70,0,0.0,42,0,0.0,2,0,0.0,0,'7.5',104.5,1.5,22,1,202,1,2,30,22,123,0,724,0,724,15.0,7.5
ompi/runtime/ompi_mpi_init.c,147,0,0.0,86,0,0.0,3,0,0.0,1,'18.6666666666667',110.666666666667,3.0,31,1,303,40,3,54,31,189,0,723,0,723,56.1,18.7
ompi/runtime/ompi_mpi_params.c,180,0,0.0,92,0,0.0,2,0,0.0,1,'19.5',219.5,2.0,14,1,347,30,2,60,14,84,0,666,0,666,55.0,27.5
ompi/runtime/ompi_mpi_preconnect.c,22,0,0.0,12,0,0.0,1,0,0.0,0,6,41.0,1.0,2,1,41,0,1,4,2,28,0,626,0,626,7.0,7.0
ompi/tools/mpirun/main.c,75,0,0.0,18,0,0.0,4,0,0.0,0,'4.75',39.25,1.5,11,1,74,0,4,31,11,56,414,0,0,414,20.8,5.2
ompi/tools/ompi_info/ompi_info.c,89,0,0.0,68,0,0.0,1,0,0.0,0,20,357.0,1.5,16,2,575,2,2,40,32,41,0,622,0,622,25.0,25.0
ompi/tools/ompi_info/param.c,194,0,0.0,6,0,0.0,1,0,0.0,0,3,295.5,2.5,5,1,575,1,2,11,5,83,411,0,0,411,119.0,59.5
ompi/util/count_disp_array.h,24,0,0.0,4,0,0.0,6,0,0.0,0,'2.4',5.4,1.6,1,10,8,0,10,14,10,0,0,637,0,637,16.0,1.6
ompi/win/win.c,212,0,0.0,218,0,0.0,15,0,0.0,5,'3.76190476190476',18.047619047619,2.57142857142857,21,11,52,7,21,86,231,47,0,770,0,770,51.0,3.4
opal/class/opal_bitmap.c,180,82,0.456,114,39,0.342,18,9,0.5,0,'4.21052631578947',17.8421052631579,1.78947368421053,3,15,41,0,19,62,45,72,0,116,0,116,75.60000000000001,4.2
opal/class/opal_cstring.c,66,62,0.939,48,39,0.812,8,8,1.0,0,'2.66666666666667',12.4444444444444,1.77777777777778,2,5,32,0,9,20,10,24,0,140,0,140,31.2,3.9
opal/class/opal_fifo.c,9,9,1.0,2,1,0.5,1,1,1.0,0,2,8.0,2.5,3,2,15,0,2,10,6,21,0,213,0,213,1.0,1.0
opal/class/opal_free_list.c,165,99,0.6,98,44,0.449,6,5,0.833,45,'4.45',22.5,2.95,12,7,130,0,20,148,84,52,0,477,0,477,45.0,7.5
opal/class/opal_graph.c,275,0,0.0,148,0,0.0,24,0,0.0,1,'2.96875',16.75,1.90625,9,25,73,0,32,152,225,352,0,305,0,305,57.6,2.4
opal/class/opal_hotel.c,68,0,0.0,24,0,0.0,4,0,0.0,1,'3.25',18.0833333333333,2.58333333333333,6,11,47,0,12,59,66,24,0,131,0,131,15.2,3.8
opal/class/opal_interval_tree.c,503,0,0.0,246,0,0.0,42,0,0.0,1,'3.5',17.8695652173913,2.39130434782609,8,11,52,0,46,256,88,133,0,550,0,550,155.4,3.7
opal/class/opal_lifo.c,9,6,0.667,2,2,1.0,2,1,0.5,0,2,6.33333333333333,2.0,4,3,11,0,3,10,12,27,0,193,0,193,2.0,1.0
opal/class/opal_list.c,71,55,0.775,28,13,0.4639999999999999,8,7,0.875,0,'2.2',12.4,2.5,5,7,28,0,10,28,35,46,0,198,0,198,20.8,2.6
opal/class/opal_object.c,80,72,0.9,34,27,0.794,4,4,1.0,4,'2.77777777777778',20.4444444444444,1.11111111111111,3,4,88,7,9,38,12,59,0,110,0,110,20.0,5.0
opal/class/opal_pointer_array.c,159,113,0.711,186,95,0.511,8,6,0.75,0,3,29.2222222222222,2.44444444444444,4,5,58,0,9,42,20,101,0,215,0,215,53.1,5.9
opal/class/opal_rb_tree.c,279,198,0.71,112,65,0.58,17,14,0.8240000000000001,4,'3.18181818181818',19.8181818181818,2.13636363636364,6,11,61,0,22,120,66,90,0,455,0,455,74.1,3.9
opal/class/opal_ring_buffer.c,82,0,0.0,74,0,0.0,6,0,0.0,0,'2.125',14.5,1.75,2,8,27,0,8,45,16,35,0,247,0,247,21.0,3.5
opal/class/opal_value_array.c,27,24,0.889,10,7,0.7,3,3,1.0,0,'2.25',9.25,2.0,3,4,23,0,4,15,12,17,0,109,0,109,9.0,3.0
opal/datatype/opal_convertor.c,357,255,0.7140000000000001,190,118,0.621,18,15,0.833,66,'2.47222222222222',31.3611111111111,2.47222222222222,23,16,219,3,36,300,368,137,0,501,0,501,91.8,5.1
opal/datatype/opal_convertor_raw.c,146,128,0.877,94,67,0.713,2,2,1.0,0,15,118.0,4.5,11,1,219,0,2,30,11,40,0,430,0,430,25.0,12.5
opal/datatype/opal_copy_functions.c,15,0,0.0,150,0,0.0,15,0,0.0,0,0,0.0,0.0,0,0,0,1,0,0,0,52,0,461,0,461,0.0,0.0
opal/datatype/opal_datatype_add.c,182,142,0.78,112,81,0.723,4,4,1.0,7,2,82.75,2.75,10,1,319,0,4,38,10,133,0,111,0,111,56.0,14.0
opal/datatype/opal_datatype_clone.c,26,20,0.769,10,7,0.7,1,1,1.0,2,2,43.0,2.0,2,1,43,0,1,9,2,36,0,106,0,106,4.0,4.0
opal/datatype/opal_datatype_copy.c,54,18,0.3329999999999999,38,8,0.211,3,2,0.667,0,'6.83333333333333',50.8333333333333,5.0,15,6,137,0,6,50,90,50,0,525,0,525,21.0,7.0
opal/datatype/opal_datatype_create.c,66,61,0.924,18,13,0.722,4,4,1.0,0,'3.6',17.2,1.8,3,5,31,0,5,40,15,29,0,107,0,107,12.8,3.2
opal/datatype/opal_datatype_create_contiguous.c,9,9,1.0,2,2,1.0,1,1,1.0,0,3,15.0,3.0,5,1,15,0,1,9,5,20,0,99,0,99,2.0,2.0
opal/datatype/opal_datatype_destroy.c,8,7,0.875,10,4,0.4,1,1,1.0,0,3,12.0,1.0,2,1,12,0,1,4,2,19,0,102,0,102,3.0,3.0
opal/datatype/opal_datatype_dump.c,111,98,0.883,56,45,0.804,4,4,1.0,7,'7.75',41.25,2.75,12,1,55,0,4,44,12,32,0,143,0,143,32.0,8.0
opal/datatype/opal_datatype_fake_stack.c,94,0,0.0,30,0,0.0,1,0,0.0,0,10,149.0,3.0,12,1,149,0,1,35,12,44,0,409,0,409,11.0,11.0
opal/datatype/opal_datatype_get_count.c,137,41,0.299,58,18,0.31,4,2,0.5,1,'9.5',53.25,2.0,7,3,66,0,4,37,21,38,0,404,0,404,36.8,9.2
opal/datatype/opal_datatype_module.c,50,39,0.78,16,9,0.562,4,3,0.75,1,'4.66666666666667',39.3333333333333,1.0,10,1,62,39,3,36,10,62,0,408,0,408,12.8,3.2
opal/datatype/opal_datatype_monotonic.c,24,0,0.0,22,0,0.0,1,0,0.0,0,8,39.0,1.0,3,1,39,0,1,6,3,20,0,414,0,414,6.0,6.0
opal/datatype/opal_datatype_optimize.c,217,180,0.8290000000000001,102,74,0.725,2,2,1.0,0,'19.5',156.5,2.0,12,1,257,0,2,51,12,58,0,409,0,409,37.0,18.5
opal/datatype/opal_datatype_pack.c,314,244,0.777,208,110,0.529,9,5,0.556,0,'11.375',86.625,5.0,14,7,148,0,8,118,98,86,0,520,0,520,66.0,13.2
opal/datatype/opal_datatype_pack_unpack_predefined.h,112,36,0.321,1632,173,0.106,2,2,1.0,0,24,117.5,4.0,3,2,125,0,2,10,6,0,12,0,0,12,46.0,23.0
opal/datatype/opal_datatype_position.c,157,107,0.682,90,46,0.511,3,3,1.0,0,'11.3333333333333',90.0,4.66666666666667,12,1,172,0,3,37,12,57,0,422,0,422,30.0,10.0
opal/datatype/opal_datatype_resize.c,10,8,0.8,4,1,0.25,1,1,1.0,5,2,13.0,3.0,1,1,13,0,1,2,1,15,0,95,0,95,3.0,3.0
opal/datatype/opal_datatype_unpack.c,342,263,0.769,238,120,0.504,8,5,0.625,0,'12.625',91.375,5.25,16,5,173,0,8,121,80,114,0,547,0,547,67.0,13.4
opal/include/opal/sys/atomic_impl_minmax_math.h,28,0,0.0,16,0,0.0,4,0,0.0,0,3,8.0,2.0,0,4,11,0,8,12,0,0,0,554,0,554,20.0,2.5
opal/include/opal/sys/atomic_impl_ptr_cswap.h,12,12,1.0,0,0,,3,3,1.0,0,2,15.0,3.0,0,3,15,0,3,3,0,0,609,0,0,609,9.0,3.0
opal/include/opal/sys/atomic_impl_spinlock.h,16,16,1.0,4,4,1.0,4,4,1.0,0,'2.5',6.25,1.25,0,3,8,0,4,5,0,0,0,554,0,554,7.2,1.8
opal/include/opal/sys/gcc_builtin/atomic.h,44,39,0.8859999999999999,14,14,1.0,36,32,0.889,0,2,5.83333333333333,2.25,0,12,8,0,12,12,0,0,0,649,0,649,21.6,1.2
opal/mca/accelerator/base/accelerator_base_frame.c,6,4,0.667,0,0,,3,2,0.667,17,2,2.125,3.375,3,8,4,2,8,12,24,18,0,381,0,381,3.0,1.0
opal/mca/accelerator/null/accelerator_null_component.c,93,10,0.108,0,0,,38,5,0.132,0,2,4.86842105263158,2.63157894736842,3,38,8,3,38,48,114,40,0,393,0,393,38.0,1.0
opal/mca/allocator/base/allocator_base_frame.c,9,0,0.0,4,0,0.0,1,0,0.0,6,2,7.5,4.5,6,2,14,0,2,8,12,35,0,192,0,192,2.0,2.0
opal/mca/allocator/basic/allocator_basic.c,149,0,0.0,82,0,0.0,10,0,0.0,0,'2.36363636363636',19.9090909090909,2.18181818181818,6,4,61,1,11,41,24,99,0,478,0,478,28.0,2.8
opal/mca/allocator/bucket/allocator_bucket.c,40,0,0.0,10,0,0.0,6,0,0.0,0,'2.66666666666667',10.6666666666667,1.83333333333333,5,3,24,2,6,28,15,23,0,203,0,203,10.2,1.7
opal/mca/allocator/bucket/allocator_bucket_alloc.c,210,0,0.0,92,0,0.0,6,0,0.0,1,2,50.0,2.28571428571429,8,2,97,2,7,70,16,110,0,162,0,162,40.2,6.7
opal/mca/backtrace/execinfo/backtrace_execinfo.c,25,0,0.0,8,0,0.0,2,0,0.0,0,4,21.5,2.5,2,2,29,0,2,4,4,19,0,201,0,201,6.0,3.0
opal/mca/base/mca_base_alias.c,98,34,0.347,70,11,0.157,10,3,0.3,4,'2.57142857142857',11.4285714285714,2.0,5,9,42,1,14,42,45,22,0,445,0,445,26.0,2.6
opal/mca/base/mca_base_close.c,17,16,0.941,6,3,0.5,1,1,1.0,3,2,33.0,1.0,7,1,33,1,1,11,7,30,0,201,0,201,3.0,3.0
opal/mca/base/mca_base_cmd_line.c,88,0,0.0,50,0,0.0,5,0,0.0,1,'2.8',37.4,2.4,9,3,55,0,5,27,27,52,0,228,0,228,30.0,6.0
opal/mca/base/mca_base_component_compare.c,52,0,0.0,36,0,0.0,4,0,0.0,2,2,20.25,1.75,4,3,32,0,4,22,12,41,0,197,0,197,20.8,5.2
opal/mca/base/mca_base_component_repository.c,261,60,0.23,180,21,0.1169999999999999,15,7,0.467,7,'4.75',28.6666666666667,1.5,18,10,186,1,12,67,180,90,0,514,0,514,84.0,5.6
opal/mca/base/mca_base_components_close.c,31,29,0.935,22,14,0.636,4,4,1.0,51,2,16.0,2.25,5,1,24,0,4,19,5,27,0,212,0,212,8.0,2.0
opal/mca/base/mca_base_components_register.c,41,30,0.732,34,12,0.353,2,2,1.0,1,'4.5',56.5,1.5,6,1,97,0,2,17,6,53,0,218,0,218,8.0,4.0
opal/mca/base/mca_base_components_select.c,42,30,0.7140000000000001,30,13,0.433,1,1,1.0,7,2,109.0,6.0,5,1,109,0,1,7,5,46,0,387,0,387,8.0,8.0
opal/mca/base/mca_base_framework.c,160,118,0.738,110,54,0.491,10,9,0.9,26,'4.92307692307692',35.0,1.46153846153846,11,1,84,0,13,114,11,29,0,261,0,261,51.0,5.1
opal/mca/base/mca_base_list.c,8,4,0.5,0,0,,2,1,0.5,0,2,3.0,2.5,2,4,5,0,4,6,8,32,0,191,0,191,2.0,1.0
opal/mca/base/mca_base_open.c,113,60,0.531,56,17,0.304,3,2,0.667,8,8,72.0,1.33333333333333,11,1,109,8,3,39,11,49,0,421,0,421,33.900000000000006,11.3
opal/mca/base/mca_base_parse_paramfile.c,27,6,0.222,12,0,0.0,3,2,0.667,0,'3.33333333333333',15.0,1.66666666666667,3,1,34,2,3,18,3,24,0,386,0,386,8.100000000000001,2.7
opal/mca/base/mca_base_pvar.c,520,20,0.038,355,8,0.023,30,2,0.067,19,'2.3953488372093',22.4883720930233,2.41860465116279,17,13,156,5,43,260,221,101,0,603,0,603,186.0,6.2
opal/mca/base/mca_base_var.c,1192,410,0.344,755,203,0.2689999999999999,47,23,0.489,163,'8.04',41.08,3.3,33,8,251,26,50,393,264,227,0,828,0,828,427.7,9.1
opal/mca/base/mca_base_var_enum.c,466,38,0.0819999999999999,268,11,0.0409999999999999,29,3,0.103,38,'4.70588235294118',21.7647058823529,2.85294117647059,13,22,60,4,34,140,286,42,0,493,0,493,156.60000000000002,5.4
opal/mca/base/mca_base_var_group.c,288,198,0.688,232,105,0.4529999999999999,22,13,0.591,18,'3.625',20.375,2.25,13,5,103,5,24,99,65,40,0,543,0,543,103.4,4.7
opal/mca/btl/base/btl_base_error.c,20,0,0.0,2,0,0.0,4,0,0.0,7,'2.25',4.5,2.25,6,4,12,2,4,10,24,23,0,453,0,453,4.8,1.2
opal/mca/btl/base/btl_base_frame.c,39,0,0.0,8,0,0.0,5,0,0.0,13,'2.14285714285714',18.5714285714286,2.42857142857143,11,6,62,11,7,35,66,72,0,463,0,463,8.0,1.6
opal/mca/btl/base/btl_base_mca.c,84,0,0.0,30,0,0.0,2,0,0.0,11,2,92.5,1.5,3,1,151,0,2,7,3,32,0,461,0,461,18.0,9.0
opal/mca/btl/base/btl_base_select.c,70,0,0.0,56,0,0.0,1,0,0.0,2,2,63.5,3.0,12,2,126,0,2,22,24,42,0,479,0,479,21.0,21.0
opal/mca/btl/self/btl_self.c,104,0,0.0,38,0,0.0,10,0,0.0,2,'3.5',18.6,6.2,12,6,41,2,10,37,72,86,0,475,0,475,30.0,3.0
opal/mca/btl/self/btl_self_component.c,63,0,0.0,20,0,0.0,4,0,0.0,1,3,26.5,1.5,9,1,47,1,4,44,9,54,0,466,0,466,8.0,2.0
opal/mca/btl/self/btl_self_frag.c,22,0,0.0,0,0,,4,0,0.0,0,2,3.75,2.125,8,5,8,0,8,37,40,20,0,445,0,445,4.0,1.0
opal/mca/btl/sm/btl_sm.h,2,0,0.0,0,0,,1,0,0.0,8,'2.125',25.0,6.125,12,2,76,2,8,55,24,0,1,448,0,448,3.0,1.5
opal/mca/btl/sm/btl_sm_component.c,237,0,0.0,114,0,0.0,12,0,0.0,1,'4.75',37.0,1.66666666666667,26,1,129,1,12,143,26,77,0,723,0,723,44.400000000000006,3.7
opal/mca/btl/sm/btl_sm_fifo.h,53,0,0.0,16,0,0.0,5,0,0.0,0,'3.2',17.2,1.8,6,3,37,0,5,26,18,0,322,0,0,322,11.0,2.2
opal/mca/btl/sm/btl_sm_frag.c,14,0,0.0,2,0,0.0,2,0,0.0,1,'3.375',19.25,3.625,14,7,56,0,8,70,98,25,0,465,0,465,3.0,1.5
opal/mca/btl/sm/btl_sm_get.c,10,0,0.0,4,0,0.0,1,0,0.0,0,4,22.0,12.0,1,1,22,0,1,2,1,24,0,471,0,471,3.0,3.0
opal/mca/btl/sm/btl_sm_module.c,247,0,0.0,154,0,0.0,12,0,0.0,1,'5.38461538461539',31.6153846153846,2.84615384615385,25,7,86,1,13,126,175,116,0,689,0,689,63.6,5.3
opal/mca/btl/sm/btl_sm_put.c,10,0,0.0,4,0,0.0,1,0,0.0,0,4,22.0,12.0,1,1,22,0,1,2,1,24,0,471,0,471,3.0,3.0
opal/mca/btl/sm/btl_sm_send.c,25,0,0.0,18,0,0.0,1,0,0.0,0,6,39.0,4.0,7,1,39,0,1,17,7,35,0,586,0,586,6.0,6.0
opal/mca/btl/sm/btl_sm_sendi.c,39,0,0.0,24,0,0.0,1,0,0.0,0,11,76.0,10.0,7,1,76,0,1,12,7,40,0,589,0,589,13.0,13.0
opal/mca/btl/sm/btl_sm_virtual.h,10,0,0.0,0,0,,3,0,0.0,0,2,5.66666666666667,1.33333333333333,3,3,6,0,3,10,9,0,264,0,0,264,3.0,1.0
opal/mca/btl/smcuda/btl_smcuda.c,564,0,0.0,312,0,0.0,20,0,0.0,1,'7.44',58.76,3.52,55,16,257,2,25,391,880,267,0,703,0,703,140.70000000000002,6.7
opal/mca/btl/smcuda/btl_smcuda_accelerator.c,145,0,0.0,144,0,0.0,5,0,0.0,2,'8.8',44.0,1.8,10,1,62,9,5,66,10,37,0,563,0,563,39.0,7.8
opal/mca/btl/smcuda/btl_smcuda_component.c,465,0,0.0,255,0,0.0,19,0,0.0,5,'6.21052631578947',50.2105263157895,2.0,41,2,151,1,19,256,82,258,0,664,0,664,114.0,5.7
opal/mca/btl/smcuda/btl_smcuda_fifo.h,12,0,0.0,8,0,0.0,1,0,0.0,0,3,23.0,3.0,5,1,23,0,1,8,5,0,0,471,0,471,2.0,2.0
opal/mca/btl/smcuda/btl_smcuda_frag.c,28,0,0.0,2,0,0.0,4,0,0.0,0,2,4.5,2.125,9,5,14,0,8,43,45,22,0,464,0,464,4.8,1.2
opal/mca/btl/tcp/btl_tcp.c,283,0,0.0,140,0,0.0,14,0,0.0,6,'4.8',36.5333333333333,4.66666666666667,26,12,89,7,15,167,312,97,0,554,0,554,64.39999999999999,4.6
opal/mca/btl/tcp/btl_tcp_endpoint.c,424,0,0.0,280,0,0.0,16,0,0.0,7,'5.5',41.95,1.75,36,6,138,1,20,252,216,214,0,760,0,760,159.8,9.4
opal/mca/btl/tcp/btl_tcp_frag.c,169,0,0.0,100,0,0.0,6,0,0.0,2,2,23.4545454545455,2.54545454545455,20,11,158,0,11,73,220,46,0,511,0,511,49.8,8.3
opal/mca/btl/tcp/btl_tcp_proc.c,331,0,0.0,244,0,0.0,12,0,0.0,3,'8.64285714285714',42.0,2.28571428571429,25,10,145,0,14,137,250,140,0,656,0,656,86.4,7.2
opal/mca/common/sm/common_sm.c,110,0,0.0,44,0,0.0,7,0,0.0,3,'2.66666666666667',22.4444444444444,2.66666666666667,9,7,78,1,9,40,63,96,0,469,0,469,28.0,4.0
opal/mca/common/sm/common_sm_mpool.c,73,0,0.0,22,0,0.0,6,0,0.0,1,'2.5',18.6666666666667,1.66666666666667,17,1,60,0,6,57,17,49,0,469,0,469,13.8,2.3
opal/mca/dl/base/dl_base_close.c,2,0,0.0,0,0,,1,0,0.0,0,2,5.0,1.0,2,1,5,0,1,3,2,11,0,192,0,192,1.0,1.0
opal/mca/dl/base/dl_base_fns.c,21,13,0.619,16,6,0.375,4,3,0.75,1,2,9.0,3.25,2,4,11,0,4,12,8,15,0,195,0,195,12.0,3.0
opal/mca/dl/base/dl_base_open.c,2,2,1.0,0,0,,1,1,1.0,3,2,3.0,4.5,2,2,5,2,2,4,4,31,0,192,0,192,1.0,1.0
opal/mca/dl/base/dl_base_select.c,11,9,0.818,2,1,0.5,1,1,1.0,1,2,26.0,1.0,4,1,26,0,1,7,4,19,0,192,0,192,2.0,2.0
opal/mca/dl/dlopen/dl_dlopen_component.c,21,20,0.952,4,2,0.5,4,4,1.0,1,'2.5',10.5,1.25,6,2,19,2,4,19,12,30,0,194,0,194,6.0,1.5
opal/mca/dl/dlopen/dl_dlopen_module.c,126,95,0.754,80,43,0.5379999999999999,5,4,0.8,1,'8.6',42.6,3.4,8,4,99,1,5,20,32,39,0,240,0,240,41.0,8.2
opal/mca/hwloc/base/hwloc_base_frame.c,89,24,0.27,68,10,0.147,10,3,0.3,0,'3.07142857142857',11.2142857142857,2.14285714285714,9,11,31,6,14,45,99,36,0,377,0,377,25.0,2.5
opal/mca/hwloc/base/hwloc_base_maffinity.c,66,0,0.0,28,0,0.0,3,0,0.0,0,'2.33333333333333',33.6666666666667,3.0,7,1,43,1,3,17,7,22,0,330,0,330,18.0,6.0
opal/mca/hwloc/base/hwloc_base_util.c,298,0,0.0,262,0,0.0,10,0,0.0,0,'4.9',57.1,2.8,16,3,143,1,10,56,48,129,0,548,0,548,115.0,11.5
opal/mca/if/base/if_base_components.c,35,25,0.7140000000000001,16,2,0.125,4,3,0.75,0,'2.5',10.3333333333333,2.66666666666667,5,5,18,4,6,29,25,15,0,214,0,214,7.2,1.8
opal/mca/if/bsdx_ipv6/if_bsdx_ipv6.c,2,2,1.0,0,0,,1,1,1.0,0,10,125.0,1.0,7,1,125,1,1,18,7,56,0,191,0,191,12.0,12.0
opal/mca/if/posix_ipv4/if_posix.c,96,63,0.6559999999999999,66,27,0.409,2,2,1.0,0,13,121.0,1.0,7,1,226,1,2,20,7,72,0,258,0,258,36.0,18.0
opal/mca/installdirs/base/installdirs_base_components.c,67,66,0.985,72,54,0.75,2,2,1.0,0,'2.33333333333333',35.3333333333333,3.33333333333333,9,2,82,1,3,48,18,20,0,229,0,229,4.0,2.0
opal/mca/installdirs/base/installdirs_base_expand.c,54,45,0.833,88,53,0.602,3,2,0.667,1,'4.66666666666667',37.3333333333333,1.33333333333333,2,1,102,0,3,7,2,52,0,336,0,336,12.9,4.3
opal/mca/installdirs/env/opal_installdirs_env.c,19,19,1.0,68,17,0.25,1,1,1.0,0,2,22.0,1.0,0,1,22,1,1,1,0,15,0,225,0,225,1.0,1.0
opal/mca/memchecker/base/memchecker_base_select.c,2,2,1.0,0,0,,1,1,1.0,3,2,39.0,1.0,4,1,39,3,1,9,4,23,0,191,0,191,5.0,5.0
opal/mca/memory/base/memory_base_empty.c,6,0,0.0,0,0,,3,0,0.0,0,2,3.66666666666667,2.66666666666667,0,3,4,0,3,3,0,19,0,6,0,6,3.0,1.0
opal/mca/memory/base/memory_base_open.c,32,0,0.0,14,0,0.0,4,0,0.0,1,'2.6',10.8,2.4,6,4,38,2,5,16,24,43,0,196,0,196,8.8,2.2
opal/mca/mpool/base/mpool_base_alloc.c,52,0,0.0,24,0,0.0,3,0,0.0,0,5,27.0,1.66666666666667,8,2,49,0,3,25,16,50,0,443,0,443,12.0,4.0
opal/mca/mpool/base/mpool_base_default.c,17,3,0.176,4,0,0.0,4,1,0.25,13,3,14.0,2.5,2,3,26,2,4,7,6,13,0,416,0,416,11.2,2.8
opal/mca/mpool/base/mpool_base_frame.c,26,0,0.0,16,0,0.0,3,0,0.0,0,'2.8',13.8,3.0,7,3,29,3,5,19,21,48,0,440,0,440,6.9,2.3
opal/mca/mpool/base/mpool_base_lookup.c,22,0,0.0,10,0,0.0,2,0,0.0,4,2,19.5,1.0,9,2,24,0,2,15,18,22,0,414,0,414,5.0,2.5
opal/mca/mpool/base/mpool_base_tree.c,81,0,0.0,44,0,0.0,12,0,0.0,4,'2.28571428571429',9.14285714285714,1.35714285714286,10,4,27,6,14,56,40,71,0,470,0,470,24.0,2.0
opal/mca/mpool/hugepage/mpool_hugepage_component.c,108,0,0.0,78,0,0.0,5,0,0.0,0,9,57.8,1.4,15,1,120,3,5,51,15,55,0,456,0,456,49.8,8.3
opal/mca/mpool/hugepage/mpool_hugepage_module.c,111,0,0.0,42,0,0.0,10,0,0.0,1,'3.18181818181818',16.2727272727273,2.18181818181818,14,4,77,0,11,71,56,43,0,466,0,466,26.0,2.6
opal/mca/patcher/base/patcher_base_frame.c,36,0,0.0,38,0,0.0,3,0,0.0,2,'2.5',16.5,2.75,5,2,28,2,4,21,10,17,0,224,0,224,9.0,3.0
opal/mca/patcher/base/patcher_base_patch.c,32,0,0.0,2,0,0.0,7,0,0.0,1,'2.66666666666667',15.3333333333333,1.88888888888889,4,4,35,0,9,33,16,28,0,204,0,204,36.0,2.4
opal/mca/patcher/overwrite/patcher_overwrite_component.c,8,0,0.0,0,0,,2,0,0.0,0,2,8.0,1.5,4,1,10,2,2,9,4,10,0,192,0,192,2.0,1.0
opal/mca/patcher/overwrite/patcher_overwrite_module.c,49,0,0.0,22,0,0.0,4,0,0.0,1,'4.33333333333333',40.3333333333333,2.0,4,1,60,1,3,13,4,59,0,206,0,206,52.7,3.1
opal/mca/pmix/base/pmix_base_frame.c,27,17,0.63,20,0,0.0,4,3,0.75,2,'2.6',13.2,2.4,10,3,24,4,5,25,30,26,0,390,0,390,7.2,1.8
opal/mca/rcache/base/rcache_base_create.c,50,0,0.0,32,0,0.0,3,0,0.0,13,2,28.6666666666667,1.66666666666667,15,3,65,0,3,26,45,37,0,442,0,442,14.1,4.7
opal/mca/rcache/base/rcache_base_frame.c,30,0,0.0,18,0,0.0,6,0,0.0,9,'2.33333333333333',7.55555555555556,2.44444444444444,8,8,37,2,9,27,64,55,0,442,0,442,9.0,1.5
opal/mca/rcache/base/rcache_base_mem_cb.c,20,0,0.0,12,0,0.0,1,0,0.0,3,6,43.0,4.0,9,1,43,1,1,12,9,39,0,429,0,429,7.0,7.0
opal/mca/rcache/base/rcache_base_vma.c,45,0,0.0,14,0,0.0,10,0,0.0,5,'2.4375',11.875,2.9375,6,16,27,0,16,58,96,37,0,446,0,446,21.0,2.1
opal/mca/rcache/gpusm/rcache_gpusm_component.c,14,0,0.0,2,0,0.0,4,0,0.0,0,'2.25',6.75,1.0,2,4,15,1,4,6,8,33,0,424,0,424,4.8,1.2
opal/mca/rcache/gpusm/rcache_gpusm_module.c,86,0,0.0,34,0,0.0,8,0,0.0,1,'3.22222222222222',17.8888888888889,2.55555555555556,17,4,49,0,9,61,68,85,0,461,0,461,19.2,2.4
opal/mca/rcache/grdma/rcache_grdma_component.c,31,0,0.0,24,0,0.0,4,0,0.0,2,'2.75',15.25,1.0,8,1,39,1,4,25,8,36,0,442,0,442,8.0,2.0
opal/mca/rcache/rgpusm/rcache_rgpusm_component.c,28,0,0.0,2,0,0.0,4,0,0.0,0,'2.25',20.25,1.0,6,3,54,2,4,21,18,34,0,432,0,432,4.8,1.2
opal/mca/rcache/rgpusm/rcache_rgpusm_module.c,285,0,0.0,214,0,0.0,10,0,0.0,2,'2.8',54.4,2.3,15,1,290,0,10,143,15,191,0,598,0,598,59.0,5.9
opal/mca/reachable/base/reachable_base_alloc.c,25,0,0.0,12,0,0.0,3,0,0.0,0,'2.25',9.75,2.0,2,4,28,0,4,11,8,11,0,213,0,213,6.0,2.0
opal/mca/reachable/base/reachable_base_frame.c,6,6,1.0,0,0,,3,3,1.0,0,2,3.5,2.75,3,4,5,1,4,8,12,16,0,205,0,205,3.0,1.0
opal/mca/reachable/base/reachable_base_select.c,10,9,0.9,2,1,0.5,1,1,1.0,0,2,26.0,1.0,5,1,26,0,1,7,5,20,0,205,0,205,2.0,2.0
opal/mca/reachable/weighted/reachable_weighted.c,61,3,0.049,26,0,0.0,5,1,0.2,0,4,29.0,1.8,7,2,102,3,5,21,14,70,0,393,0,393,22.0,4.4
opal/mca/reachable/weighted/reachable_weighted_component.c,10,10,1.0,0,0,,4,4,1.0,0,2,5.0,1.25,1,4,6,2,4,5,4,39,0,369,0,369,4.0,1.0
opal/mca/shmem/base/shmem_base_close.c,8,8,1.0,4,2,0.5,1,1,1.0,0,2,13.0,1.0,4,1,13,0,1,7,4,22,0,194,0,194,3.0,3.0
opal/mca/shmem/base/shmem_base_open.c,4,4,1.0,2,1,0.5,1,1,1.0,1,2,11.5,4.5,2,2,22,1,2,5,4,36,0,193,0,193,2.0,2.0
opal/mca/shmem/base/shmem_base_select.c,63,42,0.667,40,16,0.4,3,2,0.667,5,'3.33333333333333',52.0,1.33333333333333,10,1,107,3,3,23,10,61,0,218,0,218,12.0,4.0
opal/mca/shmem/base/shmem_base_wrappers.c,25,0,0.0,10,0,0.0,5,0,0.0,14,2,8.0,1.6,2,5,8,0,5,20,10,25,0,197,0,197,10.0,2.0
opal/mca/shmem/mmap/shmem_mmap_component.c,31,23,0.742,8,4,0.5,5,4,0.8,1,'2.8',18.6,1.6,5,3,72,5,5,21,15,58,0,196,0,196,9.0,1.8
opal/mca/shmem/mmap/shmem_mmap_module.c,207,4,0.019,80,0,0.0,12,2,0.1669999999999999,1,'5.08333333333333',33.4166666666667,1.66666666666667,13,6,165,1,12,105,78,121,0,475,0,475,43.2,3.6
opal/mca/shmem/posix/shmem_posix_common_utils.c,16,8,0.5,10,2,0.2,1,1,1.0,2,6,48.0,2.0,4,1,48,0,1,5,4,46,0,379,0,379,5.0,5.0
opal/mca/shmem/posix/shmem_posix_component.c,38,20,0.526,12,4,0.3329999999999999,4,3,0.75,1,3,21.5,1.75,11,2,60,3,4,26,22,69,0,383,0,383,8.0,2.0
opal/mca/shmem/posix/shmem_posix_module.c,118,0,0.0,40,0,0.0,8,0,0.0,1,'4.125',31.625,1.375,10,6,105,1,8,85,60,101,0,436,0,436,22.4,2.8
opal/mca/shmem/sysv/shmem_sysv_component.c,45,28,0.622,20,8,0.4,4,3,0.75,1,'4.75',23.25,1.75,9,2,68,2,4,23,18,62,0,204,0,204,12.0,3.0
opal/mca/shmem/sysv/shmem_sysv_module.c,88,0,0.0,28,0,0.0,8,0,0.0,0,'3.375',25.5,1.375,9,6,87,1,8,80,54,83,0,421,0,421,16.0,2.0
opal/mca/smsc/accelerator/smsc_accelerator_component.c,36,0,0.0,20,0,0.0,5,0,0.0,0,'3.4',12.6,1.0,15,3,23,2,5,33,45,10,0,432,0,432,13.0,2.6
opal/mca/smsc/accelerator/smsc_accelerator_module.c,126,0,0.0,64,0,0.0,9,0,0.0,1,'3.9',18.5,3.1,17,2,46,1,10,93,34,9,0,465,0,465,36.9,4.1
opal/mca/smsc/base/smsc_base_frame.c,53,0,0.0,36,0,0.0,3,0,0.0,6,2,20.6,3.4,11,4,77,2,5,29,44,33,0,412,0,412,9.0,3.0
opal/mca/threads/base/create_join.c,22,15,0.682,4,2,0.5,6,4,0.667,0,'2.28571428571429',5.57142857142857,1.57142857142857,1,7,14,0,7,14,7,27,0,219,0,219,10.8,1.8
opal/mca/threads/base/mutex.c,36,11,0.306,4,1,0.25,9,2,0.222,0,2,5.45454545454545,1.63636363636364,1,11,13,1,11,18,11,29,0,142,0,142,10.8,1.2
opal/mca/threads/base/threads_base.c,2,2,1.0,0,0,,1,1,1.0,0,2,2.5,4.5,0,2,4,0,2,2,0,30,0,208,0,208,1.0,1.0
opal/mca/threads/base/tsd.c,53,0,0.0,36,0,0.0,5,0,0.0,2,'2.27272727272727',8.54545454545454,1.90909090909091,2,9,23,0,11,25,18,0,0,227,0,227,10.0,2.0
opal/mca/threads/base/wait_sync.c,54,0,0.0,34,0,0.0,3,0,0.0,0,'2.6',26.6,1.4,4,1,82,4,5,31,4,46,0,243,0,243,18.9,6.3
opal/mca/threads/pthreads/threads_pthreads_component.c,4,4,1.0,0,0,,2,2,1.0,0,2,4.0,1.0,2,2,4,1,2,5,4,25,0,209,0,209,2.0,1.0
opal/mca/threads/pthreads/threads_pthreads_condition.c,6,6,1.0,0,0,,2,2,1.0,0,2,3.0,2.0,0,3,5,0,3,3,0,20,0,143,0,143,2.0,1.0
opal/mca/threads/pthreads/threads_pthreads_module.c,21,0,0.0,12,0,0.0,2,0,0.0,0,2,20.0,1.5,1,2,34,0,2,3,2,25,0,227,0,227,9.0,4.5
opal/mca/threads/pthreads/threads_pthreads_mutex.h,43,18,0.419,18,5,0.278,10,4,0.4,0,'2.54545454545455',11.0909090909091,1.18181818181818,1,10,34,1,11,13,10,0,0,121,0,121,22.0,2.2
opal/mca/threads/pthreads/threads_pthreads_threads.h,3,0,0.0,0,0,,1,0,0.0,0,2,4.0,1.0,1,1,4,0,1,2,1,0,0,208,0,208,1.0,1.0
opal/mca/threads/pthreads/threads_pthreads_tsd.h,9,0,0.0,0,0,,3,0,0.0,0,2,5.0,1.66666666666667,1,3,5,0,3,6,3,0,3,0,0,3,5.1,1.7
opal/mca/threads/pthreads/threads_pthreads_yield.c,21,13,0.619,8,4,0.5,3,1,0.3329999999999999,1,'2.33333333333333',14.0,1.0,3,2,32,5,3,14,6,15,0,203,0,203,5.1,1.7
opal/mca/threads/thread_usage.h,11,5,0.455,22,3,0.136,10,3,0.3,0,2,5.0,1.0,0,1,5,1,1,2,0,0,0,81,0,81,1.0,1.0
opal/mca/threads/wait_sync.h,18,0,0.0,12,0,0.0,2,0,0.0,4,0,0.0,0.0,0,0,0,7,0,0,0,0,0,220,0,220,5.0,2.5
opal/mca/timer/base/timer_base_open.c,10,9,0.9,2,1,0.5,3,3,1.0,1,'2.25',6.5,2.75,3,4,10,1,4,8,12,30,0,196,0,196,3.9,1.3
opal/mca/timer/darwin/timer_darwin.h,15,11,0.733,4,3,0.75,2,2,1.0,0,'2.66666666666667',9.0,1.0,0,2,18,3,3,7,0,0,0,9,0,9,5.1,1.7
opal/mca/timer/darwin/timer_darwin_component.c,5,5,1.0,0,0,,1,1,1.0,0,2,10.0,1.0,1,1,10,4,1,4,1,57,0,195,0,195,1.0,1.0
opal/runtime/opal_finalize.c,24,8,0.3329999999999999,14,2,0.143,3,1,0.3329999999999999,14,'2.33333333333333',11.6666666666667,1.0,4,1,20,3,3,14,4,31,0,387,0,387,9.0,3.0
opal/runtime/opal_info_support.c,799,0,0.0,424,0,0.0,26,0,0.0,5,'8.17857142857143',43.1071428571429,2.28571428571429,39,7,171,37,28,258,273,115,764,0,0,764,257.40000000000003,9.9
opal/runtime/opal_init.c,61,40,0.6559999999999999,42,20,0.476,2,2,1.0,70,2,53.3333333333333,1.66666666666667,20,1,126,4,3,36,20,78,0,436,0,436,21.0,10.5
opal/runtime/opal_init_core.c,230,42,0.183,121,18,0.149,4,2,0.5,17,'19.75',109.5,1.75,20,1,223,3,4,35,20,109,0,423,0,423,98.0,24.5
opal/runtime/opal_params.c,14,12,0.857,4,2,0.5,2,2,1.0,3,2,20.5,1.0,2,1,37,1,2,7,2,34,0,374,0,374,7.0,3.5
opal/runtime/opal_params_core.c,172,119,0.6920000000000001,80,42,0.525,3,3,1.0,26,17,137.666666666667,2.0,10,1,310,23,3,48,10,94,0,425,0,425,48.900000000000006,16.3
opal/runtime/opal_progress.c,163,67,0.411,52,22,0.423,16,6,0.375,71,'2.82352941176471',22.1764705882353,1.41176470588235,5,1,47,13,17,96,5,98,0,428,0,428,60.8,3.8
opal/tools/wrappers/opal_wrapper.c,558,0,0.0,324,0,0.0,13,0,0.0,0,'12.5384615384615',63.5384615384615,1.53846153846154,21,1,437,5,13,129,21,209,0,673,0,673,180.7,13.9
opal/util/alfg.c,31,0,0.0,8,0,0.0,4,0,0.0,5,'2.75',16.25,1.25,1,1,28,1,4,14,1,64,0,10,0,10,8.8,2.2
opal/util/arch.c,72,39,0.542,28,7,0.25,6,5,0.833,33,'6.16666666666667',24.5,1.33333333333333,0,2,58,1,6,13,0,47,0,28,0,28,33.0,5.5
opal/util/argv.c,252,110,0.437,150,55,0.367,16,9,0.562,60,'2.6875',32.0625,2.3125,4,3,76,0,16,39,12,107,0,59,0,59,91.2,5.7
opal/util/basename.c,48,29,0.604,28,14,0.5,3,2,0.667,6,'8.33333333333333',33.3333333333333,1.33333333333333,2,1,42,0,3,8,2,35,0,21,0,21,27.0,9.0
opal/util/bipartite_graph.c,398,320,0.804,280,191,0.682,21,20,0.952,0,'4.34615384615385',28.8461538461538,2.53846153846154,7,6,103,0,26,133,42,175,0,382,0,382,122.4,5.1
opal/util/bit_ops.h,26,26,1.0,8,8,1.0,4,4,1.0,0,'4.25',18.75,1.25,0,4,26,0,4,4,0,0,0,0,0,0,16.8,4.2
opal/util/crc.c,796,15,0.019,324,5,0.015,7,1,0.143,0,'2.21428571428571',77.6428571428571,3.5,1,6,326,2,14,36,6,122,0,239,0,239,142.1,20.3
opal/util/ethtool.c,3,0,0.0,0,0,,1,0,0.0,0,6,41.0,1.0,2,1,41,0,1,3,2,16,0,6,0,6,7.0,7.0
opal/util/event.c,66,52,0.7879999999999999,26,17,0.654,5,4,0.8,0,'4.6',26.6,1.0,6,3,59,5,5,24,18,35,0,214,0,214,21.0,4.2
opal/util/fd.c,72,0,0.0,40,0,0.0,7,0,0.0,7,2,18.5714285714286,1.57142857142857,3,7,48,0,7,11,21,20,0,23,0,23,32.2,4.6
opal/util/few.c,16,0,0.0,10,0,0.0,1,0,0.0,1,8,47.0,2.0,0,1,47,0,1,1,0,23,0,13,0,13,8.0,8.0
opal/util/if.c,281,0,0.0,168,0,0.0,23,0,0.0,9,2,4.0625,1.9375,0,16,5,0,16,16,0,141,0,272,0,272,113.1,2.9
opal/util/info.c,188,0,0.0,196,0,0.0,21,0,0.0,0,'2.81481481481481',12.0740740740741,2.7037037037037,6,13,41,1,27,92,78,114,0,406,0,406,46.2,2.2
opal/util/keyval_parse.c,203,34,0.1669999999999999,107,11,0.103,10,4,0.4,5,'6.5',32.7,1.4,5,1,58,8,10,62,5,46,0,456,0,456,63.0,6.3
opal/util/malloc.c,71,16,0.225,32,3,0.094,7,2,0.286,0,2,14.5,2.66666666666667,3,3,27,2,6,20,9,47,0,389,0,389,28.8,3.6
opal/util/minmax.h,5,0,0.0,20,0,0.0,10,0,0.0,0,0,0.0,0.0,0,0,0,0,0,0,0,0,0,6,0,6,0.0,0.0
opal/util/net.c,105,25,0.238,54,10,0.185,10,2,0.2,11,2,5.5,1.1,0,10,21,0,10,10,0,62,0,409,0,409,72.0,3.6
opal/util/numtostr.c,26,0,0.0,8,0,0.0,2,0,0.0,0,4,20.0,1.0,1,2,20,0,2,4,2,19,0,15,0,15,6.0,3.0
opal/util/opal_environ.c,97,17,0.175,46,6,0.13,5,3,0.6,47,'7.2',43.6,2.0,3,3,105,1,5,16,9,71,0,43,0,43,33.0,6.6
opal/util/opal_getcwd.c,27,0,0.0,20,0,0.0,1,0,0.0,6,2,66.0,2.0,3,1,66,0,1,4,3,33,0,17,0,17,12.0,12.0
opal/util/os_dirpath.c,119,0,0.0,74,0,0.0,4,0,0.0,2,2,62.0,2.0,6,2,115,1,4,16,12,82,0,157,0,157,40.8,10.2
opal/util/os_path.c,46,0,0.0,30,0,0.0,1,0,0.0,13,2,69.0,2.0,0,1,69,1,1,2,0,22,0,29,0,29,13.0,13.0
opal/util/path.c,225,0,0.0,166,0,0.0,10,0,0.0,14,'3.1',47.8,2.3,7,3,161,0,10,37,21,183,0,169,0,169,114.0,11.4
opal/util/printf.c,30,9,0.3,8,1,0.125,4,2,0.5,89,'7.6',31.6,3.2,2,1,154,0,5,11,2,59,0,110,0,110,48.0,8.0
opal/util/proc.c,64,0,0.0,32,0,0.0,15,0,0.0,0,'2.31578947368421',5.73684210526316,1.63157894736842,5,16,16,15,19,38,80,41,0,389,0,389,25.5,1.7
opal/util/sha256.c,90,90,1.0,18,18,1.0,4,4,1.0,1,'2.75',28.0,2.0,3,2,45,1,4,21,6,31,0,196,0,196,12.8,3.2
opal/util/stacktrace.c,275,34,0.124,150,22,0.147,5,1,0.2,0,'2.25',34.25,1.0,6,3,120,6,4,20,18,97,0,486,0,486,159.0,31.8
opal/util/string_copy.c,10,10,1.0,6,5,0.833,1,1,1.0,43,2,24.0,3.0,1,1,24,0,1,2,1,16,0,8,0,8,3.0,3.0
opal/util/sys_limits.c,114,10,0.088,60,2,0.033,3,2,0.667,0,'15.3333333333333',66.3333333333333,1.66666666666667,4,2,135,1,3,14,8,43,0,137,0,137,45.0,15.0
opal/util/uri.c,73,0,0.0,30,0,0.0,3,0,0.0,0,2,41.6666666666667,1.66666666666667,4,3,56,1,3,12,12,39,0,126,0,126,18.0,6.0
test/asm/atomic_barrier.c,5,5,1.0,0,0,,1,1,1.0,0,2,12.0,2.0,0,1,12,0,1,1,0,23,0,27,0,27,1.0,1.0
test/asm/atomic_cmpset.c,145,137,0.945,150,78,0.52,2,2,1.0,0,'5.5',105.5,1.5,2,1,196,18,2,23,2,36,0,217,0,217,10.0,5.0
test/asm/atomic_math.c,154,73,0.474,62,34,0.5479999999999999,3,3,1.0,0,'12.3333333333333',82.6666666666667,1.66666666666667,2,1,197,3,3,14,2,28,0,104,0,104,54.0,18.0
test/class/opal_bitmap.c,166,149,0.898,78,44,0.564,13,13,1.0,0,'3.38461538461538',19.4615384615385,1.38461538461538,4,1,62,1,13,54,4,20,0,361,0,361,37.8,2.7
test/class/opal_cstring.c,142,136,0.958,230,115,0.5,1,1,1.0,0,7,213.0,2.0,2,1,213,0,1,6,2,21,0,410,0,410,6.0,6.0
test/class/opal_fifo.c,151,139,0.921,82,61,0.7440000000000001,4,4,1.0,0,'8.25',59.5,1.5,9,1,162,0,4,25,9,11,0,605,0,605,28.8,7.2
test/class/opal_lifo.c,105,94,0.895,60,41,0.6829999999999999,3,3,1.0,0,'7.66666666666667',56.0,1.66666666666667,9,1,131,0,3,22,9,10,0,569,0,569,20.1,6.7
test/class/opal_pointer_array.c,101,81,0.802,70,43,0.614,2,2,1.0,0,'13.5',72.0,1.5,5,1,132,0,2,17,5,33,0,345,0,345,25.0,12.5
test/class/opal_proc_table.c,71,58,0.8170000000000001,36,22,0.611,5,5,1.0,0,'4.8',28.2,1.4,8,1,67,4,5,39,8,39,0,542,0,542,33.0,5.5
test/class/opal_value_array.c,49,42,0.857,22,18,0.818,1,1,1.0,0,11,84.0,2.0,5,1,84,0,1,9,5,32,0,525,0,525,10.0,10.0
test/datatype/ddt_pack.c,314,223,0.71,162,81,0.5,2,2,1.0,0,'63.5',234.5,3.5,9,1,455,0,2,25,9,61,0,570,0,570,83.0,41.5
test/datatype/ddt_raw2.c,91,75,0.8240000000000001,34,21,0.618,2,2,1.0,0,'7.5',112.5,3.5,11,1,150,0,2,32,11,22,0,452,0,452,13.0,6.5
test/datatype/ddt_raw.c,211,191,0.905,218,111,0.509,3,3,1.0,0,'9.66666666666667',91.3333333333333,2.0,14,1,191,1,3,48,14,54,0,721,0,721,27.0,9.0
test/datatype/ddt_test.c,392,364,0.929,298,157,0.527,6,6,1.0,4,'10.5',85.1666666666667,2.5,13,1,226,1,6,77,13,56,0,858,0,858,57.0,9.5
test/datatype/external32.c,162,93,0.574,82,43,0.524,5,5,1.0,0,'9.4',45.6,4.8,12,1,98,1,5,45,12,14,0,492,0,492,46.0,9.2
test/datatype/large_data.c,93,54,0.581,26,10,0.385,2,2,1.0,0,'8.5',70.5,2.5,7,1,92,1,2,16,7,27,0,465,0,465,15.0,7.5
test/datatype/opal_datatype_test.c,568,476,0.838,388,213,0.5489999999999999,6,6,1.0,0,'15.6666666666667',122.5,2.5,15,1,244,1,6,89,15,60,0,910,0,910,91.8,15.3
test/datatype/opal_ddt_lib.c,279,214,0.767,112,64,0.5710000000000001,20,19,0.95,0,'2.875',22.0416666666667,2.33333333333333,19,14,69,3,24,194,266,55,0,258,0,258,70.4,3.2
test/datatype/partial.c,82,51,0.622,42,21,0.5,2,1,0.5,0,10,66.5,2.5,9,1,104,0,2,16,9,37,0,472,0,472,17.0,8.5
test/datatype/position_noncontig.c,120,92,0.767,54,32,0.593,5,5,1.0,0,'5.4',38.2,4.2,13,1,62,1,5,49,13,26,0,480,0,480,26.0,5.2
test/datatype/unpack_hetero.c,38,34,0.895,24,12,0.5,1,1,1.0,0,4,62.0,2.0,6,1,62,1,1,9,6,26,0,430,0,430,3.0,3.0
test/monitoring/check_monitoring.c,302,0,0.0,300,0,0.0,97,0,0.0,0,11,63.6666666666667,2.33333333333333,7,1,166,2,6,31,7,56,0,496,0,496,72.0,12.0
test/monitoring/example_reduce_count.c,80,0,0.0,30,0,0.0,1,0,0.0,0,18,116.0,2.0,14,1,116,3,1,19,14,11,0,42,0,42,18.0,18.0
test/monitoring/monitoring_test.c,217,0,0.0,100,0,0.0,1,0,0.0,0,49,320.0,2.0,13,1,320,6,1,21,13,93,0,109,0,109,55.0,55.0
test/monitoring/test_overhead.c,163,0,0.0,41,0,0.0,11,0,0.0,0,'3.72727272727273',23.1818181818182,3.72727272727273,5,1,92,5,11,63,5,30,0,84,0,84,38.5,3.5
test/monitoring/test_pvar_access.c,200,0,0.0,72,0,0.0,2,0,0.0,0,21,139.5,3.0,14,1,271,8,2,27,14,52,0,102,0,102,40.0,20.0
test/spc/spc_test.c,114,0,0.0,54,0,0.0,2,0,0.0,0,15,81.5,2.0,17,1,144,0,2,22,17,18,0,57,0,57,29.0,14.5
test/support/support.c,59,34,0.5760000000000001,22,11,0.5,11,8,0.727,0,'2.25',8.83333333333333,1.58333333333333,2,8,33,0,12,18,16,27,0,54,0,54,13.3,1.9
test/threads/opal_atomic_thread_bench.c,124,115,0.927,68,60,0.882,5,4,0.8,0,12,87.0,1.0,0,1,159,3,2,6,0,10,0,686,0,686,31.0,6.2
test/threads/opal_condition.c,51,49,0.961,12,8,0.667,3,3,1.0,0,3,27.3333333333333,1.33333333333333,5,1,43,5,3,26,5,22,0,532,0,532,6.0,2.0
test/threads/opal_thread.c,22,22,1.0,4,2,0.5,3,3,1.0,0,2,13.0,1.33333333333333,3,1,29,1,3,14,3,11,0,370,0,370,3.0,1.0
test/util/bipartite_graph.c,602,598,0.993,844,446,0.528,13,13,1.0,0,'4.30769230769231',75.3076923076923,1.15384615384615,5,1,367,2,13,87,5,141,0,804,0,804,68.89999999999999,5.3
test/util/opal_bit_ops.c,81,55,0.679,24,17,0.708,9,9,1.0,0,'3.33333333333333',19.1111111111111,1.33333333333333,4,1,45,0,9,39,4,27,0,286,0,286,27.0,3.0
test/util/opal_json.c,161,119,0.7390000000000001,57,32,0.561,8,8,1.0,0,'5.5',29.5,1.875,5,1,110,0,8,50,5,26,0,573,0,573,36.8,4.6
test/util/opal_path_nfs.c,11,5,0.455,4,1,0.25,1,1,1.0,0,4,17.0,2.0,1,1,17,0,1,2,1,63,0,248,0,248,35.2,8.8
test/util/opal_sha256.c,29,28,0.966,10,6,0.6,2,2,1.0,0,3,23.0,1.0,2,1,34,0,2,10,2,23,0,358,0,358,7.0,3.5
ompi/mca/coll/xhc/coll_xhc.h,24,0,0.0,10,0,0.0,4,0,0.0,26,2.0,1.0,1.0,0,2,1,176,2,2,0,0,1,633,1,632,8.8,2.2
ompi/mca/coll/ftagree/coll_ftagree_earlyreturning.c,1495,0,0.0,1111,0,0.0,59,0,0.0,21,0.0,47.9827586206897,2.56896551724138,53,14,252,91,58,681,742,336,6,1612,5,1607,432.0,7.2
ompi/mca/coll/han/coll_han.h,19,0,0.0,14,0,0.0,2,0,0.0,43,0.0,33.8,2.16,33,25,169,212,25,168,825,0,1,629,0,629,7.0,3.5
ompi/mca/pml/ob1/pml_ob1_hdr.h,115,0,0.0,11,0,0.0,10,0,0.0,54,0.0,17.2,6.0,12,2,44,54,10,66,24,0,0,600,0,600,45.6,3.8
opal/mca/btl/base/btl_base_am_rdma.c,622,0,0.0,382,0,0.0,41,0,0.0,9,0.0,23.5957446808511,4.87234042553191,20,10,95,56,47,362,200,164,0,848,0,848,164.0,4.0
ompi/mca/coll/base/coll_base_util.h,18,0,0.0,10,0,0.0,2,0,0.0,31,0,0,0,0,0,0,40,0,0,0,0,0,621,0,621,6.0,3.0
ompi/group/group.h,54,0,0.0,32,0,0.0,9,0,0.0,72,0.0,30.7254901960784,2.66666666666667,23,19,97,29,51,262,437,0,0,525,0,525,27.0,2.7
ompi/communicator/communicator.h,106,0,0.0,46,0,0.0,23,0,0.0,305,0.0,39.6363636363636,3.30909090909091,64,27,240,52,55,481,1728,0,0,548,0,548,50.0,2.0
opal/datatype/opal_copy_functions_heterogeneous.c,409,14,0.034,344,18,0.052,25,4,0.16,3,0.0,44.4,5.2,6,5,57,39,10,83,30,140,0,563,0,563,121.79999999999998,8.7
ompi/mca/osc/rdma/osc_rdma_types.h,10,0,0.0,0,0,,2,0,0.0,18,2.0,4.0,1.5,0,6,10,35,6,6,0,0,5,0,0,5,2.0,1.0
ompi/mca/bml/bml.h,96,0,0.0,24,0,0.0,16,0,0.0,43,0.0,9.8421052631579,3.6315789473684195,6,19,20,32,19,70,114,0,0,456,0,456,32.3,1.9
opal/datatype/opal_datatype_internal.h,6,6,1.0,2,2,1.0,1,1,1.0,80,0.0,23.75,2.75,9,4,41,26,4,30,36,0,6,0,0,6,2.0,2.0
ompi/mca/coll/libnbc/nbc_internal.h,105,0,0.0,62,0,0.0,11,0,0.0,37,0.0,17.6666666666667,3.85185185185185,31,15,69,38,27,138,465,0,10,676,6,670,49.2,4.1
ompi/mca/osc/rdma/osc_rdma.h,178,0,0.0,117,0,0.0,24,0,0.0,8,0.0,15.9259259259259,1.96296296296296,28,16,112,81,27,98,448,0,3,719,0,719,69.6,2.9
ompi/mca/osc/rdma/osc_rdma_sync.h,2,0,0.0,0,0,,1,0,0.0,7,2.0,1.0,1.0,0,1,1,25,1,1,0,0,0,551,0,551,1.0,1.0
opal/class/opal_hash_table.c,471,250,0.531,234,89,0.38,38,27,0.711,2,0.0,18.675,2.85,8,10,57,17,40,245,80,148,0,469,0,469,163.4,4.3
ompi/mca/osc/rdma/osc_rdma_peer.h,21,0,0.0,4,0,0.0,6,0,0.0,20,0,0,0,0,0,0,23,0,0,0,0,8,0,0,8,7.800000000000001,1.3
opal/mca/btl/smcuda/btl_smcuda.h,46,0,0.0,12,0,0.0,3,0,0.0,13,0,0,0,0,0,0,64,0,0,0,0,0,461,0,461,9.0,3.0
test/class/ompi_rb_tree.c,227,113,0.498,124,57,0.46,7,5,0.7140000000000001,63,0.0,36.5,1.875,9,2,126,11,8,42,18,26,0,655,0,655,63.0,9.0
ompi/mca/pml/pml.h,4,0,0.0,0,0,,2,0,0.0,73,2.0,4.0,1.0,1,1,4,35,2,6,1,0,0,469,0,469,2.0,1.0
test/datatype/ddt_lib.c,220,150,0.682,108,51,0.472,19,16,0.8420000000000001,10,0.0,17.5263157894737,1.52631578947368,17,10,54,14,19,140,170,55,0,571,0,571,45.6,2.4
opal/mca/btl/sm/btl_sm_fbox.h,159,0,0.0,72,0,0.0,11,0,0.0,1,0.0,27.1666666666667,2.16666666666667,21,2,86,13,12,121,42,0,300,3,5,295,37.4,3.4
ompi/dpm/dpm.c,1323,0,0.0,802,0,0.0,19,0,0.0,19,0.0,137.578947368421,2.52631578947368,39,9,825,12,19,158,351,364,0,2031,0,2031,276.0,13.8
opal/mca/smsc/smsc.h,7,0,0.0,6,0,0.0,2,0,0.0,32,0.0,4.33333333333333,1.0,1,2,8,18,3,8,2,0,0,370,0,370,5.0,2.5
opal/class/opal_lifo.h,51,49,0.961,18,16,0.889,7,7,1.0,5,0.0,12.0,1.33333333333333,4,5,36,8,9,40,20,0,0,190,0,190,28.8,2.4
ompi/communicator/ft/comm_ft_detector.c,336,0,0.0,218,0,0.0,13,0,0.0,6,0.0,45.0769230769231,1.76923076923077,21,1,118,37,13,203,21,80,5,821,10,811,89.7,6.9
ompi/op/op.h,100,0,0.0,44,0,0.0,6,0,0.0,44,0,0,0,0,0,0,29,0,0,0,0,0,447,0,447,28.0,4.0
ompi/request/request.h,68,0,0.0,62,0,0.0,7,0,0.0,133,0,0,0,0,0,0,26,0,0,0,0,2,469,1,468,28.0,4.0
ompi/mca/coll/han/coll_han_alltoallv.c,437,0,0.0,270,0,0.0,8,0,0.0,4,0.0,100.777777777778,6.44444444444444,23,2,290,13,9,75,46,164,2,818,3,815,114.3,12.7
ompi/datatype/ompi_datatype.h,75,34,0.4529999999999999,24,5,0.208,15,9,0.6,306,0.0,31.3207547169811,3.13207547169811,34,17,213,16,53,359,578,0,0,419,0,419,32.0,1.6
ompi/attribute/attribute.c,427,23,0.054,455,10,0.022,29,2,0.069,31,0.0,26.5405405405405,3.35135135135135,17,12,108,15,37,221,204,485,0,948,0,948,127.6,4.4
opal/class/opal_hash_table.h,2,2,1.0,0,0,,1,1,1.0,44,2.0,20.2857142857143,3.2857142857142896,8,28,50,14,28,167,224,0,0,369,0,369,1.0,1.0
opal/util/cmd_line.c,622,0,0.0,362,0,0.0,27,0,0.0,7,0.0,36.5161290322581,2.2903225806451606,12,13,263,17,31,198,156,275,0,486,0,486,194.4,7.2
ompi/mca/coll/accelerator/coll_accelerator.h,13,0,0.0,4,0,0.0,2,0,0.0,15,0.0,45.2666666666667,5.6,21,3,72,9,15,129,63,0,0,553,0,553,4.0,2.0
opal/class/opal_list.h,111,92,0.8290000000000001,52,25,0.481,12,10,0.833,32,0.0,21.0,1.70588235294118,4,12,44,7,17,61,48,0,0,179,0,179,34.8,2.9
ompi/mca/coll/libnbc/libdict/hb_tree.c,491,0,0.0,366,0,0.0,41,0,0.0,3,0.0,12.1451612903226,1.38709677419355,7,22,95,13,62,244,154,36,0,164,0,164,168.1,4.1
test/datatype/position.c,126,90,0.7140000000000001,56,31,0.5539999999999999,6,5,0.833,2,5.0,33.8333333333333,3.83333333333333,15,1,63,7,6,53,15,28,0,486,0,486,30.1,4.3
opal/datatype/opal_datatype.h,41,16,0.39,10,0,0.0,11,5,0.455,138,0.0,33.5333333333333,1.93333333333333,23,28,319,50,30,209,644,0,0,95,0,95,16.799999999999997,1.4
ompi/communicator/comm_cid.c,842,0,0.0,570,0,0.0,38,0,0.0,4,0.0,38.6666666666667,3.33333333333333,39,9,192,31,36,407,351,206,1,1052,0,1052,216.6,5.7
ompi/errhandler/errhandler.h,7,0,0.0,2,0,0.0,2,0,0.0,9,0,0,0,0,0,0,14,0,0,0,0,1,380,0,380,3.0,1.5
opal/mca/base/mca_base_pvar.h,17,0,0.0,8,0,0.0,7,0,0.0,22,0,0,0,0,0,0,28,0,0,0,0,0,191,0,191,11.2,1.6
ompi/communicator/comm.c,1344,0,0.0,854,0,0.0,39,0,0.0,5,0.0,60.45,4.125,50,6,240,6,40,415,300,521,2,1160,4,1156,303.0,10.1
test/datatype/to_self.c,340,0,0.0,94,0,0.0,15,0,0.0,0,0.0,32.3333333333333,3.93333333333333,8,1,75,8,15,61,8,18,0,170,0,170,61.49999999999999,4.1
opal/mca/rcache/grdma/rcache_grdma_module.c,272,0,0.0,152,0,0.0,22,0,0.0,3,0.0,21.3478260869565,1.9130434782608703,22,4,107,7,23,222,88,92,0,552,0,552,74.8,3.4
opal/mca/rcache/base/rcache_base_vma_tree.c,55,0,0.0,10,0,0.0,12,0,0.0,3,0.0,8.41666666666667,3.16666666666667,9,9,15,5,12,56,81,37,0,440,0,440,14.4,1.2
ompi/mca/pml/ob1/pml_ob1.h,36,0,0.0,16,0,0.0,3,0,0.0,14,0,0,0,0,0,0,36,0,0,0,0,0,657,0,657,14.0,3.5
ompi/attribute/attribute.h,9,0,0.0,4,0,0.0,1,0,0.0,12,0,0,0,0,0,0,21,0,0,0,0,0,372,0,372,3.0,3.0
test/datatype/unpack_ooo.c,180,96,0.5329999999999999,86,34,0.395,6,4,0.667,16,0.0,48.16666666666671,2.0,16,1,135,10,6,55,16,41,0,506,0,506,43.8,7.3
opal/mca/btl/tcp/btl_tcp_component.c,649,0,0.0,376,0,0.0,19,0,0.0,2,0.0,65.45,2.3,36,2,256,9,20,295,72,244,0,935,0,935,169.1,8.9
opal/mca/mpool/base/mpool_base_basic.c,36,0,0.0,10,0,0.0,5,0,0.0,4,0.0,12.4,2.2,2,5,27,7,5,19,10,17,0,425,0,425,8.0,1.6
opal/mca/pmix/base/pmix_base_fns.c,313,0,0.0,225,0,0.0,17,0,0.0,6,0.0,30.6,2.0,18,12,92,4,20,60,216,91,0,605,0,605,149.60000000000002,8.8
opal/mca/shmem/shmem_types.h,5,0,0.0,0,0,,1,0,0.0,7,2.0,9.0,1.0,1,1,9,6,1,2,1,0,0,7,0,7,1.0,1.0
opal/mca/threads/condition.h,29,19,0.655,10,6,0.6,3,2,0.667,0,0.0,16.6,1.6,2,5,42,3,5,9,10,0,0,143,0,143,20.8,5.2
opal/mca/base/mca_base_components_open.c,145,44,0.303,90,22,0.244,7,4,0.5710000000000001,31,0.0,32.6666666666667,1.55555555555556,12,5,127,5,9,48,60,101,0,253,0,253,34.300000000000004,4.9
opal/mca/base/mca_base_component_find.c,163,63,0.387,114,22,0.193,8,7,0.875,7,0.0,37.4285714285714,2.57142857142857,12,2,63,3,7,47,24,83,0,416,0,416,52.8,6.6
ompi/errhandler/errhandler.c,265,0,0.0,168,0,0.0,11,0,0.0,11,0.0,38.6428571428571,2.64285714285714,27,7,110,19,14,122,189,147,1,703,1,702,64.9,5.9
opal/mca/threads/mutex.h,14,6,0.429,0,0,,5,2,0.4,3,2.0,4.08333333333333,1.08333333333333,1,12,5,3,12,19,12,0,0,127,0,127,6.0,1.0
opal/mca/accelerator/base/accelerator_base_select.c,77,53,0.688,48,25,0.521,2,1,0.5,4,0.0,67.0,1.0,13,1,113,3,2,27,13,45,0,429,0,429,12.0,6.0
opal/mca/threads/tsd.h,9,0,0.0,4,0,0.0,1,0,0.0,1,0,0,0,0,0,0,8,0,0,0,0,0,185,0,185,2.0,2.0
opal/memoryhooks/memory.c,75,15,0.2,52,4,0.077,7,2,0.286,15,2.0,21.25,1.75,1,2,56,8,8,33,2,96,0,416,0,416,16.8,2.4
ompi/file/file.h,4,0,0.0,4,0,0.0,1,0,0.0,11,0,0,0,0,0,0,15,0,0,0,0,0,472,0,472,3.0,3.0
opal/runtime/opal.h,5,3,0.6,2,1,0.5,1,1,1.0,26,0.0,34.8571428571429,1.35714285714286,40,7,126,8,14,101,280,0,0,370,0,370,2.0,2.0
opal/runtime/opal_finalize_core.c,51,48,0.941,20,10,0.5,9,9,1.0,3,0.0,6.833333333333331,1.75,6,10,20,9,12,36,60,31,0,398,0,398,15.3,1.7
opal/datatype/opal_convertor.h,81,49,0.605,34,18,0.529,13,7,0.5379999999999999,39,0,0,0,0,0,0,27,0,0,0,0,0,395,0,395,33.6,2.4
opal/class/opal_value_array.h,45,23,0.511,14,3,0.214,7,5,0.7140000000000001,2,3.0,9.77777777777778,1.8888888888888902,2,6,23,5,9,37,12,0,0,106,0,106,14.7,2.1
opal/class/opal_rb_tree.h,2,2,1.0,0,0,,1,1,1.0,2,0,0,0,0,0,0,13,0,0,0,0,0,413,0,413,1.0,1.0
opal/class/opal_pointer_array.h,25,23,0.92,18,15,0.833,3,3,1.0,42,0.0,25.4444444444444,2.11111111111111,4,9,58,9,9,31,36,0,0,136,0,136,8.100000000000001,2.7
opal/class/opal_object.h,34,34,1.0,14,10,0.7140000000000001,5,5,1.0,8,0,0,0,0,0,0,11,0,0,0,0,0,94,0,94,10.0,2.0
opal/runtime/opal_progress_threads.c,131,0,0.0,92,0,0.0,10,0,0.0,15,0.0,19.6363636363636,1.45454545454545,5,4,60,12,11,71,20,44,0,280,0,280,35.0,3.5
opal/util/clock_gettime.h,4,0,0.0,0,0,,2,0,0.0,29,2.0,14.0,1.0,1,2,16,2,2,6,2,0,0,8,0,8,4.0,2.0
ompi/info/info.h,2,0,0.0,0,0,,1,0,0.0,13,0,0,0,0,0,0,5,0,0,0,0,0,189,0,189,1.0,1.0
opal/util/error.c,106,11,0.104,54,2,0.037,7,1,0.143,1,0.0,24.2857142857143,2.14285714285714,9,2,34,7,7,40,18,30,0,412,0,412,35.0,5.0
ompi/datatype/ompi_datatype_args.c,429,224,0.522,201,79,0.3929999999999999,9,6,0.667,3,0.0,57.9230769230769,3.07692307692308,13,8,165,9,13,83,104,118,0,584,0,584,134.39999999999998,11.2
ompi/instance/instance.h,5,0,0.0,4,0,0.0,1,0,0.0,9,0,0,0,0,0,0,11,0,0,0,0,0,495,0,495,3.0,3.0
opal/class/opal_free_list.h,80,18,0.225,40,5,0.125,9,4,0.444,33,0,0,0,0,0,0,21,0,0,0,0,0,412,0,412,28.8,3.2
ompi/mca/bml/base/base.h,9,0,0.0,8,0,0.0,1,0,0.0,0,0.0,15.0,1.25,10,4,44,8,4,21,40,0,1,481,0,481,3.0,3.0
opal/class/opal_fifo.h,70,69,0.986,32,31,0.969,6,6,1.0,1,0.0,16.5,1.3,5,2,78,4,10,53,10,0,0,211,0,211,40.7,3.7
opal/class/opal_bitmap.h,2,2,1.0,2,1,0.5,1,1,1.0,18,0.0,17.9473684210526,1.6842105263157903,5,18,41,4,19,65,90,0,0,98,0,98,5.0,2.5
ompi/win/win.h,14,0,0.0,12,0,0.0,3,0,0.0,4,0,0,0,0,0,0,15,0,0,0,0,4,548,0,548,10.0,2.5
ompi/runtime/ompi_rte.c,642,0,0.0,638,0,0.0,29,0,0.0,33,3.0,37.2758620689655,1.86206896551724,23,4,422,13,29,202,92,161,0,1025,0,1025,182.7,6.3
opal/util/info.h,3,0,0.0,0,0,,1,0,0.0,3,0,0,0,0,0,0,7,0,0,0,0,0,189,0,189,1.0,1.0
opal/util/info_subscriber.c,155,0,0.0,140,0,0.0,8,0,0.0,9,0.0,20.0,2.38461538461538,12,10,68,7,13,65,120,83,0,487,0,487,39.2,4.9
ompi/communicator/ft/comm_ft_propagator.c,38,0,0.0,18,0,0.0,5,0,0.0,5,3.0,11.8,1.6,7,1,19,5,5,22,7,21,1,571,0,571,11.0,2.2
ompi/communicator/ft/comm_ft.c,388,0,0.0,306,0,0.0,12,0,0.0,18,0.0,56.4615384615385,2.07692307692308,17,9,191,9,13,135,153,122,4,965,0,965,102.0,8.5
ompi/mpi/tool/mpit-internal.h,19,0,0.0,12,0,0.0,2,0,0.0,1,0.0,10.6666666666667,1.5,3,6,24,3,6,11,18,0,0,592,0,592,8.0,4.0
ompi/message/message.h,11,0,0.0,2,0,0.0,2,0,0.0,5,0,0,0,0,0,0,8,0,0,0,0,0,424,0,424,3.0,1.5
ompi/mca/topo/base/topo_base_dist_graph_create.c,205,0,0.0,100,0,0.0,4,0,0.0,6,2.0,58.6,4.8,10,4,246,2,5,40,40,45,2,634,0,634,47.2,11.8
ompi/communicator/comm_request.c,151,0,0.0,90,0,0.0,12,0,0.0,6,0.0,15.0,1.875,7,7,73,10,16,75,49,28,0,547,0,547,34.8,2.9
ompi/mca/pml/ob1/pml_ob1_sendreq.h,171,0,0.0,112,0,0.0,13,0,0.0,7,0,0,0,0,0,0,21,0,0,0,0,0,749,0,749,58.5,4.5
opal/util/json/3rd-party/json.c,488,275,0.564,368,154,0.418,10,9,0.9,2,0.0,14.4,2.5,5,9,95,23,10,33,45,35,0,135,0,135,206.0,20.6
ompi/mca/pml/ob1/pml_ob1_comm.h,8,0,0.0,4,0,0.0,1,0,0.0,13,0,0,0,0,0,0,16,0,0,0,0,0,661,0,661,3.0,3.0
opal/util/json/opal_json.c,183,151,0.825,80,44,0.55,14,14,1.0,1,0.0,18.0,2.35714285714286,11,6,52,2,14,74,66,10,0,38,0,38,50.4,3.6
ompi/mca/part/persist/part_persist.h,313,0,0.0,238,0,0.0,10,0,0.0,3,0,0,0,0,0,0,20,0,0,0,0,0,774,0,774,82.0,8.2
ompi/mca/part/base/part_base_select.c,91,0,0.0,64,0,0.0,1,0,0.0,6,2.0,173.0,2.0,17,1,173,3,1,24,17,54,0,533,0,533,19.0,19.0
opal/util/output.c,519,243,0.4679999999999999,322,118,0.366,23,14,0.609,1,0.0,34.75,2.125,7,4,170,32,24,214,28,179,0,536,0,536,184.0,8.0
opal/util/output.h,9,8,0.889,6,4,0.667,1,1,1.0,243,0.0,16.7647058823529,2.17647058823529,7,17,92,15,17,66,119,0,0,96,0,96,5.0,5.0
opal/util/show_help.c,125,94,0.752,46,20,0.435,12,8,0.667,100,0.0,16.0,2.35714285714286,13,1,42,7,14,63,13,61,3,427,5,422,36.0,3.0
ompi/mca/osc/rdma/osc_rdma_component.c,769,0,0.0,444,0,0.0,20,0,0.0,6,0.0,68.0,2.6,55,1,295,6,20,227,55,242,1,1284,2,1282,192.0,9.6
ompi/mca/osc/rdma/osc_rdma_active_target.c,307,0,0.0,254,0,0.0,14,0,0.0,1,0.0,39.0909090909091,2.13636363636364,13,13,86,2,22,121,169,100,1,1137,2,1135,64.39999999999999,4.6
ompi/mca/osc/rdma/osc_rdma_accumulate.c,645,0,0.0,398,0,0.0,21,0,0.0,0,0.0,51.57142857142859,9.47619047619048,23,1,229,12,21,175,23,106,1,1202,0,1202,197.4,9.4
test/asm/atomic_spinlock.c,55,41,0.745,22,15,0.682,4,4,1.0,1,0.0,22.25,2.5,4,1,44,4,4,14,4,21,0,50,0,50,15.2,3.8
ompi/mca/op/base/op_base_op_select.c,112,0,0.0,130,0,0.0,6,0,0.0,3,0.0,32.4285714285714,2.85714285714286,14,2,117,3,7,45,28,98,0,563,0,563,28.200000000000003,4.7
ompi/mca/io/base/io_base_delete.c,117,0,0.0,86,0,0.0,8,0,0.0,3,0.0,30.777777777777803,3.11111111111111,11,2,96,8,9,51,22,103,0,654,0,654,33.6,4.2
ompi/mca/hook/comm_method/hook_comm_method_fns.c,614,0,0.0,348,0,0.0,17,0,0.0,1,0.0,51.7058823529412,2.0,28,1,636,3,17,96,28,144,2,831,22,809,192.1,11.3
ompi/mca/fcoll/dynamic_gen2/fcoll_dynamic_gen2_file_write_all.c,975,0,0.0,408,0,0.0,7,0,0.0,6,0.0,234.285714285714,5.14285714285714,19,1,616,33,7,103,19,135,0,780,0,780,252.7,36.1
ompi/mca/fbtl/base/fbtl_base_file_select.c,61,0,0.0,54,0,0.0,2,0,0.0,8,2.0,68.0,2.33333333333333,9,3,195,3,3,16,27,128,0,628,0,628,14.0,7.0
ompi/mca/common/ompio/common_ompio_file_read_all.c,685,0,0.0,296,0,0.0,2,0,0.0,7,90.0,533.0,4.0,22,1,964,3,2,50,22,92,0,723,0,723,172.0,86.0
ompi/mca/common/monitoring/common_monitoring_coll.c,199,0,0.0,109,0,0.0,21,0,0.0,28,0.0,13.9090909090909,2.0,8,8,33,13,22,78,64,27,1,628,0,628,63.0,3.0
test/class/opal_hash_table.c,121,94,0.777,50,34,0.68,6,6,1.0,3,0.0,32.6666666666667,1.6666666666666703,8,1,59,9,6,46,8,42,0,578,0,578,28.8,4.8
3rd-party/treematch/tm_solution.c,291,0,0.0,132,0,0.0,19,0,0.0,6,0.0,23.7368421052632,3.5789473684210495,7,3,94,2,19,83,21,63,1,236,4,232,87.39999999999999,4.6
test/class/opal_list.c,206,176,0.8540000000000001,104,64,0.615,1,1,1.0,1,0.0,137.0,3.0,7,2,273,2,2,14,14,39,0,610,0,610,40.0,40.0
3rd-party/treematch/tm_mapping.c,264,0,0.0,136,0,0.0,18,0,0.0,3,0.0,21.8095238095238,2.85714285714286,12,11,72,3,21,71,132,49,6,285,7,278,108.0,5.4
3rd-party/treematch/tm_malloc.c,109,0,0.0,134,0,0.0,9,0,0.0,2,0.0,20.7777777777778,2.22222222222222,6,1,48,7,9,45,6,1,1,100,8,92,37.8,4.2
ompi/mca/coll/ftagree/coll_ftagree_earlyterminating.c,157,0,0.0,154,0,0.0,1,0,0.0,4,2.0,305.0,8.0,4,1,305,3,1,7,4,48,0,723,0,723,54.0,54.0
test/datatype/checksum.c,63,61,0.968,30,16,0.5329999999999999,1,1,1.0,1,4.0,126.0,2.0,10,1,126,2,1,17,10,41,0,487,0,487,4.0,4.0
test/datatype/reduce_local.c,455,0,0.0,1061,0,0.0,3,0,0.0,13,44.0,198.333333333333,4.0,6,1,540,8,3,26,6,19,0,1091,0,1091,137.10000000000002,45.7
ompi/mca/coll/base/coll_base_functions.h,15,0,0.0,12,0,0.0,1,0,0.0,2,0.0,5.09090909090909,1.64935064935065,15,77,142,21,77,113,1155,0,0,552,0,552,8.0,8.0
